nr;unternehmen;industriezweig;industriezweigSpeer;existiertHeute;standortNr;adresse;ort;stadtteil;adresseHeute;laenge;breite;verortung;verortungHinweis;speerSeite;datum;datumVon;datumBis;zwangsarbeiterart;gesamt;maennlich;weiblich
54;Ackermann Fahrzeugbau;Kraftfahrzeugindustrie;Fahrzeugbau;ja;1;Vohwinkeler Str. 87-93;Vohwinkel;Vohwinkel;;7.0439975;51.2165487;strassengenau;;514;13.8.1942;1942-08-13;1942-10-28;Ostarbeiter;50;49;1
54;Ackermann Fahrzeugbau;Kraftfahrzeugindustrie;Fahrzeugbau;ja;1;Vohwinkeler Str. 87-93;Vohwinkel;Vohwinkel;;7.0439975;51.2165487;strassengenau;;514;28.10.1942;1942-10-28;1943-04-27;Ostarbeiter;38;37;1
54;Ackermann Fahrzeugbau;Kraftfahrzeugindustrie;Fahrzeugbau;ja;1;Vohwinkeler Str. 87-93;Vohwinkel;Vohwinkel;;7.0439975;51.2165487;strassengenau;;514;27.4.1943;1943-04-27;1944-01-31;Ostarbeiter;30;29;1
54;Ackermann Fahrzeugbau;Kraftfahrzeugindustrie;Fahrzeugbau;ja;1;Vohwinkeler Str. 87-93;Vohwinkel;Vohwinkel;;7.0439975;51.2165487;strassengenau;;514;27.4.1943;1943-04-27;1945-05-08;Franzosen;5;;
54;Ackermann Fahrzeugbau;Kraftfahrzeugindustrie;Fahrzeugbau;ja;1;Vohwinkeler Str. 87-93;Vohwinkel;Vohwinkel;;7.0439975;51.2165487;strassengenau;;514;27.4.1943;1943-04-27;1945-05-08;Belgier;5;;
54;Ackermann Fahrzeugbau;Kraftfahrzeugindustrie;Fahrzeugbau;ja;1;Vohwinkeler Str. 87-93;Vohwinkel;Vohwinkel;;7.0439975;51.2165487;strassengenau;;514;31.1.1944;1944-01-31;1944-06-30;Deutsche;196;185;11
54;Ackermann Fahrzeugbau;Kraftfahrzeugindustrie;Fahrzeugbau;ja;1;Vohwinkeler Str. 87-93;Vohwinkel;Vohwinkel;;7.0439975;51.2165487;strassengenau;;514;31.1.1944;1944-01-31;1944-06-30;Westarbeiter;20;18;2
54;Ackermann Fahrzeugbau;Kraftfahrzeugindustrie;Fahrzeugbau;ja;1;Vohwinkeler Str. 87-93;Vohwinkel;Vohwinkel;;7.0439975;51.2165487;strassengenau;;514;31.1.1944;1944-01-31;1944-03-11;Ostarbeiter;64;57;7
54;Ackermann Fahrzeugbau;Kraftfahrzeugindustrie;Fahrzeugbau;ja;1;Vohwinkeler Str. 87-93;Vohwinkel;Vohwinkel;;7.0439975;51.2165487;strassengenau;;514;11.3.1944;1944-03-11;1944-06-30;Ostarbeiter;80;76;6
54;Ackermann Fahrzeugbau;Kraftfahrzeugindustrie;Fahrzeugbau;ja;1;Vohwinkeler Str. 87-93;Vohwinkel;Vohwinkel;;7.0439975;51.2165487;strassengenau;;514;30.6.1944;1944-06-30;1944-12-31;Deutsche;198;186;12
54;Ackermann Fahrzeugbau;Kraftfahrzeugindustrie;Fahrzeugbau;ja;1;Vohwinkeler Str. 87-93;Vohwinkel;Vohwinkel;;7.0439975;51.2165487;strassengenau;;514;30.6.1944;1944-06-30;1944-12-31;Westarbeiter;16;;
54;Ackermann Fahrzeugbau;Kraftfahrzeugindustrie;Fahrzeugbau;ja;1;Vohwinkeler Str. 87-93;Vohwinkel;Vohwinkel;;7.0439975;51.2165487;strassengenau;;514;30.6.1944;1944-06-30;1944-12-31;Ostarbeiter;75;68;7
54;Ackermann Fahrzeugbau;Kraftfahrzeugindustrie;Fahrzeugbau;ja;1;Vohwinkeler Str. 87-93;Vohwinkel;Vohwinkel;;7.0439975;51.2165487;strassengenau;;514;31.12.1944;1944-12-31;1945-05-08;Deutsche;178;166;12
54;Ackermann Fahrzeugbau;Kraftfahrzeugindustrie;Fahrzeugbau;ja;1;Vohwinkeler Str. 87-93;Vohwinkel;Vohwinkel;;7.0439975;51.2165487;strassengenau;;514;31.12.1944;1944-12-31;1945-05-08;Westarbeiter;24;23;1
54;Ackermann Fahrzeugbau;Kraftfahrzeugindustrie;Fahrzeugbau;ja;1;Vohwinkeler Str. 87-93;Vohwinkel;Vohwinkel;;7.0439975;51.2165487;strassengenau;;514;31.12.1944;1944-12-31;1945-05-08;Ostarbeiter;70;63;7
55;Jack Adams;Kraftfahrzeugindustrie;Autoreparatur;;1;Heckinghauser Str. 75;Barmen;Heckinghausen;;7.211779;51.2716284;hausgenau;;514–515;27.4.1943;1943-04-27;1945-05-08;Franzosen;;;
55;Jack Adams;Kraftfahrzeugindustrie;Autoreparatur;;1;Heckinghauser Str. 75;Barmen;Heckinghausen;;7.211779;51.2716284;hausgenau;;514–515;27.4.1943;1943-04-27;1945-05-08;Belgier;;;
56;Dr. Albert Alteköster vorm. „Almag AG“;Chemie;Düngerwerke;nein;1;Buchenhofener Str. 1;Sonnborn;Vohwinkel;;7.0897159;51.2358715;hausgenau;;514–515;;;1945-05-08;Kriegsgefangene;;;
57;G. & R. Alvermann;Maschinenbau;Maschinenfabrik;nein;1;Heckinghauser Str. 43 A;Barmen;Heckinghausen;;7.2083935;51.2714811;hausgenau;;514–515;28.10.1942;1942-10-28;1943-04-27;Ostarbeiter;4;0;4
57;G. & R. Alvermann;Maschinenbau;Maschinenfabrik;nein;1;Heckinghauser Str. 43 A;Barmen;Heckinghausen;;7.2083935;51.2714811;hausgenau;;514–515;27.4.1943;1943-04-27;1945-05-08;Ostarbeiter;7;0;7
58;Georg Arends;Gärtnerei;Staudengärtnerei;ja;1;Monschaustr. 74 A;Ronsdorf;Ronsdorf;;7.1914256;51.2312242;hausgenau;;514–515;23.01.1941;1941-01-23;1945-05-08;Kriegsgefangene;10;10;
59;Ludwig Attin;Metallindustrie;Stahlhandlung und Fassonschmiede;nein;1;Wasserstraße 15;Barmen;Barmen;;7.1841997;51.2669144;hausgenau;;514–515;31.10.1942;1942-10-31;1945-05-08;Deutsche;6;3;3
59;Ludwig Attin;Metallindustrie;Stahlhandlung und Fassonschmiede;nein;1;Wasserstraße 15;Barmen;Barmen;;7.1841997;51.2669144;hausgenau;;514–515;31.10.1942;1942-10-31;1945-05-08;Westarbeiter;1;1;
59;Ludwig Attin;Metallindustrie;Stahlhandlung und Fassonschmiede;nein;1;Wasserstraße 15;Barmen;Barmen;;7.1841997;51.2669144;hausgenau;;514–515;31.10.1942;1942-10-31;1944-07-05;Ostarbeiter;2;;
59;Ludwig Attin;Metallindustrie;Stahlhandlung und Fassonschmiede;nein;1;Wasserstraße 15;Barmen;Barmen;;7.1841997;51.2669144;hausgenau;;514–515;05.07.1944;1944-07-05;1945-05-08;Ostarbeiter;;;
60;Oswald Attin;Metallindustrie;Hammerwerk und Fassonschmiede;ja;1;Warndstraße 4;Barmen;Barmen;;7.1774824;51.2636833;strassengenau;;515;;;;;;;
61;Autohaus GmbH;Handel / Dienstleistungen;Opel-Autohaus, Handel und Reparatur;ja;1;Leimbacherstr. 85-87;Barmen;Barmen;;7.1926189;51.2792491;hausgenau;;515;27.4.1943;1943-04-27;1945-05-08;Franzosen;;;
62;J. L. Bacon;Handwerk;Heizungs- und Lüftungsanlagen;ja;1;Hofaue 4;Elberfeld;Elberfeld;;7.1563659;51.2566505;hausgenau;;515;27.4.1943;1943-04-27;1945-05-08;Belgier;;;
62;J. L. Bacon;Handwerk;Heizungs- und Lüftungsanlagen;ja;1;Hofaue 4;Elberfeld;Elberfeld;;7.1563659;51.2566505;hausgenau;;515;31.8.1943;1943-08-31;1945-05-08;Deutsche;19;19;
62;J. L. Bacon;Handwerk;Heizungs- und Lüftungsanlagen;ja;1;Hofaue 4;Elberfeld;Elberfeld;;7.1563659;51.2566505;hausgenau;;515;31.8.1943;1943-08-31;1945-05-08;Westarbeiter;3;;
63;Carl Beier;Metallindustrie;Sägenfabrik;nein;1;Oberheidter Str. 67;Cronenberg;Cronenberg;;7.1353278;51.1882722;hausgenau;;515;;;;;;;
64;Bangert & Co. „Klinker- und Ziegelwerk Uhlenbruch“;Ziegelei;;nein;1;Uhlenbruch 4;Nächstebreck;Oberbarmen;;7.2531106;51.3036527;hausgenau;;515;;;;;;;
65;Barmer Maschinenfabrik KG;Maschinenbau;Maschinenfabrik, Zweigwerk der Lenneper „Barmag“;ja;1;Mohrenstr. 12-28;Barmen;Heckinghausen;;7.2258854;51.2715279;strassengenau;;515;31.1.1944;1944-01-31;1945-05-08;Deutsche;77;51;26
65;Barmer Maschinenfabrik KG;Maschinenbau;Maschinenfabrik, Zweigwerk der Lenneper „Barmag“;ja;1;Mohrenstr. 12-28;Barmen;Heckinghausen;;7.2258854;51.2715279;strassengenau;;515;31.1.1944;1944-01-31;1945-05-08;Westarbeiter;74;74;
66;Bastfaser GmbH;Textilindustrie;Textilindustrie;nein;1;Auf der Bleiche 43;Barmen;Heckinghausen;;7.2262137;51.2723964;strassengenau;;516;31.3.1943;1943-03-31;1943-08-31;Deutsche;75;66;9
66;Bastfaser GmbH;Textilindustrie;Textilindustrie;nein;1;Auf der Bleiche 43;Barmen;Heckinghausen;;7.2262137;51.2723964;strassengenau;;516;31.3.1943;1943-03-31;1944-03-11;Westarbeiter;5;;
66;Bastfaser GmbH;Textilindustrie;Textilindustrie;nein;1;Auf der Bleiche 43;Barmen;Heckinghausen;;7.2262137;51.2723964;strassengenau;;516;31.8.1943;1943-08-31;1945-05-08;Deutsche;64;57;7
66;Bastfaser GmbH;Textilindustrie;Textilindustrie;nein;1;Auf der Bleiche 43;Barmen;Heckinghausen;;7.2262137;51.2723964;strassengenau;;516;11.3.1944;1944-03-11;1945-05-08;Westarbeiter;5;;
67;Carl Bauer;Metallindustrie;Schrauben- und Mutternfabrik;nein;1;Solinger Str. 28;Cronenberg;Cronenberg;;7.1235128;51.2045144;strassengenau;;516;8.5.1942;1942-05-08;1942-08-13;Ostarbeiter;15;0;5
67;Carl Bauer;Metallindustrie;Schrauben- und Mutternfabrik;nein;1;Solinger Str. 28;Cronenberg;Cronenberg;;7.1235128;51.2045144;strassengenau;;516;13.8.1942;1942-08-13;1942-10-28;Ostarbeiter;35;0;35
67;Carl Bauer;Metallindustrie;Schrauben- und Mutternfabrik;nein;1;Solinger Str. 28;Cronenberg;Cronenberg;;7.1235128;51.2045144;strassengenau;;516;28.10.1942;1942-10-28;1943-04-27;Ostarbeiter;34;0;34
67;Carl Bauer;Metallindustrie;Schrauben- und Mutternfabrik;nein;1;Solinger Str. 28;Cronenberg;Cronenberg;;7.1235128;51.2045144;strassengenau;;516;27.4.1943;1943-04-27;1944-03-11;Ostarbeiter;60;10;50
67;Carl Bauer;Metallindustrie;Schrauben- und Mutternfabrik;nein;1;Solinger Str. 28;Cronenberg;Cronenberg;;7.1235128;51.2045144;strassengenau;;516;11.3.1944;1944-03-11;1945-05-08;Ostarbeiter;128;28;100
67;Carl Bauer;Metallindustrie;Schrauben- und Mutternfabrik;nein;1;Solinger Str. 28;Cronenberg;Cronenberg;;7.1235128;51.2045144;strassengenau;;516;1943-04-27 00:00:00;;1945-05-08;Franzosen;;;
68;I.G. Farbenindustrie AG Werk Elberfeld;Chemie;vorm. Frdr. Bayer & Co.;ja;1;Friedrich-Ebert-Straße 217-333;Elberfeld;Elberfeld-West;;7.1164549;51.2492963;hausgenau;;516;27.4.1943;1943-04-27;1943-11-30;Ostarbeiter;18;0;18
68;I.G. Farbenindustrie AG Werk Elberfeld;Chemie;vorm. Frdr. Bayer & Co.;ja;1;Friedrich-Ebert-Straße 217-333;Elberfeld;Elberfeld-West;;7.1164549;51.2492963;hausgenau;;516;27.4.1943;1943-04-27;1945-05-08;Polen;;;
68;I.G. Farbenindustrie AG Werk Elberfeld;Chemie;vorm. Frdr. Bayer & Co.;ja;1;Friedrich-Ebert-Straße 217-333;Elberfeld;Elberfeld-West;;7.1164549;51.2492963;hausgenau;;516;27.4.1943;1943-04-27;1945-05-08;Franzosen;;;
68;I.G. Farbenindustrie AG Werk Elberfeld;Chemie;vorm. Frdr. Bayer & Co.;ja;1;Friedrich-Ebert-Straße 217-333;Elberfeld;Elberfeld-West;;7.1164549;51.2492963;hausgenau;;516;27.4.1943;1943-04-27;1945-05-08;Belgier;;;
68;I.G. Farbenindustrie AG Werk Elberfeld;Chemie;vorm. Frdr. Bayer & Co.;ja;1;Friedrich-Ebert-Straße 217-333;Elberfeld;Elberfeld-West;;7.1164549;51.2492963;hausgenau;;516;27.4.1943;1943-04-27;1945-05-08;Niederländer;;;
68;I.G. Farbenindustrie AG Werk Elberfeld;Chemie;vorm. Frdr. Bayer & Co.;ja;1;Friedrich-Ebert-Straße 217-333;Elberfeld;Elberfeld-West;;7.1164549;51.2492963;hausgenau;;516;27.4.1943;1943-04-27;1945-05-08;Sonstige;;;
68;I.G. Farbenindustrie AG Werk Elberfeld;Chemie;vorm. Frdr. Bayer & Co.;ja;1;Friedrich-Ebert-Straße 217-333;Elberfeld;Elberfeld-West;;7.1164549;51.2492963;hausgenau;;516;30.11.1943;1943-11-30;1944-07-31;Deutsche;1100;777;323
68;I.G. Farbenindustrie AG Werk Elberfeld;Chemie;vorm. Frdr. Bayer & Co.;ja;1;Friedrich-Ebert-Straße 217-333;Elberfeld;Elberfeld-West;;7.1164549;51.2492963;hausgenau;;516;30.11.1943;1943-11-30;1944-07-31;Westarbeiter;211;164;47
68;I.G. Farbenindustrie AG Werk Elberfeld;Chemie;vorm. Frdr. Bayer & Co.;ja;1;Friedrich-Ebert-Straße 217-333;Elberfeld;Elberfeld-West;;7.1164549;51.2492963;hausgenau;;516;30.11.1943;1943-11-30;1944-03-11;Ostarbeiter;47;10;37
68;I.G. Farbenindustrie AG Werk Elberfeld;Chemie;vorm. Frdr. Bayer & Co.;ja;1;Friedrich-Ebert-Straße 217-333;Elberfeld;Elberfeld-West;;7.1164549;51.2492963;hausgenau;;516;30.11.1943;1943-11-30;1944-07-31;Kriegsgefangene;2;;
68;I.G. Farbenindustrie AG Werk Elberfeld;Chemie;vorm. Frdr. Bayer & Co.;ja;1;Friedrich-Ebert-Straße 217-333;Elberfeld;Elberfeld-West;;7.1164549;51.2492963;hausgenau;;516;11.3.1944;1944-03-11;1944-07-31;Ostarbeiter;54;13;41
68;I.G. Farbenindustrie AG Werk Elberfeld;Chemie;vorm. Frdr. Bayer & Co.;ja;1;Friedrich-Ebert-Straße 217-333;Elberfeld;Elberfeld-West;;7.1164549;51.2492963;hausgenau;;516;31.7.1944;1944-07-31;1945-02-28;Deutsche;1117;777;340
68;I.G. Farbenindustrie AG Werk Elberfeld;Chemie;vorm. Frdr. Bayer & Co.;ja;1;Friedrich-Ebert-Straße 217-333;Elberfeld;Elberfeld-West;;7.1164549;51.2492963;hausgenau;;516;31.7.1944;1944-07-31;1945-05-08;Westarbeiter;191;141;50
68;I.G. Farbenindustrie AG Werk Elberfeld;Chemie;vorm. Frdr. Bayer & Co.;ja;1;Friedrich-Ebert-Straße 217-333;Elberfeld;Elberfeld-West;;7.1164549;51.2492963;hausgenau;;516;31.7.1944;1944-07-31;1945-05-08;Ostarbeiter;63;27;36
68;I.G. Farbenindustrie AG Werk Elberfeld;Chemie;vorm. Frdr. Bayer & Co.;ja;1;Friedrich-Ebert-Straße 217-333;Elberfeld;Elberfeld-West;;7.1164549;51.2492963;hausgenau;;516;31.7.1944;1944-07-31;1945-02-28;Kriegsgefangene;2;;
68;I.G. Farbenindustrie AG Werk Elberfeld;Chemie;vorm. Frdr. Bayer & Co.;ja;1;Friedrich-Ebert-Straße 217-333;Elberfeld;Elberfeld-West;;7.1164549;51.2492963;hausgenau;;516;28.2.1945;1945-02-28;1945-05-08;Deutsche;1044;713;331
68;I.G. Farbenindustrie AG Werk Elberfeld;Chemie;vorm. Frdr. Bayer & Co.;ja;1;Friedrich-Ebert-Straße 217-333;Elberfeld;Elberfeld-West;;7.1164549;51.2492963;hausgenau;;516;28.2.1945;1945-02-28;1945-05-08;Ausländer;244;161;83
68;I.G. Farbenindustrie AG Werk Elberfeld;Chemie;vorm. Frdr. Bayer & Co.;ja;1;Friedrich-Ebert-Straße 217-333;Elberfeld;Elberfeld-West;;7.1164549;51.2492963;hausgenau;;516;28.2.1945;1945-02-28;1945-05-08;Kriegsgefangene;2;;
69;Karl Becker;Metallindustrie;Muttern- und Schraubenfabrik;nein;1;Berghauser Str. 110-118;Cronenberg;Cronenberg;;7.1299246;51.1938682;hausgenau;;516;13.8.1942;1942-08-13;1942-10-28;Ostarbeiter;20;0;20
69;Karl Becker;Metallindustrie;Muttern- und Schraubenfabrik;nein;1;Berghauser Str. 110-118;Cronenberg;Cronenberg;;7.1299246;51.1938682;hausgenau;;516;28.10.1942;1942-10-28;1943-04-27;Ostarbeiter;28;0;28
69;Karl Becker;Metallindustrie;Muttern- und Schraubenfabrik;nein;1;Berghauser Str. 110-118;Cronenberg;Cronenberg;;7.1299246;51.1938682;hausgenau;;516;27.4.1943;1943-04-27;1944-03-11;Ostarbeiter;30;0;30
69;Karl Becker;Metallindustrie;Muttern- und Schraubenfabrik;nein;1;Berghauser Str. 110-118;Cronenberg;Cronenberg;;7.1299246;51.1938682;hausgenau;;516;27.4.1943;1943-04-27;1945-05-08;Niederländer;;;
69;Karl Becker;Metallindustrie;Muttern- und Schraubenfabrik;nein;1;Berghauser Str. 110-118;Cronenberg;Cronenberg;;7.1299246;51.1938682;hausgenau;;516;11.3.1944;1944-03-11;1945-05-08;Ostarbeiter;49;15;34
70;Gebr. Becker;Maschinenbau;Maschinenfabrik;ja;1;Gennebrecker Str. 8;Wichlinghausen;Oberbarmen;;7.216269;51.2893323;hausgenau;;516;13.8.1942;1942-08-13;1942-10-28;Ostarbeiter;20;0;20
70;Gebr. Becker;Maschinenbau;Maschinenfabrik;ja;1;Gennebrecker Str. 8;Wichlinghausen;Oberbarmen;;7.216269;51.2893323;hausgenau;;516;28.10.1942;1942-10-28;1943-04-27;Ostarbeiter;21;0;21
70;Gebr. Becker;Maschinenbau;Maschinenfabrik;ja;1;Gennebrecker Str. 8;Wichlinghausen;Oberbarmen;;7.216269;51.2893323;hausgenau;;516;27.4.1943;1943-04-27;1944-01-29;Ostarbeiter;35;0;35
70;Gebr. Becker;Maschinenbau;Maschinenfabrik;ja;1;Gennebrecker Str. 8;Wichlinghausen;Oberbarmen;;7.216269;51.2893323;hausgenau;;516;27.4.1943;1943-04-27;1945-05-08;Belgier;;;
70;Gebr. Becker;Maschinenbau;Maschinenfabrik;ja;1;Gennebrecker Str. 8;Wichlinghausen;Oberbarmen;;7.216269;51.2893323;hausgenau;;516;27.4.1943;1943-04-27;1945-05-08;Niederländer;;;
70;Gebr. Becker;Maschinenbau;Maschinenfabrik;ja;1;Gennebrecker Str. 8;Wichlinghausen;Oberbarmen;;7.216269;51.2893323;hausgenau;;516;29.1.1944;1944-01-29;1944-06-30;Deutsche;98;84;14
70;Gebr. Becker;Maschinenbau;Maschinenfabrik;ja;1;Gennebrecker Str. 8;Wichlinghausen;Oberbarmen;;7.216269;51.2893323;hausgenau;;516;29.1.1944;1944-01-29;1944-06-30;Westarbeiter;14;14;
70;Gebr. Becker;Maschinenbau;Maschinenfabrik;ja;1;Gennebrecker Str. 8;Wichlinghausen;Oberbarmen;;7.216269;51.2893323;hausgenau;;516;29.1.1944;1944-01-29;1944-03-11;Ostarbeiter;24;;24
70;Gebr. Becker;Maschinenbau;Maschinenfabrik;ja;1;Gennebrecker Str. 8;Wichlinghausen;Oberbarmen;;7.216269;51.2893323;hausgenau;;516;11.3.1944;1944-03-11;1944-06-30;Ostarbeiter;19;0;19
70;Gebr. Becker;Maschinenbau;Maschinenfabrik;ja;1;Gennebrecker Str. 8;Wichlinghausen;Oberbarmen;;7.216269;51.2893323;hausgenau;;516;30.6.1944;1944-06-30;1944-12-31;Deutsche;47;40;7
70;Gebr. Becker;Maschinenbau;Maschinenfabrik;ja;1;Gennebrecker Str. 8;Wichlinghausen;Oberbarmen;;7.216269;51.2893323;hausgenau;;516;30.6.1944;1944-06-30;1944-12-31;Westarbeiter;3;3;
70;Gebr. Becker;Maschinenbau;Maschinenfabrik;ja;1;Gennebrecker Str. 8;Wichlinghausen;Oberbarmen;;7.216269;51.2893323;hausgenau;;516;30.6.1944;1944-06-30;1944-12-31;Ostarbeiter;2;;2
70;Gebr. Becker;Maschinenbau;Maschinenfabrik;ja;1;Gennebrecker Str. 8;Wichlinghausen;Oberbarmen;;7.216269;51.2893323;hausgenau;;516;31.12.1944;1944-12-31;1945-05-08;Deutsche;84;71;13
70;Gebr. Becker;Maschinenbau;Maschinenfabrik;ja;1;Gennebrecker Str. 8;Wichlinghausen;Oberbarmen;;7.216269;51.2893323;hausgenau;;516;31.12.1944;1944-12-31;1945-05-08;Westarbeiter;11;11;
70;Gebr. Becker;Maschinenbau;Maschinenfabrik;ja;1;Gennebrecker Str. 8;Wichlinghausen;Oberbarmen;;7.216269;51.2893323;hausgenau;;516;31.12.1944;1944-12-31;1945-05-08;Ostarbeiter;31;;31
71;Ernst Beckmannshagen;Metallindustrie;Metallgießerei;nein;1;Spitzenstr. 15;Langerfeld;Langerfeld-Beyenburg;;7.24203;51.275074;hausgenau;;516;;;;;;;
72;Wilhelm Beiersmann;Metallindustrie;Schraubenfabrik und Fassondreherei;nein;1;Regentenstr. 49;Langerfeld;Langerfeld-Beyenburg;;7.2545648;51.2771835;hausgenau;;517;;;;;;;
73;Belzer-Werk;Metallindustrie;Werkzeuge für Automobil- und Flugwesen;nein;1;Hastener Str. 4;Cronenberg;Cronenberg;;7.1460225;51.2140982;hausgenau;;517;27.4.1943;1943-04-27;1945-05-08;Franzosen;;;
73;Belzer-Werk;Metallindustrie;Werkzeuge für Automobil- und Flugwesen;nein;1;Hastener Str. 4;Cronenberg;Cronenberg;;7.1460225;51.2140982;hausgenau;;517;27.4.1943;1943-04-27;1945-05-08;Niederländer;;;
74;J. P. Bemberg AG.;Textilindustrie;Textilfasern, Kunstfasern;nein;1;Oehder Str. 14-28;Barmen;Langerfeld-Beyenburg;;7.236577;51.264163;strassengenau;Nur straßengenau — über die Mitte der Nummern 16, 18, 28 verortet (3 von 8 aus dem Bereich 14–28);517;13.8.1942;1942-08-13;1942-10-28;Ostarbeiter;363;1;362
74;J. P. Bemberg AG.;Textilindustrie;Textilfasern, Kunstfasern;nein;1;Oehder Str. 14-28;Barmen;Langerfeld-Beyenburg;;7.236577;51.264163;strassengenau;Nur straßengenau — über die Mitte der Nummern 16, 18, 28 verortet (3 von 8 aus dem Bereich 14–28);517;28.10.1942;1942-10-28;1943-04-27;Ostarbeiter;421;0;421
74;J. P. Bemberg AG.;Textilindustrie;Textilfasern, Kunstfasern;nein;1;Oehder Str. 14-28;Barmen;Langerfeld-Beyenburg;;7.236577;51.264163;strassengenau;Nur straßengenau — über die Mitte der Nummern 16, 18, 28 verortet (3 von 8 aus dem Bereich 14–28);517;27.4.1943;1943-04-27;1944-03-11;Ostarbeiter;399;0;399
74;J. P. Bemberg AG.;Textilindustrie;Textilfasern, Kunstfasern;nein;1;Oehder Str. 14-28;Barmen;Langerfeld-Beyenburg;;7.236577;51.264163;strassengenau;Nur straßengenau — über die Mitte der Nummern 16, 18, 28 verortet (3 von 8 aus dem Bereich 14–28);517;27.4.1943;1943-04-27;1945-05-08;Franzosen;;;
74;J. P. Bemberg AG.;Textilindustrie;Textilfasern, Kunstfasern;nein;1;Oehder Str. 14-28;Barmen;Langerfeld-Beyenburg;;7.236577;51.264163;strassengenau;Nur straßengenau — über die Mitte der Nummern 16, 18, 28 verortet (3 von 8 aus dem Bereich 14–28);517;27.4.1943;1943-04-27;1945-05-08;Polen;;;
74;J. P. Bemberg AG.;Textilindustrie;Textilfasern, Kunstfasern;nein;1;Oehder Str. 14-28;Barmen;Langerfeld-Beyenburg;;7.236577;51.264163;strassengenau;Nur straßengenau — über die Mitte der Nummern 16, 18, 28 verortet (3 von 8 aus dem Bereich 14–28);517;27.4.1943;1943-04-27;1945-05-08;Belgier;;;
74;J. P. Bemberg AG.;Textilindustrie;Textilfasern, Kunstfasern;nein;1;Oehder Str. 14-28;Barmen;Langerfeld-Beyenburg;;7.236577;51.264163;strassengenau;Nur straßengenau — über die Mitte der Nummern 16, 18, 28 verortet (3 von 8 aus dem Bereich 14–28);517;27.4.1943;1943-04-27;1945-05-08;Niederländer;;;
74;J. P. Bemberg AG.;Textilindustrie;Textilfasern, Kunstfasern;nein;1;Oehder Str. 14-28;Barmen;Langerfeld-Beyenburg;;7.236577;51.264163;strassengenau;Nur straßengenau — über die Mitte der Nummern 16, 18, 28 verortet (3 von 8 aus dem Bereich 14–28);517;27.4.1943;1943-04-27;1945-05-08;Italiener;;;
74;J. P. Bemberg AG.;Textilindustrie;Textilfasern, Kunstfasern;nein;1;Oehder Str. 14-28;Barmen;Langerfeld-Beyenburg;;7.236577;51.264163;strassengenau;Nur straßengenau — über die Mitte der Nummern 16, 18, 28 verortet (3 von 8 aus dem Bereich 14–28);517;27.4.1943;1943-04-27;1945-05-08;Tschechen;;;
74;J. P. Bemberg AG.;Textilindustrie;Textilfasern, Kunstfasern;nein;1;Oehder Str. 14-28;Barmen;Langerfeld-Beyenburg;;7.236577;51.264163;strassengenau;Nur straßengenau — über die Mitte der Nummern 16, 18, 28 verortet (3 von 8 aus dem Bereich 14–28);517;27.4.1943;1943-04-27;1945-05-08;Sonstige;;;
74;J. P. Bemberg AG.;Textilindustrie;Textilfasern, Kunstfasern;nein;1;Oehder Str. 14-28;Barmen;Langerfeld-Beyenburg;;7.236577;51.264163;strassengenau;Nur straßengenau — über die Mitte der Nummern 16, 18, 28 verortet (3 von 8 aus dem Bereich 14–28);517;11.3.1944;1944-03-11;1944-07-31;Ostarbeiter;285;0;285
74;J. P. Bemberg AG.;Textilindustrie;Textilfasern, Kunstfasern;nein;1;Oehder Str. 14-28;Barmen;Langerfeld-Beyenburg;;7.236577;51.264163;strassengenau;Nur straßengenau — über die Mitte der Nummern 16, 18, 28 verortet (3 von 8 aus dem Bereich 14–28);517;31.7.1944;1944-07-31;1945-05-08;Ostarbeiter;279;;279
74;J. P. Bemberg AG.;Textilindustrie;Textilfasern, Kunstfasern;nein;1;Oehder Str. 14-28;Barmen;Langerfeld-Beyenburg;;7.236577;51.264163;strassengenau;Nur straßengenau — über die Mitte der Nummern 16, 18, 28 verortet (3 von 8 aus dem Bereich 14–28);517;31.7.1944;1944-07-31;1945-05-08;Westarbeiter;1428;571;857
74;J. P. Bemberg AG.;Textilindustrie;Textilfasern, Kunstfasern;nein;1;Oehder Str. 14-28;Barmen;Langerfeld-Beyenburg;;7.236577;51.264163;strassengenau;Nur straßengenau — über die Mitte der Nummern 16, 18, 28 verortet (3 von 8 aus dem Bereich 14–28);517;31.7.1944;1944-07-31;1945-05-08;kriegsgefangene Russen;57;;
74;J. P. Bemberg AG.;Textilindustrie;Textilfasern, Kunstfasern;nein;1;Oehder Str. 14-28;Barmen;Langerfeld-Beyenburg;;7.236577;51.264163;strassengenau;Nur straßengenau — über die Mitte der Nummern 16, 18, 28 verortet (3 von 8 aus dem Bereich 14–28);517;31.7.1944;1944-07-31;1945-05-08;andere Kriegsgefangene;238;;
75;Bemetall-Werk GmbH;NE-Metallindustrie;Aluminiumfabrik;nein;1;Thüringer Str. 9;Barmen;Langerfeld-Beyenburg;;7.2505143;51.2750325;hausgenau;;518;27.4.1943;1943-04-27;1945-05-08;Niederländer;;;
76;Kurt Berger;Kraftfahrzeugindustrie;Autoreifen;unbekannt;1;Neumarktstaße 25-27;Elberfeld;Elberfeld;;7.1429057;51.2576673;strassengenau;;518;;;;;;;
77;Hans Berger;Kraftfahrzeugindustrie;Bereifungen und Vulkanisierbetrieb;unbekannt;1;Barmer Str. 34;Elberfeld;Elberfeld;;7.159736;51.2555751;strassengenau;;518;27.4.1943;1943-04-27;1945-05-08;Niederländer;;;
78;Emil Berges;Handel / Dienstleistungen;Getränkegroßhandlung;nein;1;Oberbergische Str. 197;Barmen;Barmen;;7.1846179;51.2482669;strassengenau;;518;;;;;;;
79;Bergische Gasmesserfabrik GmbH;Metallindustrie;;nein;1;Höfen 84 a;Barmen;Oberbarmen;;7.2344833;51.2762918;hausgenau;;518;13.8.1942;1942-08-13;1942-10-28;Ostarbeiter;19;0;19
79;Bergische Gasmesserfabrik GmbH;Metallindustrie;;nein;1;Höfen 84 a;Barmen;Oberbarmen;;7.2344833;51.2762918;hausgenau;;518;28.10.1942;1942-10-28;1943-04-27;Ostarbeiter;18;0;18
79;Bergische Gasmesserfabrik GmbH;Metallindustrie;;nein;1;Höfen 84 a;Barmen;Oberbarmen;;7.2344833;51.2762918;hausgenau;;518;27.4.1943;1943-04-27;1945-05-08;Ostarbeiter;26;0;26
79;Bergische Gasmesserfabrik GmbH;Metallindustrie;;nein;1;Höfen 84 a;Barmen;Oberbarmen;;7.2344833;51.2762918;hausgenau;;518;11.3.1944;1944-03-11;1945-05-08;;;;
80;Bergisches Kabelwerk;Elektrotechnik;Bergisches Kabelwerk Ernst Möllmann;nein;1;Wartburgstr. 118 a;Barmen;Barmen;;7.1805968;51.2651614;strassengenau;;518;11.3.1944;1944-03-11;1945-05-08;Ostarbeiter;11;0;11
81;AGEB - Aktiengesellschaft für Bergwerksbedarf;Metallindustrie;Bergwerksbedarf;nein;1;Hirtenstr. 1-3;Elberfeld;Elberfeld;;;;ohne;;518;13.8.1942;1942-08-13;1942-10-28;Ostarbeiter;13;13;0
81;AGEB - Aktiengesellschaft für Bergwerksbedarf;Metallindustrie;Bergwerksbedarf;nein;1;Hirtenstr. 1-3;Elberfeld;Elberfeld;;;;ohne;;518;28.10.1942;1942-10-28;1943-04-27;Ostarbeiter;13;13;0
81;AGEB - Aktiengesellschaft für Bergwerksbedarf;Metallindustrie;Bergwerksbedarf;nein;1;Hirtenstr. 1-3;Elberfeld;Elberfeld;;;;ohne;;518;27.4.1943;1943-04-27;1944-03-11;Ostarbeiter;13;12;1
81;AGEB - Aktiengesellschaft für Bergwerksbedarf;Metallindustrie;Bergwerksbedarf;nein;1;Hirtenstr. 1-3;Elberfeld;Elberfeld;;;;ohne;;518;27.4.1943;1943-04-27;1945-05-08;Belgier;;;
81;AGEB - Aktiengesellschaft für Bergwerksbedarf;Metallindustrie;Bergwerksbedarf;nein;1;Hirtenstr. 1-3;Elberfeld;Elberfeld;;;;ohne;;518;11.3.1944;1944-03-11;1945-05-08;Ostarbeiter;14;14;0
82;Ferdinand Berns;Metallindustrie;Gesenkschmiede;nein;1;Theishahnerstr. 112;Küllenhahn;Küllenhahn;;7.1484554;51.2260722;strassengenau;;518;13.8.1942;1942-08-13;1942-10-28;Ostarbeiter;5;4;0
82;Ferdinand Berns;Metallindustrie;Gesenkschmiede;nein;1;Theishahnerstr. 112;Küllenhahn;Küllenhahn;;7.1484554;51.2260722;strassengenau;;518;28.10.1942;1942-10-28;1943-04-27;Ostarbeiter;4;4;0
82;Ferdinand Berns;Metallindustrie;Gesenkschmiede;nein;1;Theishahnerstr. 112;Küllenhahn;Küllenhahn;;7.1484554;51.2260722;strassengenau;;518;27.4.1943;1943-04-27;1945-05-08;Ostarbeiter;3;3;0
83;Otto Berns;Metallindustrie;Schrauben, Muttern und Beschläge;nein;1;Cronenbergerstr. 325 a;Elberfeld;Elberfeld;;7.147599;51.231541;strassengenau;Nur straßengenau — über die Nachbarnummer 325 verortet, „325 a“ ist heute nicht mehr vergeben;518;13.8.1942;1942-08-13;1942-10-28;Ostarbeiter;5;5;0
83;Otto Berns;Metallindustrie;Schrauben, Muttern und Beschläge;nein;1;Cronenbergerstr. 325 a;Elberfeld;Elberfeld;;7.147599;51.231541;strassengenau;Nur straßengenau — über die Nachbarnummer 325 verortet, „325 a“ ist heute nicht mehr vergeben;518;28.10.1942;1942-10-28;1943-04-27;Ostarbeiter;3;3;0
83;Otto Berns;Metallindustrie;Schrauben, Muttern und Beschläge;nein;1;Cronenbergerstr. 325 a;Elberfeld;Elberfeld;;7.147599;51.231541;strassengenau;Nur straßengenau — über die Nachbarnummer 325 verortet, „325 a“ ist heute nicht mehr vergeben;518;27.4.1943;1943-04-27;1944-07-05;Ostarbeiter;6;6;0
83;Otto Berns;Metallindustrie;Schrauben, Muttern und Beschläge;nein;1;Cronenbergerstr. 325 a;Elberfeld;Elberfeld;;7.147599;51.231541;strassengenau;Nur straßengenau — über die Nachbarnummer 325 verortet, „325 a“ ist heute nicht mehr vergeben;518;5.7.1944;1944-07-05;1945-05-08;Ostarbeiter;;;
84;Robert Birkelbach GmbH;Metallindustrie;Maschinen- und Werkzeugfabrik;nein;1;Friedrich-Ebert-Straße 123 d;Elberfeld;Elberfeld-West;;7.1300621;51.2507619;hausgenau;;518;13.8.1942;1942-08-13;1942-10-28;Ostarbeiter;30;30;0
84;Robert Birkelbach GmbH;Metallindustrie;Maschinen- und Werkzeugfabrik;nein;1;Friedrich-Ebert-Straße 123 d;Elberfeld;Elberfeld-West;;7.1300621;51.2507619;hausgenau;;518;28.10.1942;1942-10-28;1943-04-27;Ostarbeiter;40;40;0
84;Robert Birkelbach GmbH;Metallindustrie;Maschinen- und Werkzeugfabrik;nein;1;Friedrich-Ebert-Straße 123 d;Elberfeld;Elberfeld-West;;7.1300621;51.2507619;hausgenau;;518;27.4.1943;1943-04-27;1944-01-31;Ostarbeiter;37;37;0
84;Robert Birkelbach GmbH;Metallindustrie;Maschinen- und Werkzeugfabrik;nein;1;Friedrich-Ebert-Straße 123 d;Elberfeld;Elberfeld-West;;7.1300621;51.2507619;hausgenau;;518;31.1.1944;1944-01-31;1944-06-30;Deutsche;121;115;6
84;Robert Birkelbach GmbH;Metallindustrie;Maschinen- und Werkzeugfabrik;nein;1;Friedrich-Ebert-Straße 123 d;Elberfeld;Elberfeld-West;;7.1300621;51.2507619;hausgenau;;518;31.1.1944;1944-01-31;1944-06-30;Westarbeiter;2;1;1
84;Robert Birkelbach GmbH;Metallindustrie;Maschinen- und Werkzeugfabrik;nein;1;Friedrich-Ebert-Straße 123 d;Elberfeld;Elberfeld-West;;7.1300621;51.2507619;hausgenau;;518;31.1.1944;1944-01-31;1944-03-11;Ostarbeiter;33;33;0
84;Robert Birkelbach GmbH;Metallindustrie;Maschinen- und Werkzeugfabrik;nein;1;Friedrich-Ebert-Straße 123 d;Elberfeld;Elberfeld-West;;7.1300621;51.2507619;hausgenau;;518;31.1.1944;1944-01-31;1945-05-08;Kriegsgefangene;3;;
84;Robert Birkelbach GmbH;Metallindustrie;Maschinen- und Werkzeugfabrik;nein;1;Friedrich-Ebert-Straße 123 d;Elberfeld;Elberfeld-West;;7.1300621;51.2507619;hausgenau;;518;11.3.1944;1944-03-11;1944-06-30;Ostarbeiter;35;35;0
84;Robert Birkelbach GmbH;Metallindustrie;Maschinen- und Werkzeugfabrik;nein;1;Friedrich-Ebert-Straße 123 d;Elberfeld;Elberfeld-West;;7.1300621;51.2507619;hausgenau;;518;30.6.1944;1944-06-30;1944-12-31;Deutsche;105;100;5
84;Robert Birkelbach GmbH;Metallindustrie;Maschinen- und Werkzeugfabrik;nein;1;Friedrich-Ebert-Straße 123 d;Elberfeld;Elberfeld-West;;7.1300621;51.2507619;hausgenau;;518;30.6.1944;1944-06-30;1944-12-31;Westarbeiter;3;2;1
84;Robert Birkelbach GmbH;Metallindustrie;Maschinen- und Werkzeugfabrik;nein;1;Friedrich-Ebert-Straße 123 d;Elberfeld;Elberfeld-West;;7.1300621;51.2507619;hausgenau;;518;30.6.1944;1944-06-30;1944-12-31;Ostarbeiter;32;32;0
84;Robert Birkelbach GmbH;Metallindustrie;Maschinen- und Werkzeugfabrik;nein;1;Friedrich-Ebert-Straße 123 d;Elberfeld;Elberfeld-West;;7.1300621;51.2507619;hausgenau;;518;31.12.1944;1944-12-31;1945-05-08;Deutsche;119;85;34
84;Robert Birkelbach GmbH;Metallindustrie;Maschinen- und Werkzeugfabrik;nein;1;Friedrich-Ebert-Straße 123 d;Elberfeld;Elberfeld-West;;7.1300621;51.2507619;hausgenau;;518;31.12.1944;1944-12-31;1945-05-08;Westarbeiter;5;3;2
84;Robert Birkelbach GmbH;Metallindustrie;Maschinen- und Werkzeugfabrik;nein;1;Friedrich-Ebert-Straße 123 d;Elberfeld;Elberfeld-West;;7.1300621;51.2507619;hausgenau;;518;31.12.1944;1944-12-31;1945-05-08;Ostarbeiter;41;41;0
85;Birkenbeil & Schmidt;Handel / Dienstleistungen;Fleischwarenimport;nein;1;Viehhofstr. 115;Elberfeld;Elberfeld;;7.1331103;51.2451642;hausgenau;;518;;;;;;;
87;Gebrüder Birker;Metallindustrie;Beitel- und Hobeleisenfabrik;nein;1;Heidestr. 39;Cronenberg;Cronenberg;;7.1380579;51.2140361;hausgenau;;519;27.4.1943;1943-04-27;1945-05-08;Ostarbeiter;10;10;0
88;Fahrradwerke Bismarck A.G.;Fahrradindustrie;"(Niederlassung Ronsdorf; Stammsitz: Radevormwald-Bergerhof)";nein;1;Ascheweg 14;Ronsdorf;Ronsdorf;;7.2017262;51.2270691;hausgenau;;519;08.05.1942;1942-05-08;1942-08-13;Ostarbeiter;20;20;0
88;Fahrradwerke Bismarck A.G.;Fahrradindustrie;"(Niederlassung Ronsdorf; Stammsitz: Radevormwald-Bergerhof)";nein;1;Ascheweg 14;Ronsdorf;Ronsdorf;;7.2017262;51.2270691;hausgenau;;519;13.8.1942;1942-08-13;1942-10-28;Ostarbeiter;70;20;50
88;Fahrradwerke Bismarck A.G.;Fahrradindustrie;"(Niederlassung Ronsdorf; Stammsitz: Radevormwald-Bergerhof)";nein;1;Ascheweg 14;Ronsdorf;Ronsdorf;;7.2017262;51.2270691;hausgenau;;519;28.10.1942;1942-10-28;1943-04-27;Ostarbeiter;70;20;50
88;Fahrradwerke Bismarck A.G.;Fahrradindustrie;"(Niederlassung Ronsdorf; Stammsitz: Radevormwald-Bergerhof)";nein;1;Ascheweg 14;Ronsdorf;Ronsdorf;;7.2017262;51.2270691;hausgenau;;519;27.4.1943;1943-04-27;1944-01-31;Ostarbeiter;69;19;50
88;Fahrradwerke Bismarck A.G.;Fahrradindustrie;"(Niederlassung Ronsdorf; Stammsitz: Radevormwald-Bergerhof)";nein;1;Ascheweg 14;Ronsdorf;Ronsdorf;;7.2017262;51.2270691;hausgenau;;519;27.4.1943;1943-04-27;1945-05-08;Franzosen;;;
88;Fahrradwerke Bismarck A.G.;Fahrradindustrie;"(Niederlassung Ronsdorf; Stammsitz: Radevormwald-Bergerhof)";nein;1;Ascheweg 14;Ronsdorf;Ronsdorf;;7.2017262;51.2270691;hausgenau;;519;27.4.1943;1943-04-27;1945-05-08;Niederländer;;;
88;Fahrradwerke Bismarck A.G.;Fahrradindustrie;"(Niederlassung Ronsdorf; Stammsitz: Radevormwald-Bergerhof)";nein;1;Ascheweg 14;Ronsdorf;Ronsdorf;;7.2017262;51.2270691;hausgenau;;519;31.1.1944;1944-01-31;1944-06-30;Deutsche;129;38;91
88;Fahrradwerke Bismarck A.G.;Fahrradindustrie;"(Niederlassung Ronsdorf; Stammsitz: Radevormwald-Bergerhof)";nein;1;Ascheweg 14;Ronsdorf;Ronsdorf;;7.2017262;51.2270691;hausgenau;;519;31.1.1944;1944-01-31;1944-06-30;Westarbeiter;37;;
88;Fahrradwerke Bismarck A.G.;Fahrradindustrie;"(Niederlassung Ronsdorf; Stammsitz: Radevormwald-Bergerhof)";nein;1;Ascheweg 14;Ronsdorf;Ronsdorf;;7.2017262;51.2270691;hausgenau;;519;31.1.1944;1944-01-31;1944-03-11;Ostarbeiter;81;28;53
88;Fahrradwerke Bismarck A.G.;Fahrradindustrie;"(Niederlassung Ronsdorf; Stammsitz: Radevormwald-Bergerhof)";nein;1;Ascheweg 14;Ronsdorf;Ronsdorf;;7.2017262;51.2270691;hausgenau;;519;11.3.1944;1944-03-11;1944-06-30;Ostarbeiter;85;29;56
88;Fahrradwerke Bismarck A.G.;Fahrradindustrie;"(Niederlassung Ronsdorf; Stammsitz: Radevormwald-Bergerhof)";nein;1;Ascheweg 14;Ronsdorf;Ronsdorf;;7.2017262;51.2270691;hausgenau;;519;30.6.1944;1944-06-30;1944-12-31;Deutsche;124;39;85
88;Fahrradwerke Bismarck A.G.;Fahrradindustrie;"(Niederlassung Ronsdorf; Stammsitz: Radevormwald-Bergerhof)";nein;1;Ascheweg 14;Ronsdorf;Ronsdorf;;7.2017262;51.2270691;hausgenau;;519;30.6.1944;1944-06-30;1944-12-31;Westarbeiter;12;;
88;Fahrradwerke Bismarck A.G.;Fahrradindustrie;"(Niederlassung Ronsdorf; Stammsitz: Radevormwald-Bergerhof)";nein;1;Ascheweg 14;Ronsdorf;Ronsdorf;;7.2017262;51.2270691;hausgenau;;519;30.6.1944;1944-06-30;1944-12-31;Ostarbeiter;62;27;35
88;Fahrradwerke Bismarck A.G.;Fahrradindustrie;"(Niederlassung Ronsdorf; Stammsitz: Radevormwald-Bergerhof)";nein;1;Ascheweg 14;Ronsdorf;Ronsdorf;;7.2017262;51.2270691;hausgenau;;519;31.12.1944;1944-12-31;1945-05-08;Deutsche;109;35;74
88;Fahrradwerke Bismarck A.G.;Fahrradindustrie;"(Niederlassung Ronsdorf; Stammsitz: Radevormwald-Bergerhof)";nein;1;Ascheweg 14;Ronsdorf;Ronsdorf;;7.2017262;51.2270691;hausgenau;;519;31.12.1944;1944-12-31;1945-05-08;Westarbeiter;6;;
88;Fahrradwerke Bismarck A.G.;Fahrradindustrie;"(Niederlassung Ronsdorf; Stammsitz: Radevormwald-Bergerhof)";nein;1;Ascheweg 14;Ronsdorf;Ronsdorf;;7.2017262;51.2270691;hausgenau;;519;31.12.1944;1944-12-31;1945-05-08;Ostarbeiter;45;24;21
89;Block & Vaupel;Maschinenbau;Maschinenfabrik;nein;1;Heckinghauser Str. 143 a;Barmen;Barmen;;7.219219;51.271377;strassengenau;Nur straßengenau — über die Nachbarnummer 143 verortet, „143 a“ ist heute nicht mehr vergeben;519;31.10.1942;1942-10-31;1945-05-08;Deutsche;19;18;1
89;Block & Vaupel;Maschinenbau;Maschinenfabrik;nein;1;Heckinghauser Str. 143 a;Barmen;Barmen;;7.219219;51.271377;strassengenau;Nur straßengenau — über die Nachbarnummer 143 verortet, „143 a“ ist heute nicht mehr vergeben;519;31.10.1942;1942-10-31;1945-05-08;Westarbeiter;1;1;
89;Block & Vaupel;Maschinenbau;Maschinenfabrik;nein;1;Heckinghauser Str. 143 a;Barmen;Barmen;;7.219219;51.271377;strassengenau;Nur straßengenau — über die Nachbarnummer 143 verortet, „143 a“ ist heute nicht mehr vergeben;519;31.10.1942;1942-10-31;1945-05-08;Kriegsgefangene;5;;
90;C. Blumhardt;Kraftfahrzeugindustrie;Fördermittel- und Eisenbauwerk (Fahrzeugfabrik);nein;1;Vohwinkeler Str. 156-160;Vohwinkel;Vohwinkel;;7.0570419;51.2255605;hausgenau;;519;13.8.1942;1942-08-13;1942-10-28;Ostarbeiter;30;0;30
90;C. Blumhardt;Kraftfahrzeugindustrie;Fördermittel- und Eisenbauwerk (Fahrzeugfabrik);nein;1;Vohwinkeler Str. 156-160;Vohwinkel;Vohwinkel;;7.0570419;51.2255605;hausgenau;;519;28.10.1942;1942-10-28;1943-04-27;Ostarbeiter;53;0;53
90;C. Blumhardt;Kraftfahrzeugindustrie;Fördermittel- und Eisenbauwerk (Fahrzeugfabrik);nein;1;Vohwinkeler Str. 156-160;Vohwinkel;Vohwinkel;;7.0570419;51.2255605;hausgenau;;519;27.4.1943;1943-04-27;1944-01-31;Ostarbeiter;52;0;52
90;C. Blumhardt;Kraftfahrzeugindustrie;Fördermittel- und Eisenbauwerk (Fahrzeugfabrik);nein;1;Vohwinkeler Str. 156-160;Vohwinkel;Vohwinkel;;7.0570419;51.2255605;hausgenau;;519;27.4.1943;1943-04-27;1945-05-08;Polen;;;
90;C. Blumhardt;Kraftfahrzeugindustrie;Fördermittel- und Eisenbauwerk (Fahrzeugfabrik);nein;1;Vohwinkeler Str. 156-160;Vohwinkel;Vohwinkel;;7.0570419;51.2255605;hausgenau;;519;27.4.1943;1943-04-27;1945-05-08;Franzosen;;;
90;C. Blumhardt;Kraftfahrzeugindustrie;Fördermittel- und Eisenbauwerk (Fahrzeugfabrik);nein;1;Vohwinkeler Str. 156-160;Vohwinkel;Vohwinkel;;7.0570419;51.2255605;hausgenau;;519;27.4.1943;1943-04-27;1945-05-08;Belgier;;;
90;C. Blumhardt;Kraftfahrzeugindustrie;Fördermittel- und Eisenbauwerk (Fahrzeugfabrik);nein;1;Vohwinkeler Str. 156-160;Vohwinkel;Vohwinkel;;7.0570419;51.2255605;hausgenau;;519;31.1.1944;1944-01-31;1944-06-30;Deutsche;158;124;34
90;C. Blumhardt;Kraftfahrzeugindustrie;Fördermittel- und Eisenbauwerk (Fahrzeugfabrik);nein;1;Vohwinkeler Str. 156-160;Vohwinkel;Vohwinkel;;7.0570419;51.2255605;hausgenau;;519;31.1.1944;1944-01-31;1944-06-30;Westarbeiter;12;10;2
90;C. Blumhardt;Kraftfahrzeugindustrie;Fördermittel- und Eisenbauwerk (Fahrzeugfabrik);nein;1;Vohwinkeler Str. 156-160;Vohwinkel;Vohwinkel;;7.0570419;51.2255605;hausgenau;;519;31.1.1944;1944-01-31;1944-03-11;Ostarbeiter;93;;93
90;C. Blumhardt;Kraftfahrzeugindustrie;Fördermittel- und Eisenbauwerk (Fahrzeugfabrik);nein;1;Vohwinkeler Str. 156-160;Vohwinkel;Vohwinkel;;7.0570419;51.2255605;hausgenau;;519;31.1.1944;1944-01-31;1944-06-30;Kriegsgefangene;37;;
90;C. Blumhardt;Kraftfahrzeugindustrie;Fördermittel- und Eisenbauwerk (Fahrzeugfabrik);nein;1;Vohwinkeler Str. 156-160;Vohwinkel;Vohwinkel;;7.0570419;51.2255605;hausgenau;;519;11.3.1944;1944-03-11;1944-06-30;Ostarbeiter;94;0;94
90;C. Blumhardt;Kraftfahrzeugindustrie;Fördermittel- und Eisenbauwerk (Fahrzeugfabrik);nein;1;Vohwinkeler Str. 156-160;Vohwinkel;Vohwinkel;;7.0570419;51.2255605;hausgenau;;519;30.6.1944;1944-06-30;1944-12-31;Deutsche;165;131;34
90;C. Blumhardt;Kraftfahrzeugindustrie;Fördermittel- und Eisenbauwerk (Fahrzeugfabrik);nein;1;Vohwinkeler Str. 156-160;Vohwinkel;Vohwinkel;;7.0570419;51.2255605;hausgenau;;519;30.6.1944;1944-06-30;1945-05-08;Westarbeiter;11;8;3
90;C. Blumhardt;Kraftfahrzeugindustrie;Fördermittel- und Eisenbauwerk (Fahrzeugfabrik);nein;1;Vohwinkeler Str. 156-160;Vohwinkel;Vohwinkel;;7.0570419;51.2255605;hausgenau;;519;30.6.1944;1944-06-30;1945-05-08;Ostarbeiter;87;;87
90;C. Blumhardt;Kraftfahrzeugindustrie;Fördermittel- und Eisenbauwerk (Fahrzeugfabrik);nein;1;Vohwinkeler Str. 156-160;Vohwinkel;Vohwinkel;;7.0570419;51.2255605;hausgenau;;519;30.6.1944;1944-06-30;1944-12-31;Kriegsgefangene;38;;
90;C. Blumhardt;Kraftfahrzeugindustrie;Fördermittel- und Eisenbauwerk (Fahrzeugfabrik);nein;1;Vohwinkeler Str. 156-160;Vohwinkel;Vohwinkel;;7.0570419;51.2255605;hausgenau;;519;31.12.1944;1944-12-31;1945-05-08;Deutsche;167;126;41
90;C. Blumhardt;Kraftfahrzeugindustrie;Fördermittel- und Eisenbauwerk (Fahrzeugfabrik);nein;1;Vohwinkeler Str. 156-160;Vohwinkel;Vohwinkel;;7.0570419;51.2255605;hausgenau;;519;31.12.1944;1944-12-31;1945-05-08;Ausländer;93;9;84
90;C. Blumhardt;Kraftfahrzeugindustrie;Fördermittel- und Eisenbauwerk (Fahrzeugfabrik);nein;1;Vohwinkeler Str. 156-160;Vohwinkel;Vohwinkel;;7.0570419;51.2255605;hausgenau;;519;31.12.1944;1944-12-31;1945-05-08;Kriegsgefangene;35;;
91;Bocklenberg & Motte (BOMORO);Metallindustrie;Schlösser und Beschläge;nein;1;Schöne Aussicht 12;Ronsdorf;Ronsdorf;;7.2035191;51.2251502;strassengenau;;519;13.8.1942;1942-08-13;1942-10-28;Ostarbeiter;29;29;0
91;Bocklenberg & Motte (BOMORO);Metallindustrie;Schlösser und Beschläge;nein;1;Schöne Aussicht 12;Ronsdorf;Ronsdorf;;7.2035191;51.2251502;strassengenau;;519;28.10.1942;1942-10-28;1943-04-27;Ostarbeiter;29;29;0
91;Bocklenberg & Motte (BOMORO);Metallindustrie;Schlösser und Beschläge;nein;1;Schöne Aussicht 12;Ronsdorf;Ronsdorf;;7.2035191;51.2251502;strassengenau;;519;27.4.1943;1943-04-27;1945-05-08;Ostarbeiter;29;29;0
92;Carl Bocklenberg & Söhne (Cebor);Metallindustrie;Maschinen & Werkzeugfabrik;nein;1;Erbschlöerstr. 27;Ronsdorf;Ronsdorf;;7.2110094;51.2329;strassengenau;;519;27.4.1943;1943-04-27;1945-05-08;Franzosen;;;
92;Carl Bocklenberg & Söhne (Cebor);Metallindustrie;Maschinen & Werkzeugfabrik;nein;1;Erbschlöerstr. 27;Ronsdorf;Ronsdorf;;7.2110094;51.2329;strassengenau;;519;27.4.1943;1943-04-27;1945-05-08;Niederländer;;;
93;Friedrich Bohne;Handwerk;Schreinerei;unbekannt;1;Wittener Str. 19;Barmen;Oberbarmen;;7.2313551;51.2869542;hausgenau;;519;27.04.1943;1943-04-27;1945-05-08;Franzosen;;;
93;Friedrich Bohne;Handwerk;Schreinerei;unbekannt;1;Wittener Str. 19;Barmen;Oberbarmen;;7.2313551;51.2869542;hausgenau;;519;27.04.1943;1943-04-27;1945-05-08;Niederländer;;;
94;Boltz KG;Textilindustrie;Herrenkleiderfabrik;nein;1;Friedrich-Ebert-Straße 103 a;Elberfeld;Elberfeld;;7.1344717;51.2540065;strassengenau;;519;27.4.1943;1943-04-27;1945-05-08;Franzosen;;;
94;Boltz KG;Textilindustrie;Herrenkleiderfabrik;nein;1;Friedrich-Ebert-Straße 103 a;Elberfeld;Elberfeld;;7.1344717;51.2540065;strassengenau;;519;27.4.1943;1943-04-27;1945-05-08;Belgier;;;
94;Boltz KG;Textilindustrie;Herrenkleiderfabrik;nein;1;Friedrich-Ebert-Straße 103 a;Elberfeld;Elberfeld;;7.1344717;51.2540065;strassengenau;;519;27.4.1943;1943-04-27;1945-05-08;Niederländer;;;
95;Bergisches Präge- und Ätzwerk Johannes Bornemann;Metallindustrie;Wuppertal-Langerfeld, Schwelmer Str. 27/31;nein;1;Schwelmer Str. 27-31;Langerfeld;Langerfeld-Beyenburg;;7.2468483;51.2754996;hausgenau;;520;31.8.1943;1943-08-31;1945-05-08;Deutsche;55;31;24
95;Bergisches Präge- und Ätzwerk Johannes Bornemann;Metallindustrie;Wuppertal-Langerfeld, Schwelmer Str. 27/31;nein;1;Schwelmer Str. 27-31;Langerfeld;Langerfeld-Beyenburg;;7.2468483;51.2754996;hausgenau;;520;31.8.1943;1943-08-31;1945-05-08;Westarbeiter;1;;
96;Johann Brack;Maschinenbau;Maschinenfabrik;nein;1;Friedrich-Ebert-Straße 143;Elberfeld;Elberfeld-West;;7.1280939;51.2501839;hausgenau;;520;;;;;;;
97;Carl Bremme KG;Lebensmittelindustrie;Brauerei;nein;1;Albertstr. 22-24;Barmen;Heckinghausen;;7.2090827;51.2706215;hausgenau;;520;27.4.1943;1943-04-27;1945-05-08;Niederländer;;;
98;Hermann Bremer;Metallindustrie;Werkzeugfabrik;unbekannt;1;Mühle 49-51;Ronsdorf;Ronsdorf;;7.1988918;51.2153755;strassengenau;;520;27.4.1943;1943-04-27;1945-05-08;Franzosen;;;
98;Hermann Bremer;Metallindustrie;Werkzeugfabrik;unbekannt;1;Mühle 49-51;Ronsdorf;Ronsdorf;;7.1988918;51.2153755;strassengenau;;520;11.3.1944;1944-03-11;1945-05-08;Ostarbeiter;13;13;
99;Gebr. Brill;Metallindustrie;Maschinenfabrik, Gießerei;unbekannt;1;Friedrich-Engels-Allee 311;Barmen;Barmen;;7.1835404;51.2654753;hausgenau;;520;5.7.1944;1944-07-05;1945-05-08;Ostarbeiter;;;
100;Friedrich Brockhaus;Druckwesen;Klischeefabrik;nein;1;Bleichstraße 8;Elberfeld;Elberfeld;;;;ohne;;520;31.1.1943;1943-01-31;1945-05-08;Deutsche;17;15;2
100;Friedrich Brockhaus;Druckwesen;Klischeefabrik;nein;1;Bleichstraße 8;Elberfeld;Elberfeld;;;;ohne;;520;31.1.1943;1943-01-31;1945-05-08;Westarbeiter;1;;
101;Carl Brose & Co.;Metallindustrie;Metallwarenfabrik;nein;1;Opphofer Str. 13-17;Elberfeld;Elberfeld;;7.152277;51.266331;strassengenau;Nur straßengenau — über Nr. 15 verortet, die einzige aus dem überlieferten Bereich 13–17, die es heute noch gibt;520;27.4.1943;1943-04-27;1945-05-08;Franzosen;;;
102;Bruchhaus & Baltrusch;Metallindustrie;Metallwarenfabrik;nein;1;Friedrich-Ebert-Straße 398;Elberfeld;Elberfeld-West;;7.1070048;51.2471346;hausgenau;;520;27.4.1943;1943-04-27;1944-07-05;Ostarbeiter;8;8;0
102;Bruchhaus & Baltrusch;Metallindustrie;Metallwarenfabrik;nein;1;Friedrich-Ebert-Straße 398;Elberfeld;Elberfeld-West;;7.1070048;51.2471346;hausgenau;;520;5.7.1944;1944-07-05;1945-05-08;Ostarbeiter;;;
103;Arthur Brügger;Kunststoffindustrie;„Para-Gummiwerke“;nein;1;Westkotter Str. 129;Barmen;Barmen;;7.207463;51.2827487;hausgenau;;520;13.8.1942;1942-08-13;1942-10-28;Ostarbeiter;50;0;50
103;Arthur Brügger;Kunststoffindustrie;„Para-Gummiwerke“;nein;1;Westkotter Str. 129;Barmen;Barmen;;7.207463;51.2827487;hausgenau;;520;28.10.1942;1942-10-28;1943-04-27;Ostarbeiter;39;0;39
103;Arthur Brügger;Kunststoffindustrie;„Para-Gummiwerke“;nein;1;Westkotter Str. 129;Barmen;Barmen;;7.207463;51.2827487;hausgenau;;520;27.4.1943;1943-04-27;1944-03-11;Ostarbeiter;39;0;39
103;Arthur Brügger;Kunststoffindustrie;„Para-Gummiwerke“;nein;1;Westkotter Str. 129;Barmen;Barmen;;7.207463;51.2827487;hausgenau;;520;27.4.1943;1943-04-27;1945-05-08;Polen;;;
103;Arthur Brügger;Kunststoffindustrie;„Para-Gummiwerke“;nein;1;Westkotter Str. 129;Barmen;Barmen;;7.207463;51.2827487;hausgenau;;520;27.4.1943;1943-04-27;1945-05-08;Belgier;;;
103;Arthur Brügger;Kunststoffindustrie;„Para-Gummiwerke“;nein;1;Westkotter Str. 129;Barmen;Barmen;;7.207463;51.2827487;hausgenau;;520;11.3.1944;1944-03-11;1945-05-08;Ostarbeiter;37;0;37
104;Otto Budde & Co.;Textilindustrie;Stückfärberei und Appreturanstalt;nein;1;Meckelstr. 88;Barmen;Barmen;;7.1910278;51.2629005;hausgenau;;520;31.1.1944;1944-01-31;1944-06-30;Westarbeiter;1;;
104;Otto Budde & Co.;Textilindustrie;Stückfärberei und Appreturanstalt;nein;1;Meckelstr. 88;Barmen;Barmen;;7.1910278;51.2629005;hausgenau;;520;30.6.1944;1944-06-30;1944-12-31;Westarbeiter;1;;
104;Otto Budde & Co.;Textilindustrie;Stückfärberei und Appreturanstalt;nein;1;Meckelstr. 88;Barmen;Barmen;;7.1910278;51.2629005;hausgenau;;520;31.12.1944;1944-12-31;1945-05-08;Westarbeiter;1;;
105;Gustav Busche GmbH.;Textilindustrie;Säcke- und Segeltuchdecken;unbekannt;1;Schwelmer Str. 122-128;Langerfeld;Langerfeld-Beyenburg;;7.2580449;51.2761242;hausgenau;;520;13.8.1942;1942-08-13;1942-10-28;Ostarbeiter;13;0;13
105;Gustav Busche GmbH.;Textilindustrie;Säcke- und Segeltuchdecken;unbekannt;1;Schwelmer Str. 122-128;Langerfeld;Langerfeld-Beyenburg;;7.2580449;51.2761242;hausgenau;;520;28.10.1942;1942-10-28;1943-04-27;Ostarbeiter;14;0;14
105;Gustav Busche GmbH.;Textilindustrie;Säcke- und Segeltuchdecken;unbekannt;1;Schwelmer Str. 122-128;Langerfeld;Langerfeld-Beyenburg;;7.2580449;51.2761242;hausgenau;;520;27.4.1943;1943-04-27;1944-03-11;Ostarbeiter;14;0;14
105;Gustav Busche GmbH.;Textilindustrie;Säcke- und Segeltuchdecken;unbekannt;1;Schwelmer Str. 122-128;Langerfeld;Langerfeld-Beyenburg;;7.2580449;51.2761242;hausgenau;;520;11.3.1944;1944-03-11;1945-05-08;Ostarbeiter;21;0;21
106;Hermann Busche KG;Handel / Dienstleistungen;Sack-Großhandlung;nein;1;Alfredstraße 5;Barmen;Barmen;;7.2034381;51.278988;strassengenau;;520;13.8.1942;1942-08-13;1942-10-28;Ostarbeiter;9;0;9
106;Hermann Busche KG;Handel / Dienstleistungen;Sack-Großhandlung;nein;1;Alfredstraße 5;Barmen;Barmen;;7.2034381;51.278988;strassengenau;;520;28.10.1942;1942-10-28;1943-04-27;Ostarbeiter;11;0;11
106;Hermann Busche KG;Handel / Dienstleistungen;Sack-Großhandlung;nein;1;Alfredstraße 5;Barmen;Barmen;;7.2034381;51.278988;strassengenau;;520;27.4.1943;1943-04-27;1944-03-11;Ostarbeiter;7;0;7
106;Hermann Busche KG;Handel / Dienstleistungen;Sack-Großhandlung;nein;1;Alfredstraße 5;Barmen;Barmen;;7.2034381;51.278988;strassengenau;;520;27.4.1943;1943-04-27;1945-05-08;Niederländer;;;
106;Hermann Busche KG;Handel / Dienstleistungen;Sack-Großhandlung;nein;1;Alfredstraße 5;Barmen;Barmen;;7.2034381;51.278988;strassengenau;;520;11.3.1944;1944-03-11;1945-05-08;Ostarbeiter;13;0;13
107;Alfred vom Cleff;Metallindustrie;Schrauben- und Mutternfabrik;unbekannt;1;Hauptstr. 143-145;Cronenberg;Cronenberg;;7.1416016;51.2131602;hausgenau;;520;13.8.1942;1942-08-13;1942-10-28;Ostarbeiter;3;3;0
107;Alfred vom Cleff;Metallindustrie;Schrauben- und Mutternfabrik;unbekannt;1;Hauptstr. 143-145;Cronenberg;Cronenberg;;7.1416016;51.2131602;hausgenau;;520;28.10.1942;1942-10-28;1943-04-27;Ostarbeiter;3;3;0
107;Alfred vom Cleff;Metallindustrie;Schrauben- und Mutternfabrik;unbekannt;1;Hauptstr. 143-145;Cronenberg;Cronenberg;;7.1416016;51.2131602;hausgenau;;520;27.4.1943;1943-04-27;1944-07-05;Ostarbeiter;3;3;0
107;Alfred vom Cleff;Metallindustrie;Schrauben- und Mutternfabrik;unbekannt;1;Hauptstr. 143-145;Cronenberg;Cronenberg;;7.1416016;51.2131602;hausgenau;;520;5.7.1944;1944-07-05;1945-05-08;Ostarbeiter;;;
108;J. vom Cleff A. Sohn Schraubenfabrik;Metallindustrie;Schraubenfabrik;ja;1;Kemmanstr. 83;Cronenberg;Cronenberg;;7.1399718;51.2044944;hausgenau;;521;27.4.1943;1943-04-27;1945-05-08;Ostarbeiter;5;5;0
108;J. vom Cleff A. Sohn Schraubenfabrik;Metallindustrie;Schraubenfabrik;ja;1;Kemmanstr. 83;Cronenberg;Cronenberg;;7.1399718;51.2044944;hausgenau;;521;27.4.1943;1943-04-27;1945-05-08;Franzosen;;;
109;Erich Clerck;Kraftfahrzeugindustrie;Fahrzeugbau, Autofederngroßhandlung;nein;1;Hauptstr. 151;Cronenberg;Cronenberg;;7.1431469;51.2143106;hausgenau;;521;8.5.1942;1942-05-08;1942-08-13;Ostarbeiter;18;18;0
109;Erich Clerck;Kraftfahrzeugindustrie;Fahrzeugbau, Autofederngroßhandlung;nein;1;Hauptstr. 151;Cronenberg;Cronenberg;;7.1431469;51.2143106;hausgenau;;521;13.8.1942;1942-08-13;1942-10-28;Ostarbeiter;18;18;0
109;Erich Clerck;Kraftfahrzeugindustrie;Fahrzeugbau, Autofederngroßhandlung;nein;1;Hauptstr. 151;Cronenberg;Cronenberg;;7.1431469;51.2143106;hausgenau;;521;28.10.1942;1942-10-28;1943-04-27;Ostarbeiter;17;17;0
109;Erich Clerck;Kraftfahrzeugindustrie;Fahrzeugbau, Autofederngroßhandlung;nein;1;Hauptstr. 151;Cronenberg;Cronenberg;;7.1431469;51.2143106;hausgenau;;521;27.4.1943;1943-04-27;1944-03-11;Ostarbeiter;17;17;0
109;Erich Clerck;Kraftfahrzeugindustrie;Fahrzeugbau, Autofederngroßhandlung;nein;1;Hauptstr. 151;Cronenberg;Cronenberg;;7.1431469;51.2143106;hausgenau;;521;27.4.1943;1943-04-27;1945-05-08;Belgier;;;
109;Erich Clerck;Kraftfahrzeugindustrie;Fahrzeugbau, Autofederngroßhandlung;nein;1;Hauptstr. 151;Cronenberg;Cronenberg;;7.1431469;51.2143106;hausgenau;;521;11.3.1944;1944-03-11;1945-05-08;Ostarbeiter;26;19;7
110;Cramer & Kromberg;Textilindustrie;Kleiderfabrik;nein;1;Brausenwerther Str. 15;Elberfeld;Elberfeld;;7.1509755;51.2570992;strassengenau;;521;27.4.1943;1943-04-27;1945-05-08;Belgier;;;
111;Erich Cramer v. Clausbruch;Kunststoffindustrie;Gummiwarenfabrik;nein;1;Schönebeckerstr. 57;Barmen;Barmen;;7.179418;51.2740903;hausgenau;;521;27.4.1943;1943-04-27;1944-03-11;Ostarbeiter;14;;
111;Erich Cramer v. Clausbruch;Kunststoffindustrie;Gummiwarenfabrik;nein;1;Schönebeckerstr. 57;Barmen;Barmen;;7.179418;51.2740903;hausgenau;;521;11.3.1944;1944-03-11;1945-05-08;Ostarbeiter;18;1;17
112;Cronenberger Steinindustrie Franz Triches GmbH;Industrie der Steine und Erden;Grauwacke-Steinbrüche;ja;1;Korzerter Straße 18;Cronenberg;Cronenberg;;7.1500473;51.22445;hausgenau;;521;27.4.1943;1943-04-27;1945-05-08;Polen;;;
112;Cronenberger Steinindustrie Franz Triches GmbH;Industrie der Steine und Erden;Grauwacke-Steinbrüche;ja;1;Korzerter Straße 18;Cronenberg;Cronenberg;;7.1500473;51.22445;hausgenau;;521;27.4.1943;1943-04-27;1945-05-08;Italiener;;;
112;Cronenberger Steinindustrie Franz Triches GmbH;Industrie der Steine und Erden;Grauwacke-Steinbrüche;ja;1;Korzerter Straße 18;Cronenberg;Cronenberg;;7.1500473;51.22445;hausgenau;;521;30.6.1944;1944-06-30;1945-05-08;Ausländer;14;;
113;Walter Cüppers;Handel / Dienstleistungen;Vomag-LKW-Vertrieb;ja;1;Beethovenstraße 3;Elberfeld;Elberfeld-West;;7.127847;51.2596515;hausgenau;;521;27.4.1943;1943-04-27;1945-05-08;Franzosen;;;
114;Daimler Benz AG;Kraftfahrzeugindustrie;Kraftfahrzeuge;ja;1;Tannenbergstr. 20-24;Elberfeld;Elberfeld-West;;7.1365944;51.2513473;strassengenau;;521;;;;;;;
115;Auto Dausend;Kraftfahrzeugindustrie;Zylinder und Kurbelwellenbearbeitung;nein;1;Friedrich-Engels-Allee 358;Barmen;Barmen;;7.1874264;51.2658013;hausgenau;;521;27.4.1943;1943-04-27;1945-05-08;Franzosen;;;
116;Ferdinand Deisel;unbekannt;;unbekannt;1;Feldstr.;Barmen;Oberbarmen;;7.2112217;51.2791822;strassengenau;;521;;;;;;;
117;H. L. Dienst & Sohn;Textilindustrie;Textilveredlung und Garnhandlung;nein;1;Moritzstraße 14;Elberfeld;Elberfeld-West;;7.1313599;51.251183;hausgenau;;521;27.4.1943;1943-04-27;1945-05-08;Niederländer;;;
119;Heinrich Döppers;Textilindustrie;Herrenkleiderfabrik;nein;1;Hofaue 53a;Elberfeld;Elberfeld;;7.1522727;51.2570431;hausgenau;;521;27.4.1943;1943-04-27;1945-05-08;Belgier;;;
120;Gebr. Dörner;Metallindustrie;Eisengroßhandlung;nein;1;Kaiserstr. 126;Vohwinkel;Vohwinkel;;7.0815019;51.2345838;hausgenau;;521;11.3.1944;1944-03-11;1945-05-08;Ostarbeiter;74;74;0
120;Gebr. Dörner;Metallindustrie;Eisengroßhandlung;nein;2;Möbecker Str. 4;Vohwinkel;Vohwinkel;;;;ohne;;521;;;;;;;
121;Ernst von Dreden;Logistik;Ferntransporte;nein;1;Simonsstraße 25 a;Elberfeld;Elberfeld-West;;7.1307631;51.2488409;hausgenau;;521;27.4.1943;1943-04-27;1945-05-08;Niederländer;;;
122;Dyckerhoff & Widmann KG [Baubüro Jägerwerke];Bauunternehmen;Bauunternehmung;ja;1;Mettmannerstr. 79;Elberfeld;Elberfeld-West;;7.098564;51.2543798;strassengenau;;521;27.4.1943;1943-04-27;1945-05-08;Niederländer;;;
123;Karl Egert;Maschinenbau;Maschinen- und Formenfabrik;nein;1;Meckelstr. 16 A;Barmen;Barmen;;7.1876935;51.2628056;strassengenau;;522;;;1945-05-08;Franzosen;;;
124;Ernst Eickhoff & Co.;Metallindustrie;Gas- und Wassermesserfabrik;nein;1;Hünefeldstr. 84 a;Elberfeld;Barmen;;7.1766974;51.2648133;hausgenau;;522;13.8.1942;1942-08-13;1942-10-28;Ostarbeiter;18;18;0
124;Ernst Eickhoff & Co.;Metallindustrie;Gas- und Wassermesserfabrik;nein;1;Hünefeldstr. 84 a;Elberfeld;Barmen;;7.1766974;51.2648133;hausgenau;;522;28.10.1942;1942-10-28;1943-04-27;Ostarbeiter;18;18;0
124;Ernst Eickhoff & Co.;Metallindustrie;Gas- und Wassermesserfabrik;nein;1;Hünefeldstr. 84 a;Elberfeld;Barmen;;7.1766974;51.2648133;hausgenau;;522;27.4.1943;1943-04-27;1944-03-11;Ostarbeiter;17;17;0
124;Ernst Eickhoff & Co.;Metallindustrie;Gas- und Wassermesserfabrik;nein;1;Hünefeldstr. 84 a;Elberfeld;Barmen;;7.1766974;51.2648133;hausgenau;;522;31.1.1944;1944-01-31;1944-06-30;Deutsche;58;;
124;Ernst Eickhoff & Co.;Metallindustrie;Gas- und Wassermesserfabrik;nein;1;Hünefeldstr. 84 a;Elberfeld;Barmen;;7.1766974;51.2648133;hausgenau;;522;31.1.1944;1944-01-31;1945-05-08;Ausländer;24;24;
124;Ernst Eickhoff & Co.;Metallindustrie;Gas- und Wassermesserfabrik;nein;1;Hünefeldstr. 84 a;Elberfeld;Barmen;;7.1766974;51.2648133;hausgenau;;522;11.3.1944;1944-03-11;1944-06-30;Ostarbeiter;21;21;0
124;Ernst Eickhoff & Co.;Metallindustrie;Gas- und Wassermesserfabrik;nein;1;Hünefeldstr. 84 a;Elberfeld;Barmen;;7.1766974;51.2648133;hausgenau;;522;30.6.1944;1944-06-30;1944-12-31;Deutsche;28;25;3
124;Ernst Eickhoff & Co.;Metallindustrie;Gas- und Wassermesserfabrik;nein;1;Hünefeldstr. 84 a;Elberfeld;Barmen;;7.1766974;51.2648133;hausgenau;;522;30.6.1944;1944-06-30;1945-05-08;Westarbeiter;1;;
124;Ernst Eickhoff & Co.;Metallindustrie;Gas- und Wassermesserfabrik;nein;1;Hünefeldstr. 84 a;Elberfeld;Barmen;;7.1766974;51.2648133;hausgenau;;522;30.6.1944;1944-06-30;1944-12-31;Ostarbeiter;14;;
124;Ernst Eickhoff & Co.;Metallindustrie;Gas- und Wassermesserfabrik;nein;1;Hünefeldstr. 84 a;Elberfeld;Barmen;;7.1766974;51.2648133;hausgenau;;522;31.12.1944;1944-12-31;1945-05-08;Deutsche;31;25;6
124;Ernst Eickhoff & Co.;Metallindustrie;Gas- und Wassermesserfabrik;nein;1;Hünefeldstr. 84 a;Elberfeld;Barmen;;7.1766974;51.2648133;hausgenau;;522;31.12.1944;1944-12-31;1945-05-08;Ostarbeiter;18;17;1
125;Paul Eigenbrodt;Möbelindustrie;Dampfsägewerk und Kistenfabrik;nein;1;Vor d. Beule 37-39;Wichlinghausen;Oberbarmen;;7.231792;51.288801;strassengenau;Nur straßengenau — über die Mitte der Nummern 37, 39 verortet (2 von 2 aus dem Bereich 37–39);522;28.10.1942;1942-10-28;1943-09-30;Ostarbeiter;6;0;6
125;Paul Eigenbrodt;Möbelindustrie;Dampfsägewerk und Kistenfabrik;nein;1;Vor d. Beule 37-39;Wichlinghausen;Oberbarmen;;7.231792;51.288801;strassengenau;Nur straßengenau — über die Mitte der Nummern 37, 39 verortet (2 von 2 aus dem Bereich 37–39);522;30.9.1943;1943-09-30;1945-05-08;Deutsche;19;11;8
125;Paul Eigenbrodt;Möbelindustrie;Dampfsägewerk und Kistenfabrik;nein;1;Vor d. Beule 37-39;Wichlinghausen;Oberbarmen;;7.231792;51.288801;strassengenau;Nur straßengenau — über die Mitte der Nummern 37, 39 verortet (2 von 2 aus dem Bereich 37–39);522;30.9.1943;1943-09-30;1945-05-08;Ostarbeiter;8;;8
125;Paul Eigenbrodt;Möbelindustrie;Dampfsägewerk und Kistenfabrik;nein;1;Vor d. Beule 37-39;Wichlinghausen;Oberbarmen;;7.231792;51.288801;strassengenau;Nur straßengenau — über die Mitte der Nummern 37, 39 verortet (2 von 2 aus dem Bereich 37–39);522;30.9.1943;1943-09-30;1945-05-08;Kriegsgefangene;25;;
126;Elberfelder Papierfabrik AG;Papierindustrie;Papierfabrik;nein;1;Friedrich-Ebert-Straße 126-130;Elberfeld;Elberfeld-West;;7.1302808;51.2522576;hausgenau;;522;;;;;;;
127;Elberfelder Textilwerke AG;Textilindustrie;Textilindustrie;nein;1;Friedrich-Ebert-Straße 154;Elberfeld;Elberfeld-West;;7.1266228;51.2505702;hausgenau;;522;27.4.1943;1943-04-27;1945-05-08;Belgier;;;
128;Epeda-Werke Rudolf Platte;Textilindustrie;Polster-Fabrik;nein;1;Rembrandtstraße 14;Vohwinkel;Vohwinkel;;7.0650841;51.2284876;hausgenau;;522;27.4.1943;1943-04-27;1945-05-08;Franzosen;;;
129;Adolf Eppendahl;Handel / Dienstleistungen;Kaufmann;nein;1;Schimmelsburg 23;Barmen;Oberbarmen;;7.2183216;51.2884489;hausgenau;;522;27.4.1943;1943-04-27;1945-05-08;Niederländer;;;
130;Julius & August Erbslöh;NE-Metallindustrie;Walz- und Preßwerk, Halbzeuge aus Alu.;ja;1;Berliner Str. 29-35;Barmen;Oberbarmen;;7.208825;51.2743986;hausgenau;;522;13.8.1942;1942-08-13;1942-10-28;Ostarbeiter;83;83;0
130;Julius & August Erbslöh;NE-Metallindustrie;Walz- und Preßwerk, Halbzeuge aus Alu.;ja;1;Berliner Str. 29-35;Barmen;Oberbarmen;;7.208825;51.2743986;hausgenau;;522;28.10.1942;1942-10-28;1943-04-27;Ostarbeiter;75;75;0
130;Julius & August Erbslöh;NE-Metallindustrie;Walz- und Preßwerk, Halbzeuge aus Alu.;ja;1;Berliner Str. 29-35;Barmen;Oberbarmen;;7.208825;51.2743986;hausgenau;;522;27.4.1943;1943-04-27;1944-06-30;Ostarbeiter;66;66;0
130;Julius & August Erbslöh;NE-Metallindustrie;Walz- und Preßwerk, Halbzeuge aus Alu.;ja;1;Berliner Str. 29-35;Barmen;Oberbarmen;;7.208825;51.2743986;hausgenau;;522;27.4.1943;1943-04-27;1945-05-08;Polen;;;
130;Julius & August Erbslöh;NE-Metallindustrie;Walz- und Preßwerk, Halbzeuge aus Alu.;ja;1;Berliner Str. 29-35;Barmen;Oberbarmen;;7.208825;51.2743986;hausgenau;;522;27.4.1943;1943-04-27;1945-05-08;Belgier;;;
130;Julius & August Erbslöh;NE-Metallindustrie;Walz- und Preßwerk, Halbzeuge aus Alu.;ja;1;Berliner Str. 29-35;Barmen;Oberbarmen;;7.208825;51.2743986;hausgenau;;522;31.1.1944;1944-01-31;1944-06-30;Deutsche;423;369;54
130;Julius & August Erbslöh;NE-Metallindustrie;Walz- und Preßwerk, Halbzeuge aus Alu.;ja;1;Berliner Str. 29-35;Barmen;Oberbarmen;;7.208825;51.2743986;hausgenau;;522;31.1.1944;1944-01-31;1944-06-30;Westarbeiter;26;10;16
130;Julius & August Erbslöh;NE-Metallindustrie;Walz- und Preßwerk, Halbzeuge aus Alu.;ja;1;Berliner Str. 29-35;Barmen;Oberbarmen;;7.208825;51.2743986;hausgenau;;522;31.1.1944;1944-01-31;1944-06-30;Kriegsgefangene;7;;
130;Julius & August Erbslöh;NE-Metallindustrie;Walz- und Preßwerk, Halbzeuge aus Alu.;ja;1;Berliner Str. 29-35;Barmen;Oberbarmen;;7.208825;51.2743986;hausgenau;;522;30.6.1944;1944-06-30;1944-12-31;Deutsche;429;364;65
130;Julius & August Erbslöh;NE-Metallindustrie;Walz- und Preßwerk, Halbzeuge aus Alu.;ja;1;Berliner Str. 29-35;Barmen;Oberbarmen;;7.208825;51.2743986;hausgenau;;522;30.6.1944;1944-06-30;1944-12-31;Westarbeiter;30;14;16
130;Julius & August Erbslöh;NE-Metallindustrie;Walz- und Preßwerk, Halbzeuge aus Alu.;ja;1;Berliner Str. 29-35;Barmen;Oberbarmen;;7.208825;51.2743986;hausgenau;;522;30.6.1944;1944-06-30;1944-12-31;Ostarbeiter;51;41;10
130;Julius & August Erbslöh;NE-Metallindustrie;Walz- und Preßwerk, Halbzeuge aus Alu.;ja;1;Berliner Str. 29-35;Barmen;Oberbarmen;;7.208825;51.2743986;hausgenau;;522;30.6.1944;1944-06-30;1944-12-31;Kriegsgefangene;7;;
130;Julius & August Erbslöh;NE-Metallindustrie;Walz- und Preßwerk, Halbzeuge aus Alu.;ja;1;Berliner Str. 29-35;Barmen;Oberbarmen;;7.208825;51.2743986;hausgenau;;522;31.12.1944;1944-12-31;1945-05-08;Deutsche;417;345;72
130;Julius & August Erbslöh;NE-Metallindustrie;Walz- und Preßwerk, Halbzeuge aus Alu.;ja;1;Berliner Str. 29-35;Barmen;Oberbarmen;;7.208825;51.2743986;hausgenau;;522;31.12.1944;1944-12-31;1945-05-08;Westarbeiter;119;82;37
130;Julius & August Erbslöh;NE-Metallindustrie;Walz- und Preßwerk, Halbzeuge aus Alu.;ja;1;Berliner Str. 29-35;Barmen;Oberbarmen;;7.208825;51.2743986;hausgenau;;522;31.12.1944;1944-12-31;1945-05-08;Ostarbeiter;50;31;19
130;Julius & August Erbslöh;NE-Metallindustrie;Walz- und Preßwerk, Halbzeuge aus Alu.;ja;1;Berliner Str. 29-35;Barmen;Oberbarmen;;7.208825;51.2743986;hausgenau;;522;31.12.1944;1944-12-31;1945-05-08;Kriegsgefangene;7;;
131;Rudolf Ernenputsch;Logistik;Fuhrunternehmen, Kohlen- und Schrotthandlung;ja;1;Harzstraße 13;Cronenberg;Cronenberg;;7.1383834;51.2277536;hausgenau;;522;;;;;;;
132;Gottlob Espenlaub;Luftfahrtindustrie;Flugzeugbau;nein;1;Spitzenstr. 35;Langerfeld;Langerfeld-Beyenburg;;7.240175;51.2755712;hausgenau;;523;8.5.1942;1942-05-08;1942-08-13;Ostarbeiter;114;74;40
132;Gottlob Espenlaub;Luftfahrtindustrie;Flugzeugbau;nein;1;Spitzenstr. 35;Langerfeld;Langerfeld-Beyenburg;;7.240175;51.2755712;hausgenau;;523;13.8.1942;1942-08-13;1942-10-28;Ostarbeiter;214;167;47
132;Gottlob Espenlaub;Luftfahrtindustrie;Flugzeugbau;nein;1;Spitzenstr. 35;Langerfeld;Langerfeld-Beyenburg;;7.240175;51.2755712;hausgenau;;523;28.10.1942;1942-10-28;1943-04-27;Ostarbeiter;179;140;39
132;Gottlob Espenlaub;Luftfahrtindustrie;Flugzeugbau;nein;1;Spitzenstr. 35;Langerfeld;Langerfeld-Beyenburg;;7.240175;51.2755712;hausgenau;;523;27.4.1943;1943-04-27;1944-01-31;Ostarbeiter;431;208;223
132;Gottlob Espenlaub;Luftfahrtindustrie;Flugzeugbau;nein;1;Spitzenstr. 35;Langerfeld;Langerfeld-Beyenburg;;7.240175;51.2755712;hausgenau;;523;31.1.1944;1944-01-31;1944-06-30;Deutsche;917;687;230
132;Gottlob Espenlaub;Luftfahrtindustrie;Flugzeugbau;nein;1;Spitzenstr. 35;Langerfeld;Langerfeld-Beyenburg;;7.240175;51.2755712;hausgenau;;523;31.1.1944;1944-01-31;1944-06-30;Westarbeiter;1;;
132;Gottlob Espenlaub;Luftfahrtindustrie;Flugzeugbau;nein;1;Spitzenstr. 35;Langerfeld;Langerfeld-Beyenburg;;7.240175;51.2755712;hausgenau;;523;31.1.1944;1944-01-31;1944-03-11;Ostarbeiter;499;248;251
132;Gottlob Espenlaub;Luftfahrtindustrie;Flugzeugbau;nein;1;Spitzenstr. 35;Langerfeld;Langerfeld-Beyenburg;;7.240175;51.2755712;hausgenau;;523;31.1.1944;1944-01-31;1944-06-30;Kriegsgefangene;97;;
132;Gottlob Espenlaub;Luftfahrtindustrie;Flugzeugbau;nein;1;Spitzenstr. 35;Langerfeld;Langerfeld-Beyenburg;;7.240175;51.2755712;hausgenau;;523;11.3.1944;1944-03-11;1944-06-30;Ostarbeiter;481;222;259
132;Gottlob Espenlaub;Luftfahrtindustrie;Flugzeugbau;nein;1;Spitzenstr. 35;Langerfeld;Langerfeld-Beyenburg;;7.240175;51.2755712;hausgenau;;523;30.6.1944;1944-06-30;1944-12-31;Deutsche;959;711;248
132;Gottlob Espenlaub;Luftfahrtindustrie;Flugzeugbau;nein;1;Spitzenstr. 35;Langerfeld;Langerfeld-Beyenburg;;7.240175;51.2755712;hausgenau;;523;30.6.1944;1944-06-30;1944-12-31;Westarbeiter;7;6;1
132;Gottlob Espenlaub;Luftfahrtindustrie;Flugzeugbau;nein;1;Spitzenstr. 35;Langerfeld;Langerfeld-Beyenburg;;7.240175;51.2755712;hausgenau;;523;30.6.1944;1944-06-30;1944-12-31;Ostarbeiter;573;343;230
132;Gottlob Espenlaub;Luftfahrtindustrie;Flugzeugbau;nein;1;Spitzenstr. 35;Langerfeld;Langerfeld-Beyenburg;;7.240175;51.2755712;hausgenau;;523;30.6.1944;1944-06-30;1944-12-31;Kriegsgefangene;97;;
132;Gottlob Espenlaub;Luftfahrtindustrie;Flugzeugbau;nein;1;Spitzenstr. 35;Langerfeld;Langerfeld-Beyenburg;;7.240175;51.2755712;hausgenau;;523;31.12.1944;1944-12-31;1945-05-08;Deutsche;1023;767;256
132;Gottlob Espenlaub;Luftfahrtindustrie;Flugzeugbau;nein;1;Spitzenstr. 35;Langerfeld;Langerfeld-Beyenburg;;7.240175;51.2755712;hausgenau;;523;31.12.1944;1944-12-31;1945-05-08;Westarbeiter;354;270;84
132;Gottlob Espenlaub;Luftfahrtindustrie;Flugzeugbau;nein;1;Spitzenstr. 35;Langerfeld;Langerfeld-Beyenburg;;7.240175;51.2755712;hausgenau;;523;31.12.1944;1944-12-31;1945-05-08;Ostarbeiter;875;513;362
132;Gottlob Espenlaub;Luftfahrtindustrie;Flugzeugbau;nein;1;Spitzenstr. 35;Langerfeld;Langerfeld-Beyenburg;;7.240175;51.2755712;hausgenau;;523;31.12.1944;1944-12-31;1945-05-08;Kriegsgefangene;1;;
132;Gottlob Espenlaub;Luftfahrtindustrie;Flugzeugbau;nein;2;In der Fleute 143a;Langerfeld;Langerfeld-Beyenburg;;7.2606936;51.2807109;hausgenau;;523;;;;;;;
132;Gottlob Espenlaub;Luftfahrtindustrie;Flugzeugbau;nein;3;Schwelmer Str. 225;Langerfeld;Langerfeld-Beyenburg;;7.2694649;51.2786658;hausgenau;;523;;;;;;;
133;Eduard Eylert;Kraftfahrzeugindustrie;Automobile und Auto-Reparatur;unbekannt;1;Steinbeck 66-74;Elberfeld;Elberfeld;;7.1430621;51.2471555;hausgenau;;523;27.4.1943;1943-04-27;1945-05-08;Franzosen;;;
133;Eduard Eylert;Kraftfahrzeugindustrie;Automobile und Auto-Reparatur;unbekannt;1;Steinbeck 66-74;Elberfeld;Elberfeld;;7.1430621;51.2471555;hausgenau;;523;27.4.1943;1943-04-27;1945-05-08;Belgier;;;
134;Eylert KG.;Kraftfahrzeugindustrie;Fahrzeugfabrik;nein;1;Unten vorm Steeg 138;Sonnborn;Elberfeld-West;;7.0955593;51.2365634;strassengenau;;523;13.8.1942;1942-08-13;1942-10-28;Ostarbeiter;52;25;27
134;Eylert KG.;Kraftfahrzeugindustrie;Fahrzeugfabrik;nein;1;Unten vorm Steeg 138;Sonnborn;Elberfeld-West;;7.0955593;51.2365634;strassengenau;;523;28.10.1942;1942-10-28;1943-04-27;Ostarbeiter;65;40;25
134;Eylert KG.;Kraftfahrzeugindustrie;Fahrzeugfabrik;nein;1;Unten vorm Steeg 138;Sonnborn;Elberfeld-West;;7.0955593;51.2365634;strassengenau;;523;27.4.1943;1943-04-27;1944-01-31;Ostarbeiter;44;20;24
134;Eylert KG.;Kraftfahrzeugindustrie;Fahrzeugfabrik;nein;1;Unten vorm Steeg 138;Sonnborn;Elberfeld-West;;7.0955593;51.2365634;strassengenau;;523;27.4.1943;1943-04-27;1945-05-08;Franzosen;;;
134;Eylert KG.;Kraftfahrzeugindustrie;Fahrzeugfabrik;nein;1;Unten vorm Steeg 138;Sonnborn;Elberfeld-West;;7.0955593;51.2365634;strassengenau;;523;31.1.1944;1944-01-31;1944-07-31;Deutsche;135;126;9
134;Eylert KG.;Kraftfahrzeugindustrie;Fahrzeugfabrik;nein;1;Unten vorm Steeg 138;Sonnborn;Elberfeld-West;;7.0955593;51.2365634;strassengenau;;523;31.1.1944;1944-01-31;1944-07-31;Westarbeiter;29;;
134;Eylert KG.;Kraftfahrzeugindustrie;Fahrzeugfabrik;nein;1;Unten vorm Steeg 138;Sonnborn;Elberfeld-West;;7.0955593;51.2365634;strassengenau;;523;31.1.1944;1944-01-31;1944-03-11;Ostarbeiter;54;29;25
134;Eylert KG.;Kraftfahrzeugindustrie;Fahrzeugfabrik;nein;1;Unten vorm Steeg 138;Sonnborn;Elberfeld-West;;7.0955593;51.2365634;strassengenau;;523;11.3.1944;1944-03-11;1944-07-31;Ostarbeiter;55;30;25
134;Eylert KG.;Kraftfahrzeugindustrie;Fahrzeugfabrik;nein;1;Unten vorm Steeg 138;Sonnborn;Elberfeld-West;;7.0955593;51.2365634;strassengenau;;523;31.7.1944;1944-07-31;1944-11-30;Deutsche;121;112;9
134;Eylert KG.;Kraftfahrzeugindustrie;Fahrzeugfabrik;nein;1;Unten vorm Steeg 138;Sonnborn;Elberfeld-West;;7.0955593;51.2365634;strassengenau;;523;31.7.1944;1944-07-31;1944-11-30;Westarbeiter;27;;
134;Eylert KG.;Kraftfahrzeugindustrie;Fahrzeugfabrik;nein;1;Unten vorm Steeg 138;Sonnborn;Elberfeld-West;;7.0955593;51.2365634;strassengenau;;523;31.7.1944;1944-07-31;1944-11-30;Ostarbeiter;43;18;25
134;Eylert KG.;Kraftfahrzeugindustrie;Fahrzeugfabrik;nein;1;Unten vorm Steeg 138;Sonnborn;Elberfeld-West;;7.0955593;51.2365634;strassengenau;;523;31.7.1944;1944-07-31;1945-05-08;Kriegsgefangene;20;;
134;Eylert KG.;Kraftfahrzeugindustrie;Fahrzeugfabrik;nein;1;Unten vorm Steeg 138;Sonnborn;Elberfeld-West;;7.0955593;51.2365634;strassengenau;;523;30.11.1944;1944-11-30;1945-05-08;Deutsche;124;109;15
134;Eylert KG.;Kraftfahrzeugindustrie;Fahrzeugfabrik;nein;1;Unten vorm Steeg 138;Sonnborn;Elberfeld-West;;7.0955593;51.2365634;strassengenau;;523;30.11.1944;1944-11-30;1945-05-08;Westarbeiter;57;;
134;Eylert KG.;Kraftfahrzeugindustrie;Fahrzeugfabrik;nein;1;Unten vorm Steeg 138;Sonnborn;Elberfeld-West;;7.0955593;51.2365634;strassengenau;;523;30.11.1944;1944-11-30;1945-05-08;Ostarbeiter;36;12;24
135;Ludwig Faber;Lebensmittelindustrie;Brotfabrik;nein;1;Wiesenstr. 45;Elberfeld;Elberfeld;;7.1423173;51.2647328;hausgenau;;523;2.4.1943;1943-04-02;1945-05-08;Deutsche;33;23;10
135;Ludwig Faber;Lebensmittelindustrie;Brotfabrik;nein;1;Wiesenstr. 45;Elberfeld;Elberfeld;;7.1423173;51.2647328;hausgenau;;523;2.4.1943;1943-04-02;1945-05-08;Kriegsgefangene;6;;
136;Gustav Fach;Handwerk;Schreinerei;nein;1;Sedanstraße 88;Barmen;Barmen;;7.1942462;51.2765069;hausgenau;;523;;;;;;;
137;Friedrich Feldhoff Sohn;Metallindustrie;Eisengießerei;nein;1;Untere Lichtenplatzerstr. 24;Barmen;Heckinghausen;;7.2116958;51.2694793;hausgenau;;523;27.4.1943;1943-04-27;1945-05-08;Franzosen;;;
138;August Fink;Textilindustrie;Textilien, Baumwollindustrie;nein;1;Marschallstr. 17;Vohwinkel;Vohwinkel;;7.0699133;51.2250728;hausgenau;;523;;;;;;;
139;Walter Finkeldei;Metallindustrie;Werkzeugfabrik und Formdreherei;nein;1;Berliner Str. 130 a;Barmen;Oberbarmen;;7.217221;51.274773;strassengenau;Nur straßengenau — über die Nachbarnummer 130 verortet, „130 a“ ist heute nicht mehr vergeben;523;1943;1943-01-01;1945-05-08;Franzosen;;;
139;Walter Finkeldei;Metallindustrie;Werkzeugfabrik und Formdreherei;nein;1;Berliner Str. 130 a;Barmen;Oberbarmen;;7.217221;51.274773;strassengenau;Nur straßengenau — über die Nachbarnummer 130 verortet, „130 a“ ist heute nicht mehr vergeben;523;31.5.1943;1943-05-31;1943-07-31;Deutsche;73;45;28
139;Walter Finkeldei;Metallindustrie;Werkzeugfabrik und Formdreherei;nein;1;Berliner Str. 130 a;Barmen;Oberbarmen;;7.217221;51.274773;strassengenau;Nur straßengenau — über die Nachbarnummer 130 verortet, „130 a“ ist heute nicht mehr vergeben;523;31.5.1943;1943-05-31;1943-07-31;Westarbeiter;2;;
139;Walter Finkeldei;Metallindustrie;Werkzeugfabrik und Formdreherei;nein;1;Berliner Str. 130 a;Barmen;Oberbarmen;;7.217221;51.274773;strassengenau;Nur straßengenau — über die Nachbarnummer 130 verortet, „130 a“ ist heute nicht mehr vergeben;523;31.5.1943;1943-05-31;1943-07-31;Kriegsgefangene;4;;
139;Walter Finkeldei;Metallindustrie;Werkzeugfabrik und Formdreherei;nein;1;Berliner Str. 130 a;Barmen;Oberbarmen;;7.217221;51.274773;strassengenau;Nur straßengenau — über die Nachbarnummer 130 verortet, „130 a“ ist heute nicht mehr vergeben;523;31.7.1943;1943-07-31;1945-05-08;Deutsche;49;38;11
139;Walter Finkeldei;Metallindustrie;Werkzeugfabrik und Formdreherei;nein;1;Berliner Str. 130 a;Barmen;Oberbarmen;;7.217221;51.274773;strassengenau;Nur straßengenau — über die Nachbarnummer 130 verortet, „130 a“ ist heute nicht mehr vergeben;523;31.7.1943;1943-07-31;1945-05-08;Westarbeiter;2;;
139;Walter Finkeldei;Metallindustrie;Werkzeugfabrik und Formdreherei;nein;1;Berliner Str. 130 a;Barmen;Oberbarmen;;7.217221;51.274773;strassengenau;Nur straßengenau — über die Nachbarnummer 130 verortet, „130 a“ ist heute nicht mehr vergeben;523;31.7.1943;1943-07-31;1945-05-08;Kriegsgefangene;4;;
140;Wilhelm Eugen Fischer;Metallindustrie;Metallwarenfabrik;nein;1;Völklinger Str. 6 a;Barmen;Barmen;;7.1740676;51.2628189;hausgenau;;524;13.8.1942;1942-08-13;1942-10-28;Ostarbeiter;6;6;0
140;Wilhelm Eugen Fischer;Metallindustrie;Metallwarenfabrik;nein;1;Völklinger Str. 6 a;Barmen;Barmen;;7.1740676;51.2628189;hausgenau;;524;28.10.1942;1942-10-28;1943-04-27;Ostarbeiter;5;5;0
140;Wilhelm Eugen Fischer;Metallindustrie;Metallwarenfabrik;nein;1;Völklinger Str. 6 a;Barmen;Barmen;;7.1740676;51.2628189;hausgenau;;524;27.4.1943;1943-04-27;1945-05-08;Ostarbeiter;13;8;5
141;Fischer & Schmidt;Druckwesen;Chemigraph. Kunstanstalt - Klischees;nein;1;Westkotter Straße 16;Barmen;Oberbarmen;;7.204648;51.27901;strassengenau;;524;27.4.1943;1943-04-27;1945-05-08;Niederländer;;;
142;Gebr. Fleuss;xxx;Fabrik- und Kommissionsgeschäft;nein;1;Rhönstr. 8;Cronenberg;Cronenberg;;7.1356724;51.2302643;hausgenau;;524;27.4.1943;1943-04-27;1945-05-08;Ostarbeiter;7;7;0
143;M. Flues & Co.;Textilindustrie;Spezialfabrik für technische Chromleder;nein;1;Deutscher Ring 66;Sonnborn;Elberfeld-West;;7.0938239;51.2482604;strassengenau;;524;28.2.1943;1943-02-28;1945-05-08;Deutsche;18;16;2
143;M. Flues & Co.;Textilindustrie;Spezialfabrik für technische Chromleder;nein;1;Deutscher Ring 66;Sonnborn;Elberfeld-West;;7.0938239;51.2482604;strassengenau;;524;28.2.1943;1943-02-28;1945-05-08;Kriegsgefangene;13;;
144;Adolf Franke;Metallindustrie;Werkzeugfabrik;ja;1;Rhönstr. 6a;Cronenberg;Cronenberg;;7.1342823;51.2298758;hausgenau;;524;1943;1943-01-01;1945-05-08;Franzosen;;;
145;Wilhelm Franke;Kraftfahrzeugindustrie;Fahrzeugbeschläge;nein;1;Küllenhahner Str. 20;Küllenhahn;Küllenhahn;;7.1467616;51.229407;strassengenau;;524;13.8.1942;1942-08-13;1942-10-28;Ostarbeiter;3;3;0
145;Wilhelm Franke;Kraftfahrzeugindustrie;Fahrzeugbeschläge;nein;1;Küllenhahner Str. 20;Küllenhahn;Küllenhahn;;7.1467616;51.229407;strassengenau;;524;28.10.1942;1942-10-28;1943-04-27;Ostarbeiter;3;3;0
145;Wilhelm Franke;Kraftfahrzeugindustrie;Fahrzeugbeschläge;nein;1;Küllenhahner Str. 20;Küllenhahn;Küllenhahn;;7.1467616;51.229407;strassengenau;;524;27.4.1943;1943-04-27;1945-05-08;Ostarbeiter;6;0;6
146;Heinrich Frickenhaus;Textilindustrie;Färberei;nein;1;Kocherstraße 21-27;Ronsdorf;Ronsdorf;;7.1999595;51.225171;hausgenau;;524;05.07.1944;1944-07-05;1945-05-08;Ostarbeiter;;;
148;H. & L. Fritzsche;Handel / Dienstleistungen;Bekleidungshaus;nein;1;Wall 32;Elberfeld;Elberfeld;;7.1459517;51.2563567;hausgenau;;524;27.4.1943;1943-04-27;1945-05-08;Niederländer;;;
149;Frobana;Maschinenbau;Schuhreparaturmaschinen;nein;1;Windhukstraße 80;Barmen;Oberbarmen;;7.2371698;51.2855544;hausgenau;;524;13.8.1942;1942-08-13;1942-10-28;Ostarbeiter;14;14;0
149;Frobana;Maschinenbau;Schuhreparaturmaschinen;nein;1;Windhukstraße 80;Barmen;Oberbarmen;;7.2371698;51.2855544;hausgenau;;524;28.10.1942;1942-10-28;1943-04-27;Ostarbeiter;10;10;0
149;Frobana;Maschinenbau;Schuhreparaturmaschinen;nein;1;Windhukstraße 80;Barmen;Oberbarmen;;7.2371698;51.2855544;hausgenau;;524;27.4.1943;1943-04-27;1943-11-30;Ostarbeiter;9;0;9
149;Frobana;Maschinenbau;Schuhreparaturmaschinen;nein;1;Windhukstraße 80;Barmen;Oberbarmen;;7.2371698;51.2855544;hausgenau;;524;27.4.1943;1943-04-27;1945-05-08;Franzosen;;;
149;Frobana;Maschinenbau;Schuhreparaturmaschinen;nein;1;Windhukstraße 80;Barmen;Oberbarmen;;7.2371698;51.2855544;hausgenau;;524;27.4.1943;1943-04-27;1945-05-08;Niederländer;;;
149;Frobana;Maschinenbau;Schuhreparaturmaschinen;nein;1;Windhukstraße 80;Barmen;Oberbarmen;;7.2371698;51.2855544;hausgenau;;524;30.11.1943;1943-11-30;1944-06-30;Deutsche;118;94;24
149;Frobana;Maschinenbau;Schuhreparaturmaschinen;nein;1;Windhukstraße 80;Barmen;Oberbarmen;;7.2371698;51.2855544;hausgenau;;524;30.11.1943;1943-11-30;1944-06-30;Westarbeiter;6;6;0
149;Frobana;Maschinenbau;Schuhreparaturmaschinen;nein;1;Windhukstraße 80;Barmen;Oberbarmen;;7.2371698;51.2855544;hausgenau;;524;30.11.1943;1943-11-30;1944-06-30;Ostarbeiter;7;;
149;Frobana;Maschinenbau;Schuhreparaturmaschinen;nein;1;Windhukstraße 80;Barmen;Oberbarmen;;7.2371698;51.2855544;hausgenau;;524;30.11.1943;1943-11-30;1944-06-30;nicht-russische Kriegsgefangene;21;;
149;Frobana;Maschinenbau;Schuhreparaturmaschinen;nein;1;Windhukstraße 80;Barmen;Oberbarmen;;7.2371698;51.2855544;hausgenau;;524;30.6.1944;1944-06-30;1944-07-31;Deutsche;110;86;24
149;Frobana;Maschinenbau;Schuhreparaturmaschinen;nein;1;Windhukstraße 80;Barmen;Oberbarmen;;7.2371698;51.2855544;hausgenau;;524;30.6.1944;1944-06-30;1944-07-31;Westarbeiter;4;4;0
149;Frobana;Maschinenbau;Schuhreparaturmaschinen;nein;1;Windhukstraße 80;Barmen;Oberbarmen;;7.2371698;51.2855544;hausgenau;;524;30.6.1944;1944-06-30;1944-07-31;Ostarbeiter;9;9;0
149;Frobana;Maschinenbau;Schuhreparaturmaschinen;nein;1;Windhukstraße 80;Barmen;Oberbarmen;;7.2371698;51.2855544;hausgenau;;524;30.6.1944;1944-06-30;1944-07-31;nicht-russische Kriegsgefangene;15;;
149;Frobana;Maschinenbau;Schuhreparaturmaschinen;nein;1;Windhukstraße 80;Barmen;Oberbarmen;;7.2371698;51.2855544;hausgenau;;524;31.7.1944;1944-07-31;1945-05-08;Deutsche;109;84;25
149;Frobana;Maschinenbau;Schuhreparaturmaschinen;nein;1;Windhukstraße 80;Barmen;Oberbarmen;;7.2371698;51.2855544;hausgenau;;524;31.7.1944;1944-07-31;1945-05-08;Westarbeiter;4;4;0
149;Frobana;Maschinenbau;Schuhreparaturmaschinen;nein;1;Windhukstraße 80;Barmen;Oberbarmen;;7.2371698;51.2855544;hausgenau;;524;31.7.1944;1944-07-31;1945-05-08;Ostarbeiter;9;9;9
149;Frobana;Maschinenbau;Schuhreparaturmaschinen;nein;1;Windhukstraße 80;Barmen;Oberbarmen;;7.2371698;51.2855544;hausgenau;;524;31.7.1944;1944-07-31;1945-05-08;nicht-russische Kriegsgefangene;15;;
150;Wilhelm Fröhling;Metallindustrie;Schraubenfabrik;nein;1;Solinger Str. 35;Cronenberg;Cronenberg;;7.1253388;51.2045422;hausgenau;;524;13.8.1942;1942-08-13;1942-10-28;Ostarbeiter;8;8;0
150;Wilhelm Fröhling;Metallindustrie;Schraubenfabrik;nein;1;Solinger Str. 35;Cronenberg;Cronenberg;;7.1253388;51.2045422;hausgenau;;524;28.10.1942;1942-10-28;1943-04-27;Ostarbeiter;8;8;0
150;Wilhelm Fröhling;Metallindustrie;Schraubenfabrik;nein;1;Solinger Str. 35;Cronenberg;Cronenberg;;7.1253388;51.2045422;hausgenau;;524;27.4.1943;1943-04-27;1944-03-11;Ostarbeiter;9;9;0
150;Wilhelm Fröhling;Metallindustrie;Schraubenfabrik;nein;1;Solinger Str. 35;Cronenberg;Cronenberg;;7.1253388;51.2045422;hausgenau;;524;27.4.1943;1943-04-27;1945-05-08;Franzosen;;;
150;Wilhelm Fröhling;Metallindustrie;Schraubenfabrik;nein;1;Solinger Str. 35;Cronenberg;Cronenberg;;7.1253388;51.2045422;hausgenau;;524;11.3.1944;1944-03-11;1944-07-05;Ostarbeiter;18;18;0
150;Wilhelm Fröhling;Metallindustrie;Schraubenfabrik;nein;1;Solinger Str. 35;Cronenberg;Cronenberg;;7.1253388;51.2045422;hausgenau;;524;5.7.1944;1944-07-05;1945-05-08;Ostarbeiter;;;
151;Frölich & Klüpfel;Maschinenbau;Maschinenfabrik;ja;1;Fuchsstr. 28;Barmen;Barmen;;7.17734;51.2585969;hausgenau;;524;13.8.1942;1942-08-13;1942-10-28;Ostarbeiter;19;19;0
151;Frölich & Klüpfel;Maschinenbau;Maschinenfabrik;ja;1;Fuchsstr. 28;Barmen;Barmen;;7.17734;51.2585969;hausgenau;;524;28.10.1942;1942-10-28;1943-04-27;Ostarbeiter;20;20;0
151;Frölich & Klüpfel;Maschinenbau;Maschinenfabrik;ja;1;Fuchsstr. 28;Barmen;Barmen;;7.17734;51.2585969;hausgenau;;524;27.4.1943;1943-04-27;1944-01-31;Ostarbeiter;42;42;0
151;Frölich & Klüpfel;Maschinenbau;Maschinenfabrik;ja;1;Fuchsstr. 28;Barmen;Barmen;;7.17734;51.2585969;hausgenau;;524;27.4.1943;1943-04-27;1945-05-08;Franzosen;;;
151;Frölich & Klüpfel;Maschinenbau;Maschinenfabrik;ja;1;Fuchsstr. 28;Barmen;Barmen;;7.17734;51.2585969;hausgenau;;524;27.4.1943;1943-04-27;1945-05-08;Niederländer;;;
151;Frölich & Klüpfel;Maschinenbau;Maschinenfabrik;ja;1;Fuchsstr. 28;Barmen;Barmen;;7.17734;51.2585969;hausgenau;;524;31.1.1944;1944-01-31;1944-06-30;Deutsche;143;119;24
151;Frölich & Klüpfel;Maschinenbau;Maschinenfabrik;ja;1;Fuchsstr. 28;Barmen;Barmen;;7.17734;51.2585969;hausgenau;;524;31.1.1944;1944-01-31;1944-06-30;Westarbeiter;3;;
151;Frölich & Klüpfel;Maschinenbau;Maschinenfabrik;ja;1;Fuchsstr. 28;Barmen;Barmen;;7.17734;51.2585969;hausgenau;;524;31.1.1944;1944-01-31;1944-03-11;Ostarbeiter;30;30;
151;Frölich & Klüpfel;Maschinenbau;Maschinenfabrik;ja;1;Fuchsstr. 28;Barmen;Barmen;;7.17734;51.2585969;hausgenau;;524;11.3.1944;1944-03-11;1944-06-30;Ostarbeiter;30;30;0
151;Frölich & Klüpfel;Maschinenbau;Maschinenfabrik;ja;1;Fuchsstr. 28;Barmen;Barmen;;7.17734;51.2585969;hausgenau;;524;30.6.1944;1944-06-30;1944-12-31;Deutsche;138;113;25
151;Frölich & Klüpfel;Maschinenbau;Maschinenfabrik;ja;1;Fuchsstr. 28;Barmen;Barmen;;7.17734;51.2585969;hausgenau;;524;30.6.1944;1944-06-30;1944-12-31;Westarbeiter;4;;
151;Frölich & Klüpfel;Maschinenbau;Maschinenfabrik;ja;1;Fuchsstr. 28;Barmen;Barmen;;7.17734;51.2585969;hausgenau;;524;30.6.1944;1944-06-30;1944-12-31;Ostarbeiter;31;31;
151;Frölich & Klüpfel;Maschinenbau;Maschinenfabrik;ja;1;Fuchsstr. 28;Barmen;Barmen;;7.17734;51.2585969;hausgenau;;524;30.6.1944;1944-06-30;1944-12-31;russische Kriegsgefangene;7;;
151;Frölich & Klüpfel;Maschinenbau;Maschinenfabrik;ja;1;Fuchsstr. 28;Barmen;Barmen;;7.17734;51.2585969;hausgenau;;524;31.12.1944;1944-12-31;1945-05-08;Deutsche;135;101;34
151;Frölich & Klüpfel;Maschinenbau;Maschinenfabrik;ja;1;Fuchsstr. 28;Barmen;Barmen;;7.17734;51.2585969;hausgenau;;524;31.12.1944;1944-12-31;1945-05-08;Westarbeiter;2;2;
151;Frölich & Klüpfel;Maschinenbau;Maschinenfabrik;ja;1;Fuchsstr. 28;Barmen;Barmen;;7.17734;51.2585969;hausgenau;;524;31.12.1944;1944-12-31;1945-05-08;Ostarbeiter;34;33;1
151;Frölich & Klüpfel;Maschinenbau;Maschinenfabrik;ja;1;Fuchsstr. 28;Barmen;Barmen;;7.17734;51.2585969;hausgenau;;524;31.12.1944;1944-12-31;1945-05-08;russische Kriegsgefangene;10;;
152;Frowein & Co. AG;Textilindustrie;Seidenstoffe, Weberei;ja;1;Uellendahler Str. 70-82;Elberfeld;Elberfeld;;7.1487519;51.2686201;hausgenau;;524–525;27.4.1943;1943-04-27;1945-05-08;Franzosen;;;
152;Frowein & Co. AG;Textilindustrie;Seidenstoffe, Weberei;ja;1;Uellendahler Str. 70-82;Elberfeld;Elberfeld;;7.1487519;51.2686201;hausgenau;;524–525;27.4.1943;1943-04-27;1945-05-08;Belgier;;;
153;Kabelwerk Frowein;Elektrotechnik;Kabelherstellung (ehemals: Riemendreherei Max bzw. Wilhelm;nein;1;Märkische Str. 16;Barmen;Oberbarmen;;7.2091595;51.2838258;hausgenau;;524–525;27.4.1943;1943-04-27;1944-01-31;Ostarbeiter;8;0;8
153;Kabelwerk Frowein;Elektrotechnik;Kabelherstellung (ehemals: Riemendreherei Max bzw. Wilhelm;nein;1;Märkische Str. 16;Barmen;Oberbarmen;;7.2091595;51.2838258;hausgenau;;524–525;31.1.1944;1944-01-31;1944-06-30;Deutsche;54;24;30
153;Kabelwerk Frowein;Elektrotechnik;Kabelherstellung (ehemals: Riemendreherei Max bzw. Wilhelm;nein;1;Märkische Str. 16;Barmen;Oberbarmen;;7.2091595;51.2838258;hausgenau;;524–525;31.1.1944;1944-01-31;1944-06-30;Westarbeiter;1;1;
153;Kabelwerk Frowein;Elektrotechnik;Kabelherstellung (ehemals: Riemendreherei Max bzw. Wilhelm;nein;1;Märkische Str. 16;Barmen;Oberbarmen;;7.2091595;51.2838258;hausgenau;;524–525;31.1.1944;1944-01-31;1944-06-30;Ostarbeiter;8;;8
153;Kabelwerk Frowein;Elektrotechnik;Kabelherstellung (ehemals: Riemendreherei Max bzw. Wilhelm;nein;1;Märkische Str. 16;Barmen;Oberbarmen;;7.2091595;51.2838258;hausgenau;;524–525;30.6.1944;1944-06-30;1944-12-31;Deutsche;54;23;31
153;Kabelwerk Frowein;Elektrotechnik;Kabelherstellung (ehemals: Riemendreherei Max bzw. Wilhelm;nein;1;Märkische Str. 16;Barmen;Oberbarmen;;7.2091595;51.2838258;hausgenau;;524–525;30.6.1944;1944-06-30;1944-12-31;Westarbeiter;1;1;
153;Kabelwerk Frowein;Elektrotechnik;Kabelherstellung (ehemals: Riemendreherei Max bzw. Wilhelm;nein;1;Märkische Str. 16;Barmen;Oberbarmen;;7.2091595;51.2838258;hausgenau;;524–525;30.6.1944;1944-06-30;1944-12-31;Ostarbeiter;9;;9
153;Kabelwerk Frowein;Elektrotechnik;Kabelherstellung (ehemals: Riemendreherei Max bzw. Wilhelm;nein;1;Märkische Str. 16;Barmen;Oberbarmen;;7.2091595;51.2838258;hausgenau;;524–525;31.12.1944;1944-12-31;1945-05-08;Deutsche;68;23;45
153;Kabelwerk Frowein;Elektrotechnik;Kabelherstellung (ehemals: Riemendreherei Max bzw. Wilhelm;nein;1;Märkische Str. 16;Barmen;Oberbarmen;;7.2091595;51.2838258;hausgenau;;524–525;31.12.1944;1944-12-31;1945-05-08;Westarbeiter;1;1;
153;Kabelwerk Frowein;Elektrotechnik;Kabelherstellung (ehemals: Riemendreherei Max bzw. Wilhelm;nein;1;Märkische Str. 16;Barmen;Oberbarmen;;7.2091595;51.2838258;hausgenau;;524–525;31.12.1944;1944-12-31;1945-05-08;Ostarbeiter;8;;8
154;Gustav Fudickar;xxx;Matratzenfabrik;nein;1;Rubensstr. 14;Vohwinkel;Vohwinkel;;7.0681096;51.228565;hausgenau;;525;11.3.1944;1944-03-11;1945-05-08;Ostarbeiter;12;0;12
155;Theodor Fürer;Textilindustrie;Flechtkordelfabrik;nein;1;Erichstraße 6;Barmen;Barmen;;7.1847086;51.2646436;hausgenau;;525;27.4.1943;1943-04-27;1945-05-08;Polen;;;
156;Wilhelm Fürschbach;Handwerk;Drechselei;unbekannt;1;Lettow-Vorbeck-Straße 50;Vohwinkel;Vohwinkel;Edith-Stein-Straße, 42329 Wuppertal-Vohwinkel;7.0700678;51.2285781;hausgenau;;525;5.7.1944;1944-07-05;1945-05-08;Ostarbeiter;;;
157;August Görts KG;Metallindustrie;Kleineisenwaren;nein;1;Unterkirchen 23 a;Cronenberg;Cronenberg;;7.1288883;51.2036624;ungefaehr;;525;5.7.1944;1944-07-05;1945-05-08;Ostarbeiter;;;
158;Graef & Kunhenn;Metallindustrie;Metallsägenfabrik;ja;1;Oberbergische Str. 53;Barmen;Barmen;;7.1752368;51.2580903;hausgenau;;525;;;1945-05-08;Ostarbeiter;;;
158;Graef & Kunhenn;Metallindustrie;Metallsägenfabrik;ja;1;Oberbergische Str. 53;Barmen;Barmen;;7.1752368;51.2580903;hausgenau;;525;;;1945-05-08;Westarbeiter;;;
159;Josef Grundmann;Handel / Dienstleistungen;Handeslvertreter und Käsegroßhandel;nein;1;Am Nordpark 17;Barmen;Barmen;;7.1994811;51.2835783;hausgenau;;525;;;1945-05-08;Ostarbeiter;;;
159;Josef Grundmann;Handel / Dienstleistungen;Handeslvertreter und Käsegroßhandel;nein;1;Am Nordpark 17;Barmen;Barmen;;7.1994811;51.2835783;hausgenau;;525;;;1945-05-08;Westarbeiter;;;
160;C. Grundmann-Dresel;unbekannt;;nein;1;Stahlstraße 24;Barmen;Barmen;;7.2017975;51.2818279;hausgenau;;525;;;;;;;
161;Heinrich Gutberlett;Metallindustrie;Maschinen u. Werkzeugfabrik;nein;1;Bendahler Str. 106-108;Barmen;Barmen;;7.1623903;51.2520826;hausgenau;;525;27.4.1943;1943-04-27;1944-03-11;Ostarbeiter;20;0;20
161;Heinrich Gutberlett;Metallindustrie;Maschinen u. Werkzeugfabrik;nein;1;Bendahler Str. 106-108;Barmen;Barmen;;7.1623903;51.2520826;hausgenau;;525;11.3.1944;1944-03-11;1945-05-08;Ostarbeiter;18;0;18
161;Heinrich Gutberlett;Metallindustrie;Maschinen u. Werkzeugfabrik;nein;1;Bendahler Str. 106-108;Barmen;Barmen;;7.1623903;51.2520826;hausgenau;;525;;;1945-05-08;Westarbeiter;;;
162;Gutehoffnungshütte AG Oberhausen [Dolomit-Steinbruch Lüntenbeck];Industrie der Steine und Erden;;unbekannt;1;Lüntenbeck 2c;Vohwinkel;Vohwinkel;;7.0835173;51.2507504;ungefaehr;;525;27.4.1943;1943-04-27;1945-05-08;Italiener;;;
165;Hagen & Wolff;Textilindustrie;Plattierungsgeschäft;nein;1;Haspeler Str. 216;Barmen;Barmen;;7.1635978;51.2586382;strassengenau;;526;27.4.1943;1943-04-27;1945-05-08;Niederländer;;;
166;Ferdinand von Hagen Söhne & Koch;Metallindustrie;Scharnierfabrik;ja;1;Vohwinkeler Str. 97;Vohwinkel;Vohwinkel;;7.0439975;51.2165487;strassengenau;;526;5.7.1944;1944-07-05;1945-05-08;Ostarbeiter;;;
167;Adolf & Otto Halbach;Textilindustrie;Seidenbandfabrik;nein;1;Holzer Straße 33;Elberfeld;Elberfeld;;7.1481648;51.2494547;hausgenau;;526;27.4.1943;1943-04-27;1945-05-08;Polen;;;
168;Halbach, Braun & Co.;Maschinenbau;Maschinenfabrik;nein;1;Blombacherbach 32;Barmen;Heckinghausen;;7.2300849;51.2577109;strassengenau;;526;27.4.1943;1943-04-27;1945-05-08;Franzosen;;;
168;Halbach, Braun & Co.;Maschinenbau;Maschinenfabrik;nein;1;Blombacherbach 32;Barmen;Heckinghausen;;7.2300849;51.2577109;strassengenau;;526;27.4.1943;1943-04-27;1945-05-08;Belgier;;;
168;Halbach, Braun & Co.;Maschinenbau;Maschinenfabrik;nein;1;Blombacherbach 32;Barmen;Heckinghausen;;7.2300849;51.2577109;strassengenau;;526;11.3.1944;1944-03-11;1945-05-08;Ostarbeiter;10;10;0
169;Ernst Halfmann;Textilindustrie;Fabrik in Bändern, Schuhriemen, Litzen;nein;1;Höchsten 76;Elberfeld;Elberfeld;;7.1417983;51.2622161;strassengenau;;526;27.4.1943;1943-04-27;1945-05-08;Polen;;;
169;Ernst Halfmann;Textilindustrie;Fabrik in Bändern, Schuhriemen, Litzen;nein;2;Wiesenstr. 67;Elberfeld;Elberfeld;;7.1398732;51.2648869;hausgenau;;526;;;;;;;
170;Gebr. Hallenscheid;Metallindustrie;Werkzeugfabrik;nein;1;Nibelungenstr. 15;Ronsdorf;Ronsdorf;;7.2083777;51.2249676;hausgenau;;526;5.07.1944;1944-07-05;1945-05-08;Ostarbeiter;;;
171;Halstenbach & Co.;Textilindustrie;Gummibandfabrik und Maschinenfabrik;nein;1;Liegnitzer Str. 50;Wichlinghausen;Oberbarmen;;7.2215884;51.2827282;hausgenau;;526;27.4.1943;1943-04-27;1945-05-08;Polen;;;
171;Halstenbach & Co.;Textilindustrie;Gummibandfabrik und Maschinenfabrik;nein;1;Liegnitzer Str. 50;Wichlinghausen;Oberbarmen;;7.2215884;51.2827282;hausgenau;;526;27.4.1943;1943-04-27;1945-05-08;Franzosen;;;
171;Halstenbach & Co.;Textilindustrie;Gummibandfabrik und Maschinenfabrik;nein;1;Liegnitzer Str. 50;Wichlinghausen;Oberbarmen;;7.2215884;51.2827282;hausgenau;;526;27.4.1943;1943-04-27;1945-05-08;Belgier;;;
171;Halstenbach & Co.;Textilindustrie;Gummibandfabrik und Maschinenfabrik;nein;1;Liegnitzer Str. 50;Wichlinghausen;Oberbarmen;;7.2215884;51.2827282;hausgenau;;526;11.3.1944;1944-03-11;1945-05-08;Ostarbeiter;15;0;15
171;Halstenbach & Co.;Textilindustrie;Gummibandfabrik und Maschinenfabrik;nein;2;Wichlinghauser Str. 85 a;Wichlinghausen;Oberbarmen;;7.2167609;51.2806929;hausgenau;;526;;;;;;;
171;Halstenbach & Co.;Textilindustrie;Gummibandfabrik und Maschinenfabrik;nein;3;Rauental 28;Heckinghausen;Heckinghausen;;7.2279665;51.2728062;hausgenau;;526;;;;;;;
172;Hamba Hans A. Müller GmbH & Co. KG;Maschinenbau;Maschinenfabrik;nein;1;Höhne 42;Barmen;Barmen;;7.2019314;51.2705862;strassengenau;;526;27.4.1943;1943-04-27;1945-05-08;Franzosen;;;
172;Hamba Hans A. Müller GmbH & Co. KG;Maschinenbau;Maschinenfabrik;nein;1;Höhne 42;Barmen;Barmen;;7.2019314;51.2705862;strassengenau;;526;27.4.1943;1943-04-27;1945-05-08;Belgier;;;
172;Hamba Hans A. Müller GmbH & Co. KG;Maschinenbau;Maschinenfabrik;nein;1;Höhne 42;Barmen;Barmen;;7.2019314;51.2705862;strassengenau;;526;27.4.1943;1943-04-27;1945-05-08;Niederländer;;;
172;Hamba Hans A. Müller GmbH & Co. KG;Maschinenbau;Maschinenfabrik;nein;1;Höhne 42;Barmen;Barmen;;7.2019314;51.2705862;strassengenau;;526;31.1.1944;1944-01-31;1944-06-30;Deutsche;88;75;13
172;Hamba Hans A. Müller GmbH & Co. KG;Maschinenbau;Maschinenfabrik;nein;1;Höhne 42;Barmen;Barmen;;7.2019314;51.2705862;strassengenau;;526;31.1.1944;1944-01-31;1944-06-30;Westarbeiter;86;85;1
172;Hamba Hans A. Müller GmbH & Co. KG;Maschinenbau;Maschinenfabrik;nein;1;Höhne 42;Barmen;Barmen;;7.2019314;51.2705862;strassengenau;;526;31.1.1944;1944-01-31;1944-03-11;Ostarbeiter;20;15;5
172;Hamba Hans A. Müller GmbH & Co. KG;Maschinenbau;Maschinenfabrik;nein;1;Höhne 42;Barmen;Barmen;;7.2019314;51.2705862;strassengenau;;526;11.3.1944;1944-03-11;1944-06-30;Ostarbeiter;15;15;0
172;Hamba Hans A. Müller GmbH & Co. KG;Maschinenbau;Maschinenfabrik;nein;1;Höhne 42;Barmen;Barmen;;7.2019314;51.2705862;strassengenau;;526;30.6.1944;1944-06-30;1944-12-31;Deutsche;89;74;15
172;Hamba Hans A. Müller GmbH & Co. KG;Maschinenbau;Maschinenfabrik;nein;1;Höhne 42;Barmen;Barmen;;7.2019314;51.2705862;strassengenau;;526;30.6.1944;1944-06-30;1944-12-31;Westarbeiter;71;;
172;Hamba Hans A. Müller GmbH & Co. KG;Maschinenbau;Maschinenfabrik;nein;1;Höhne 42;Barmen;Barmen;;7.2019314;51.2705862;strassengenau;;526;30.6.1944;1944-06-30;1944-07-05;Ostarbeiter;40;35;5
172;Hamba Hans A. Müller GmbH & Co. KG;Maschinenbau;Maschinenfabrik;nein;1;Höhne 42;Barmen;Barmen;;7.2019314;51.2705862;strassengenau;;526;5.7.1944;1944-07-05;1944-12-31;Ostarbeiter;;;
172;Hamba Hans A. Müller GmbH & Co. KG;Maschinenbau;Maschinenfabrik;nein;1;Höhne 42;Barmen;Barmen;;7.2019314;51.2705862;strassengenau;;526;31.12.1944;1944-12-31;1945-05-08;Deutsche;76;57;19
172;Hamba Hans A. Müller GmbH & Co. KG;Maschinenbau;Maschinenfabrik;nein;1;Höhne 42;Barmen;Barmen;;7.2019314;51.2705862;strassengenau;;526;31.12.1944;1944-12-31;1945-05-08;Westarbeiter;69;;
172;Hamba Hans A. Müller GmbH & Co. KG;Maschinenbau;Maschinenfabrik;nein;1;Höhne 42;Barmen;Barmen;;7.2019314;51.2705862;strassengenau;;526;31.12.1944;1944-12-31;1945-05-08;Ostarbeiter;40;35;5
173;Gebr. Happich GmbH;Kraftfahrzeugindustrie;Karosseriebedarfsartikel, Autozubehörgroßhandlung;ja;1;Neuenteich 64-76;Elberfeld;Elberfeld;;7.153897;51.260516;strassengenau;Nur straßengenau — über die Mitte der Nummern 68, 70, 72, 74, 76 verortet (5 von 7 aus dem Bereich 64–76);526;27.4.1943;1943-04-27;1945-05-08;Polen;;;
173;Gebr. Happich GmbH;Kraftfahrzeugindustrie;Karosseriebedarfsartikel, Autozubehörgroßhandlung;ja;1;Neuenteich 64-76;Elberfeld;Elberfeld;;7.153897;51.260516;strassengenau;Nur straßengenau — über die Mitte der Nummern 68, 70, 72, 74, 76 verortet (5 von 7 aus dem Bereich 64–76);526;27.4.1943;1943-04-27;1945-05-08;Franzosen;;;
174;Albert Hasselkus;Metallindustrie;Werkzeugfabrik;nein;1;Bandwirkerstr. 29;Ronsdorf;Ronsdorf;;7.1997725;51.2281189;hausgenau;;527;1943;1943-01-01;1945-05-08;Franzosen;;;
174;Albert Hasselkus;Metallindustrie;Werkzeugfabrik;nein;1;Bandwirkerstr. 29;Ronsdorf;Ronsdorf;;7.1997725;51.2281189;hausgenau;;527;1943;1943-01-01;1945-05-08;Belgier;;;
176;Hausschulte & Co. [ursprünglich: Gustav Hausschulte, Feilenhauerei];unbekannt;;nein;1;Hohenstein 22;Barmen;Barmen;;7.183208;51.2675249;hausgenau;;527;;;;;;;
177;Hein & Co. KG;Metallindustrie;Bergische Schrauben- u. Mutternfabrik;unbekannt;1;Zum Krusen 1;Cronenberg;Cronenberg;;7.1430061;51.2111271;hausgenau;;527;8.5.1942;1942-05-08;1942-08-13;Ostarbeiter;15;0;15
177;Hein & Co. KG;Metallindustrie;Bergische Schrauben- u. Mutternfabrik;unbekannt;1;Zum Krusen 1;Cronenberg;Cronenberg;;7.1430061;51.2111271;hausgenau;;527;13.8.1942;1942-08-13;1942-10-28;Ostarbeiter;12;0;12
177;Hein & Co. KG;Metallindustrie;Bergische Schrauben- u. Mutternfabrik;unbekannt;1;Zum Krusen 1;Cronenberg;Cronenberg;;7.1430061;51.2111271;hausgenau;;527;28.10.1942;1942-10-28;1943-04-27;Ostarbeiter;12;0;12
177;Hein & Co. KG;Metallindustrie;Bergische Schrauben- u. Mutternfabrik;unbekannt;1;Zum Krusen 1;Cronenberg;Cronenberg;;7.1430061;51.2111271;hausgenau;;527;27.4.1943;1943-04-27;1944-03-11;Ostarbeiter;27;10;17
177;Hein & Co. KG;Metallindustrie;Bergische Schrauben- u. Mutternfabrik;unbekannt;1;Zum Krusen 1;Cronenberg;Cronenberg;;7.1430061;51.2111271;hausgenau;;527;27.4.1943;1943-04-27;1944-03-11;Ostarbeiter;27;10;17
177;Hein & Co. KG;Metallindustrie;Bergische Schrauben- u. Mutternfabrik;unbekannt;1;Zum Krusen 1;Cronenberg;Cronenberg;;7.1430061;51.2111271;hausgenau;;527;27.4.1943;1943-04-27;1945-05-08;Franzosen;;;
177;Hein & Co. KG;Metallindustrie;Bergische Schrauben- u. Mutternfabrik;unbekannt;1;Zum Krusen 1;Cronenberg;Cronenberg;;7.1430061;51.2111271;hausgenau;;527;11.3.1944;1944-03-11;1945-05-08;Ostarbeiter;27;10;17
178;Heinen & Co.;Maschinenbau;Maschinenfabrik „Rheinwerk“;nein;1;Wittener Straße 53;Barmen;Oberbarmen;;7.2342236;51.2899504;hausgenau;;527;31.10.1942;1942-10-31;1945-05-08;Deutsche;95;85;10
178;Heinen & Co.;Maschinenbau;Maschinenfabrik „Rheinwerk“;nein;1;Wittener Straße 53;Barmen;Oberbarmen;;7.2342236;51.2899504;hausgenau;;527;31.10.1942;1942-10-31;1945-05-08;Westarbeiter;2;2;
178;Heinen & Co.;Maschinenbau;Maschinenfabrik „Rheinwerk“;nein;1;Wittener Straße 53;Barmen;Oberbarmen;;7.2342236;51.2899504;hausgenau;;527;27.4.1943;1943-04-27;1944-03-11;Ostarbeiter;20;0;20
178;Heinen & Co.;Maschinenbau;Maschinenfabrik „Rheinwerk“;nein;1;Wittener Straße 53;Barmen;Oberbarmen;;7.2342236;51.2899504;hausgenau;;527;27.4.1943;1943-04-27;1945-05-08;Niederländer;;;
178;Heinen & Co.;Maschinenbau;Maschinenfabrik „Rheinwerk“;nein;1;Wittener Straße 53;Barmen;Oberbarmen;;7.2342236;51.2899504;hausgenau;;527;11.3.1944;1944-03-11;1945-05-08;Ostarbeiter;20;0;20
179;Sebastian Helmstädter;Industrie der Steine und Erden;Wuppertaler Steinwerke;nein;1;Alter Markt 619-621;Barmen;Barmen;;7.1973169;51.2704548;strassengenau;;527;30.6.1944;1944-06-30;1945-05-08;Ausländer ohne Nationalitätenangabe;38;37;1
180;August Helsper;Metallindustrie;Werkzeugfabrik;ja;1;Harzstraße 8;Cronenberg;Cronenberg;;7.1363429;51.2280668;hausgenau;;527;27.4.1943;1943-04-27;1944-03-11;Ostarbeiter;4;4;0
180;August Helsper;Metallindustrie;Werkzeugfabrik;ja;1;Harzstraße 8;Cronenberg;Cronenberg;;7.1363429;51.2280668;hausgenau;;527;11.3.1944;1944-03-11;1944-07-05;Ostarbeiter;10;10;0
180;August Helsper;Metallindustrie;Werkzeugfabrik;ja;1;Harzstraße 8;Cronenberg;Cronenberg;;7.1363429;51.2280668;hausgenau;;527;5.7.1944;1944-07-05;1945-05-08;Ostarbeiter;;;
181;Carl Helsper;Metallindustrie;Werkzeugfabrik;unbekannt;1;Nöllenhammer Straße 13 a;Cronenberg;Cronenberg;;7.1355706;51.2283886;hausgenau;;527;27.4.1943;1943-04-27;1943-07-05;Ostarbeiter;5;5;0
181;Carl Helsper;Metallindustrie;Werkzeugfabrik;unbekannt;1;Nöllenhammer Straße 13 a;Cronenberg;Cronenberg;;7.1355706;51.2283886;hausgenau;;527;5.7.1943;1943-07-05;1945-05-08;Ostarbeiter;;;
182;Hermann Hemscheidt;Maschinenbau;Maschinenfabrik;unbekannt;1;Bornberg 97-103;Elberfeld;Uellendahl-Katernberg;;7.1571951;51.2751538;hausgenau;;527;8.5.1942;1942-05-08;1942-08-13;Ostarbeiter;20;20;0
182;Hermann Hemscheidt;Maschinenbau;Maschinenfabrik;unbekannt;1;Bornberg 97-103;Elberfeld;Uellendahl-Katernberg;;7.1571951;51.2751538;hausgenau;;527;13.8.1942;1942-08-13;1942-10-28;Ostarbeiter;41;41;0
182;Hermann Hemscheidt;Maschinenbau;Maschinenfabrik;unbekannt;1;Bornberg 97-103;Elberfeld;Uellendahl-Katernberg;;7.1571951;51.2751538;hausgenau;;527;28.10.1942;1942-10-28;1943-04-27;Ostarbeiter;60;58;2
182;Hermann Hemscheidt;Maschinenbau;Maschinenfabrik;unbekannt;1;Bornberg 97-103;Elberfeld;Uellendahl-Katernberg;;7.1571951;51.2751538;hausgenau;;527;27.4.1943;1943-04-27;1944-03-11;Ostarbeiter;85;83;2
182;Hermann Hemscheidt;Maschinenbau;Maschinenfabrik;unbekannt;1;Bornberg 97-103;Elberfeld;Uellendahl-Katernberg;;7.1571951;51.2751538;hausgenau;;527;27.4.1943;1943-04-27;1945-05-08;Franzosen;;;
182;Hermann Hemscheidt;Maschinenbau;Maschinenfabrik;unbekannt;1;Bornberg 97-103;Elberfeld;Uellendahl-Katernberg;;7.1571951;51.2751538;hausgenau;;527;27.4.1943;1943-04-27;1945-05-08;Niederländer;;;
182;Hermann Hemscheidt;Maschinenbau;Maschinenfabrik;unbekannt;1;Bornberg 97-103;Elberfeld;Uellendahl-Katernberg;;7.1571951;51.2751538;hausgenau;;527;31.1.1944;1944-01-31;1944-06-30;Deutsche;370;291;79
182;Hermann Hemscheidt;Maschinenbau;Maschinenfabrik;unbekannt;1;Bornberg 97-103;Elberfeld;Uellendahl-Katernberg;;7.1571951;51.2751538;hausgenau;;527;31.1.1944;1944-01-31;1945-05-08;Ausländer;151;116;15
182;Hermann Hemscheidt;Maschinenbau;Maschinenfabrik;unbekannt;1;Bornberg 97-103;Elberfeld;Uellendahl-Katernberg;;7.1571951;51.2751538;hausgenau;;527;11.3.1944;1944-03-11;1944-06-30;Ostarbeiter;100;68;32
182;Hermann Hemscheidt;Maschinenbau;Maschinenfabrik;unbekannt;1;Bornberg 97-103;Elberfeld;Uellendahl-Katernberg;;7.1571951;51.2751538;hausgenau;;527;30.6.1944;1944-06-30;1944-12-31;Deutsche;373;287;86
182;Hermann Hemscheidt;Maschinenbau;Maschinenfabrik;unbekannt;1;Bornberg 97-103;Elberfeld;Uellendahl-Katernberg;;7.1571951;51.2751538;hausgenau;;527;30.6.1944;1944-06-30;1944-12-31;Westarbeiter;43;39;4
182;Hermann Hemscheidt;Maschinenbau;Maschinenfabrik;unbekannt;1;Bornberg 97-103;Elberfeld;Uellendahl-Katernberg;;7.1571951;51.2751538;hausgenau;;527;30.6.1944;1944-06-30;1944-12-31;Ostarbeiter;100;68;32
182;Hermann Hemscheidt;Maschinenbau;Maschinenfabrik;unbekannt;1;Bornberg 97-103;Elberfeld;Uellendahl-Katernberg;;7.1571951;51.2751538;hausgenau;;527;30.6.1944;1944-06-30;1945-05-08;weitere Kriegsgefangene;10;;
182;Hermann Hemscheidt;Maschinenbau;Maschinenfabrik;unbekannt;1;Bornberg 97-103;Elberfeld;Uellendahl-Katernberg;;7.1571951;51.2751538;hausgenau;;527;31.12.1944;1944-12-31;1945-05-08;Deutsche;383;263;120
182;Hermann Hemscheidt;Maschinenbau;Maschinenfabrik;unbekannt;1;Bornberg 97-103;Elberfeld;Uellendahl-Katernberg;;7.1571951;51.2751538;hausgenau;;527;31.12.1944;1944-12-31;1945-05-08;Westarbeiter;48;46;2
182;Hermann Hemscheidt;Maschinenbau;Maschinenfabrik;unbekannt;1;Bornberg 97-103;Elberfeld;Uellendahl-Katernberg;;7.1571951;51.2751538;hausgenau;;527;31.12.1944;1944-12-31;1945-05-08;Ostarbeiter;89;76;13
182;Hermann Hemscheidt;Maschinenbau;Maschinenfabrik;unbekannt;1;Bornberg 97-103;Elberfeld;Uellendahl-Katernberg;;7.1571951;51.2751538;hausgenau;;527;31.12.1944;1944-12-31;1945-05-08;russische Kriegsgefangene;20;;
182;Hermann Hemscheidt;Maschinenbau;Maschinenfabrik;unbekannt;1;Bornberg 97-103;Elberfeld;Uellendahl-Katernberg;;7.1571951;51.2751538;hausgenau;;527;;;1945-05-08;Italiener;;;
182;Hermann Hemscheidt;Maschinenbau;Maschinenfabrik;unbekannt;1;Bornberg 97-103;Elberfeld;Uellendahl-Katernberg;;7.1571951;51.2751538;hausgenau;;527;;;1945-05-08;Holländer;;;
183;Otto Henrich;Textilindustrie;Galoschenfabrik;nein;1;Schorfer Str. 10;Cronenberg;Cronenberg;;7.125989;51.2046157;strassengenau;;528;27.4.1943;1943-04-27;1945-05-08;Ostarbeiter;13;;
185;Richard Herberholz K.G.;Maschinenbau;Fabrik für landwirtschaftliche Geräte;ja;1;Emil-Rittershaus-Straße 5-5 a;Barmen;Barmen;;7.2024408;51.2730713;hausgenau;;528;11.3.1944;1944-03-11;1945-05-08;Ostarbeiter;18;18;0
186;Dr. Kurt Herberts & Co.;Chemie;Lackfabrik;ja;1;Christbusch 25;Barmen;Barmen;;7.1719392;51.2569898;hausgenau;;528;13.8.1942;1942-08-13;1942-10-28;Ostarbeiter;62;0;62
186;Dr. Kurt Herberts & Co.;Chemie;Lackfabrik;ja;1;Christbusch 25;Barmen;Barmen;;7.1719392;51.2569898;hausgenau;;528;28.10.1942;1942-10-28;1943-04-27;Ostarbeiter;53;0;53
186;Dr. Kurt Herberts & Co.;Chemie;Lackfabrik;ja;1;Christbusch 25;Barmen;Barmen;;7.1719392;51.2569898;hausgenau;;528;27.4.1943;1943-04-27;1944-01-31;Ostarbeiter;226;0;226
186;Dr. Kurt Herberts & Co.;Chemie;Lackfabrik;ja;1;Christbusch 25;Barmen;Barmen;;7.1719392;51.2569898;hausgenau;;528;27.4.1943;1943-04-27;1945-05-08;Franzosen;;;
186;Dr. Kurt Herberts & Co.;Chemie;Lackfabrik;ja;1;Christbusch 25;Barmen;Barmen;;7.1719392;51.2569898;hausgenau;;528;27.4.1943;1943-04-27;1945-05-08;Niederländer;;;
186;Dr. Kurt Herberts & Co.;Chemie;Lackfabrik;ja;1;Christbusch 25;Barmen;Barmen;;7.1719392;51.2569898;hausgenau;;528;31.1.1944;1944-01-31;1944-06-30;Deutsche;424;;
186;Dr. Kurt Herberts & Co.;Chemie;Lackfabrik;ja;1;Christbusch 25;Barmen;Barmen;;7.1719392;51.2569898;hausgenau;;528;31.1.1944;1944-01-31;1944-12-31;Westarbeiter;38;36;2
186;Dr. Kurt Herberts & Co.;Chemie;Lackfabrik;ja;1;Christbusch 25;Barmen;Barmen;;7.1719392;51.2569898;hausgenau;;528;31.1.1944;1944-01-31;1944-03-11;Ostarbeiter;251;17;234
186;Dr. Kurt Herberts & Co.;Chemie;Lackfabrik;ja;1;Christbusch 25;Barmen;Barmen;;7.1719392;51.2569898;hausgenau;;528;11.3.1944;1944-03-11;1944-06-30;Ostarbeiter;242;15;227
186;Dr. Kurt Herberts & Co.;Chemie;Lackfabrik;ja;1;Christbusch 25;Barmen;Barmen;;7.1719392;51.2569898;hausgenau;;528;30.6.1944;1944-06-30;1944-12-31;Deutsche;431;292;139
186;Dr. Kurt Herberts & Co.;Chemie;Lackfabrik;ja;1;Christbusch 25;Barmen;Barmen;;7.1719392;51.2569898;hausgenau;;528;30.6.1944;1944-06-30;1944-12-31;Ostarbeiter;182;16;166
186;Dr. Kurt Herberts & Co.;Chemie;Lackfabrik;ja;1;Christbusch 25;Barmen;Barmen;;7.1719392;51.2569898;hausgenau;;528;31.12.1944;1944-12-31;1945-05-08;Deutsche;427;280;147
186;Dr. Kurt Herberts & Co.;Chemie;Lackfabrik;ja;1;Christbusch 25;Barmen;Barmen;;7.1719392;51.2569898;hausgenau;;528;31.12.1944;1944-12-31;1945-05-08;Westarbeiter;92;87;5
186;Dr. Kurt Herberts & Co.;Chemie;Lackfabrik;ja;1;Christbusch 25;Barmen;Barmen;;7.1719392;51.2569898;hausgenau;;528;31.12.1944;1944-12-31;1945-05-08;Ostarbeiter;238;49;189
187;Wilhelm Hermes KG;xxx;Stahlhoch- und Brückenbau, Zahnräder;unbekannt;1;Beule 8 b;Wichlinghausen;Oberbarmen;;7.2282063;51.2871693;strassengenau;;528;13.8.1942;1942-08-13;1942-10-28;Ostarbeiter;30;30;0
187;Wilhelm Hermes KG;xxx;Stahlhoch- und Brückenbau, Zahnräder;unbekannt;1;Beule 8 b;Wichlinghausen;Oberbarmen;;7.2282063;51.2871693;strassengenau;;528;28.10.1942;1942-10-28;1943-04-27;Ostarbeiter;20;20;0
187;Wilhelm Hermes KG;xxx;Stahlhoch- und Brückenbau, Zahnräder;unbekannt;1;Beule 8 b;Wichlinghausen;Oberbarmen;;7.2282063;51.2871693;strassengenau;;528;27.4.1943;1943-04-27;1944-01-31;Ostarbeiter;79;33;46
187;Wilhelm Hermes KG;xxx;Stahlhoch- und Brückenbau, Zahnräder;unbekannt;1;Beule 8 b;Wichlinghausen;Oberbarmen;;7.2282063;51.2871693;strassengenau;;528;27.4.1943;1943-04-27;1945-05-08;Franzosen;;;
187;Wilhelm Hermes KG;xxx;Stahlhoch- und Brückenbau, Zahnräder;unbekannt;1;Beule 8 b;Wichlinghausen;Oberbarmen;;7.2282063;51.2871693;strassengenau;;528;31.1.1944;1944-01-31;1944-06-30;Deutsche;278;240;38
187;Wilhelm Hermes KG;xxx;Stahlhoch- und Brückenbau, Zahnräder;unbekannt;1;Beule 8 b;Wichlinghausen;Oberbarmen;;7.2282063;51.2871693;strassengenau;;528;31.1.1944;1944-01-31;1944-06-30;Westarbeiter;105;;
187;Wilhelm Hermes KG;xxx;Stahlhoch- und Brückenbau, Zahnräder;unbekannt;1;Beule 8 b;Wichlinghausen;Oberbarmen;;7.2282063;51.2871693;strassengenau;;528;31.1.1944;1944-01-31;1944-03-11;Ostarbeiter;83;32;51
187;Wilhelm Hermes KG;xxx;Stahlhoch- und Brückenbau, Zahnräder;unbekannt;1;Beule 8 b;Wichlinghausen;Oberbarmen;;7.2282063;51.2871693;strassengenau;;528;31.1.1944;1944-01-31;1944-06-30;Kriegsgefangene;87;;
187;Wilhelm Hermes KG;xxx;Stahlhoch- und Brückenbau, Zahnräder;unbekannt;1;Beule 8 b;Wichlinghausen;Oberbarmen;;7.2282063;51.2871693;strassengenau;;528;11.3.1944;1944-03-11;1944-06-30;Ostarbeiter;81;29;52
187;Wilhelm Hermes KG;xxx;Stahlhoch- und Brückenbau, Zahnräder;unbekannt;1;Beule 8 b;Wichlinghausen;Oberbarmen;;7.2282063;51.2871693;strassengenau;;528;30.6.1944;1944-06-30;1944-11-30;Deutsche;271;232;39
187;Wilhelm Hermes KG;xxx;Stahlhoch- und Brückenbau, Zahnräder;unbekannt;1;Beule 8 b;Wichlinghausen;Oberbarmen;;7.2282063;51.2871693;strassengenau;;528;30.6.1944;1944-06-30;1945-05-08;Westarbeiter;74;;
187;Wilhelm Hermes KG;xxx;Stahlhoch- und Brückenbau, Zahnräder;unbekannt;1;Beule 8 b;Wichlinghausen;Oberbarmen;;7.2282063;51.2871693;strassengenau;;528;30.6.1944;1944-06-30;1945-05-08;Ostarbeiter;81;31;50
187;Wilhelm Hermes KG;xxx;Stahlhoch- und Brückenbau, Zahnräder;unbekannt;1;Beule 8 b;Wichlinghausen;Oberbarmen;;7.2282063;51.2871693;strassengenau;;528;30.6.1944;1944-06-30;1945-05-08;Kriegsgefangene;87;;
187;Wilhelm Hermes KG;xxx;Stahlhoch- und Brückenbau, Zahnräder;unbekannt;1;Beule 8 b;Wichlinghausen;Oberbarmen;;7.2282063;51.2871693;strassengenau;;528;30.11.1944;1944-11-30;1945-05-08;Deutsche;270;;
187;Wilhelm Hermes KG;xxx;Stahlhoch- und Brückenbau, Zahnräder;unbekannt;1;Beule 8 b;Wichlinghausen;Oberbarmen;;7.2282063;51.2871693;strassengenau;;528;30.11.1944;1944-11-30;1945-05-08;Ausländer;141;92;49
188;Alois Hesse;xxx;Autoverwertung;unbekannt;1;Treppenstr. 16;Elberfeld;Elberfeld-West;;7.1280633;51.2523237;hausgenau;;528;;;1945-05-08;Ostarbeiter;;;
188;Alois Hesse;xxx;Autoverwertung;unbekannt;1;Treppenstr. 16;Elberfeld;Elberfeld-West;;7.1280633;51.2523237;hausgenau;;528;;;1945-05-08;Westarbeiter;;;
188;Alois Hesse;xxx;Autoverwertung;unbekannt;1;Treppenstr. 16;Elberfeld;Elberfeld-West;;7.1280633;51.2523237;hausgenau;;528;;;1945-05-08;Ukrainer;;;
189;Otto Heyer;Textilindustrie;Mechanische Futterstoff-Weberei;nein;1;Hesselnberg 97-97a;Barmen;Barmen;;7.1713796;51.2573457;hausgenau;;529;27.4.1943;1943-04-27;1945-05-08;Niederländer;;;
190;Gebr. Hilgeland;Maschinenbau;Maschinenfabrik;ja;1;Im Rehsiepen 33-35;Ronsdorf;Ronsdorf;;7.21781;51.224148;strassengenau;Nur straßengenau — über Nr. 35 verortet, die einzige aus dem überlieferten Bereich 33–35, die es heute noch gibt;529;27.4.1943;1943-04-27;1945-05-08;Franzosen;;;
190;Gebr. Hilgeland;Maschinenbau;Maschinenfabrik;ja;1;Im Rehsiepen 33-35;Ronsdorf;Ronsdorf;;7.21781;51.224148;strassengenau;Nur straßengenau — über Nr. 35 verortet, die einzige aus dem überlieferten Bereich 33–35, die es heute noch gibt;529;;;1945-05-08;Ostarbeiter;;;
190;Gebr. Hilgeland;Maschinenbau;Maschinenfabrik;ja;1;Im Rehsiepen 33-35;Ronsdorf;Ronsdorf;;7.21781;51.224148;strassengenau;Nur straßengenau — über Nr. 35 verortet, die einzige aus dem überlieferten Bereich 33–35, die es heute noch gibt;529;;;1945-05-08;Westarbeiter;;;
190;Gebr. Hilgeland;Maschinenbau;Maschinenfabrik;ja;1;Im Rehsiepen 33-35;Ronsdorf;Ronsdorf;;7.21781;51.224148;strassengenau;Nur straßengenau — über Nr. 35 verortet, die einzige aus dem überlieferten Bereich 33–35, die es heute noch gibt;529;;;1945-05-08;Italiener;;;
190;Gebr. Hilgeland;Maschinenbau;Maschinenfabrik;ja;1;Im Rehsiepen 33-35;Ronsdorf;Ronsdorf;;7.21781;51.224148;strassengenau;Nur straßengenau — über Nr. 35 verortet, die einzige aus dem überlieferten Bereich 33–35, die es heute noch gibt;529;;;1945-05-08;Holländer;;;
190;Gebr. Hilgeland;Maschinenbau;Maschinenfabrik;ja;1;Im Rehsiepen 33-35;Ronsdorf;Ronsdorf;;7.21781;51.224148;strassengenau;Nur straßengenau — über Nr. 35 verortet, die einzige aus dem überlieferten Bereich 33–35, die es heute noch gibt;529;;;1945-05-08;Russen;;;
191;Dr. Fritz Hillringhaus;Lebensmittelindustrie;Preßhefefabrik und Brennerei;nein;1;Rauental 51-59;Oberbarmen;Heckinghausen;;7.230526;51.272375;strassengenau;Nur straßengenau — über die Mitte der Nummern 51, 53, 55, 57, 59 verortet (5 von 5 aus dem Bereich 51–59);529;27.4.1943;1943-04-27;1945-05-08;Polen;;;
191;Dr. Fritz Hillringhaus;Lebensmittelindustrie;Preßhefefabrik und Brennerei;nein;1;Rauental 51-59;Oberbarmen;Heckinghausen;;7.230526;51.272375;strassengenau;Nur straßengenau — über die Mitte der Nummern 51, 53, 55, 57, 59 verortet (5 von 5 aus dem Bereich 51–59);529;27.4.1943;1943-04-27;1945-05-08;Niederländer;;;
191;Dr. Fritz Hillringhaus;Lebensmittelindustrie;Preßhefefabrik und Brennerei;nein;1;Rauental 51-59;Oberbarmen;Heckinghausen;;7.230526;51.272375;strassengenau;Nur straßengenau — über die Mitte der Nummern 51, 53, 55, 57, 59 verortet (5 von 5 aus dem Bereich 51–59);529;;;1945-05-08;Ostarbeiter;;;
191;Dr. Fritz Hillringhaus;Lebensmittelindustrie;Preßhefefabrik und Brennerei;nein;1;Rauental 51-59;Oberbarmen;Heckinghausen;;7.230526;51.272375;strassengenau;Nur straßengenau — über die Mitte der Nummern 51, 53, 55, 57, 59 verortet (5 von 5 aus dem Bereich 51–59);529;;;1945-05-08;Westarbeiter;;;
192;Hindrichs-Auffermann A.G.;Metallindustrie;Metall-, Walz- und Plattierwerk;nein;1;Heckinghauser Str. 118-120;Barmen;Barmen;;7.2047956;51.2703168;strassengenau;;529;13.8.1942;1942-08-13;1942-10-28;Ostarbeiter;84;0;84
192;Hindrichs-Auffermann A.G.;Metallindustrie;Metall-, Walz- und Plattierwerk;nein;1;Heckinghauser Str. 118-120;Barmen;Barmen;;7.2047956;51.2703168;strassengenau;;529;28.10.1942;1942-10-28;1943-04-27;Ostarbeiter;85;0;85
192;Hindrichs-Auffermann A.G.;Metallindustrie;Metall-, Walz- und Plattierwerk;nein;1;Heckinghauser Str. 118-120;Barmen;Barmen;;7.2047956;51.2703168;strassengenau;;529;27.4.1943;1943-04-27;1944-03-11;Ostarbeiter;176;9;167
192;Hindrichs-Auffermann A.G.;Metallindustrie;Metall-, Walz- und Plattierwerk;nein;1;Heckinghauser Str. 118-120;Barmen;Barmen;;7.2047956;51.2703168;strassengenau;;529;27.4.1943;1943-04-27;1945-05-08;Franzosen;;;
192;Hindrichs-Auffermann A.G.;Metallindustrie;Metall-, Walz- und Plattierwerk;nein;1;Heckinghauser Str. 118-120;Barmen;Barmen;;7.2047956;51.2703168;strassengenau;;529;27.4.1943;1943-04-27;1945-05-08;Belgier;;;
192;Hindrichs-Auffermann A.G.;Metallindustrie;Metall-, Walz- und Plattierwerk;nein;1;Heckinghauser Str. 118-120;Barmen;Barmen;;7.2047956;51.2703168;strassengenau;;529;31.1.1944;1944-01-31;1945-05-08;Deutsche;317;168;149
192;Hindrichs-Auffermann A.G.;Metallindustrie;Metall-, Walz- und Plattierwerk;nein;1;Heckinghauser Str. 118-120;Barmen;Barmen;;7.2047956;51.2703168;strassengenau;;529;31.1.1944;1944-01-31;1945-05-08;Ausländer;76;31;45
192;Hindrichs-Auffermann A.G.;Metallindustrie;Metall-, Walz- und Plattierwerk;nein;1;Heckinghauser Str. 118-120;Barmen;Barmen;;7.2047956;51.2703168;strassengenau;;529;31.1.1944;1944-01-31;1945-05-08;Kriegsgefangene;34;;
192;Hindrichs-Auffermann A.G.;Metallindustrie;Metall-, Walz- und Plattierwerk;nein;1;Heckinghauser Str. 118-120;Barmen;Barmen;;7.2047956;51.2703168;strassengenau;;529;11.3.1944;1944-03-11;1945-05-08;Ostarbeiter;137;17;120
193;Dr. Hans Höring;Lebensmittelindustrie;Konserven- und Marmeladenfabrik;nein;1;Viehhofstr. 33 A;Elberfeld;Elberfeld-West;;7.138172;51.247533;strassengenau;Nur straßengenau — über die Nachbarnummer 33 verortet, „33 A“ ist heute nicht mehr vergeben;529;;;;;;;
194;Hogarten & Co. KG;Ziegelei;Ronsdorfer Ziegelwerk;nein;1;Nibelungenstr. 67;Ronsdorf;Ronsdorf;;7.2092909;51.2248654;strassengenau;;529;30.6.1944;1944-06-30;1945-05-08;Ausländer ohne Nationalitätenangabe;38;38;
194;Hogarten & Co. KG;Ziegelei;Ronsdorfer Ziegelwerk;nein;1;Nibelungenstr. 67;Ronsdorf;Ronsdorf;;7.2092909;51.2248654;strassengenau;;529;;;1945-05-08;Ostarbeiter;;;
194;Hogarten & Co. KG;Ziegelei;Ronsdorfer Ziegelwerk;nein;1;Nibelungenstr. 67;Ronsdorf;Ronsdorf;;7.2092909;51.2248654;strassengenau;;529;;;1945-05-08;Westarbeiter;;;
195;Homann-Werke Wilhelm Homann;Metallindustrie;Herdfabrik;nein;1;Scheffelstr. 37;Vohwinkel;Vohwinkel;;7.0842905;51.2387975;hausgenau;;529;13.8.1942;1942-08-13;1942-10-28;Ostarbeiter;175;96;79
195;Homann-Werke Wilhelm Homann;Metallindustrie;Herdfabrik;nein;1;Scheffelstr. 37;Vohwinkel;Vohwinkel;;7.0842905;51.2387975;hausgenau;;529;28.10.1942;1942-10-28;1943-04-27;Ostarbeiter;175;95;80
195;Homann-Werke Wilhelm Homann;Metallindustrie;Herdfabrik;nein;1;Scheffelstr. 37;Vohwinkel;Vohwinkel;;7.0842905;51.2387975;hausgenau;;529;27.4.1943;1943-04-27;1944-01-31;Ostarbeiter;234;155;79
195;Homann-Werke Wilhelm Homann;Metallindustrie;Herdfabrik;nein;1;Scheffelstr. 37;Vohwinkel;Vohwinkel;;7.0842905;51.2387975;hausgenau;;529;27.4.1943;1943-04-27;1945-05-08;Franzosen;;;
195;Homann-Werke Wilhelm Homann;Metallindustrie;Herdfabrik;nein;1;Scheffelstr. 37;Vohwinkel;Vohwinkel;;7.0842905;51.2387975;hausgenau;;529;27.4.1943;1943-04-27;1945-05-08;Niederländer;;;
195;Homann-Werke Wilhelm Homann;Metallindustrie;Herdfabrik;nein;1;Scheffelstr. 37;Vohwinkel;Vohwinkel;;7.0842905;51.2387975;hausgenau;;529;31.1.1944;1944-01-31;1944-06-30;Deutsche;505;333;172
195;Homann-Werke Wilhelm Homann;Metallindustrie;Herdfabrik;nein;1;Scheffelstr. 37;Vohwinkel;Vohwinkel;;7.0842905;51.2387975;hausgenau;;529;31.1.1944;1944-01-31;1944-06-30;Westarbeiter;138;137;1
195;Homann-Werke Wilhelm Homann;Metallindustrie;Herdfabrik;nein;1;Scheffelstr. 37;Vohwinkel;Vohwinkel;;7.0842905;51.2387975;hausgenau;;529;31.1.1944;1944-01-31;1944-03-11;Ostarbeiter;259;164;95
195;Homann-Werke Wilhelm Homann;Metallindustrie;Herdfabrik;nein;1;Scheffelstr. 37;Vohwinkel;Vohwinkel;;7.0842905;51.2387975;hausgenau;;529;11.3.1944;1944-03-11;1944-06-30;Ostarbeiter;407;;
195;Homann-Werke Wilhelm Homann;Metallindustrie;Herdfabrik;nein;1;Scheffelstr. 37;Vohwinkel;Vohwinkel;;7.0842905;51.2387975;hausgenau;;529;30.6.1944;1944-06-30;1944-12-31;Deutsche;835;632;203
195;Homann-Werke Wilhelm Homann;Metallindustrie;Herdfabrik;nein;1;Scheffelstr. 37;Vohwinkel;Vohwinkel;;7.0842905;51.2387975;hausgenau;;529;30.6.1944;1944-06-30;1944-12-31;Westarbeiter;153;148;5
195;Homann-Werke Wilhelm Homann;Metallindustrie;Herdfabrik;nein;1;Scheffelstr. 37;Vohwinkel;Vohwinkel;;7.0842905;51.2387975;hausgenau;;529;30.6.1944;1944-06-30;1944-12-31;Ostarbeiter;475;257;218
195;Homann-Werke Wilhelm Homann;Metallindustrie;Herdfabrik;nein;1;Scheffelstr. 37;Vohwinkel;Vohwinkel;;7.0842905;51.2387975;hausgenau;;529;31.12.1944;1944-12-31;1945-05-08;Deutsche;981;692;289
195;Homann-Werke Wilhelm Homann;Metallindustrie;Herdfabrik;nein;1;Scheffelstr. 37;Vohwinkel;Vohwinkel;;7.0842905;51.2387975;hausgenau;;529;31.12.1944;1944-12-31;1945-05-08;Westarbeiter;424;410;14
195;Homann-Werke Wilhelm Homann;Metallindustrie;Herdfabrik;nein;1;Scheffelstr. 37;Vohwinkel;Vohwinkel;;7.0842905;51.2387975;hausgenau;;529;31.12.1944;1944-12-31;1945-05-08;Ostarbeiter;561;287;274
196;J. & A. Homberg;Handel / Dienstleistungen;Kraftstoffgroßhandel;nein;1;Zur Scheuren 24-30;Barmen;Barmen;;7.20171;51.275618;strassengenau;Nur straßengenau — über Nr. 28 verortet, die einzige aus dem überlieferten Bereich 24–30, die es heute noch gibt;530;30.4.1943;1943-04-30;1945-05-08;Deutsche;55;52;3
196;J. & A. Homberg;Handel / Dienstleistungen;Kraftstoffgroßhandel;nein;1;Zur Scheuren 24-30;Barmen;Barmen;;7.20171;51.275618;strassengenau;Nur straßengenau — über Nr. 28 verortet, die einzige aus dem überlieferten Bereich 24–30, die es heute noch gibt;530;30.4.1943;1943-04-30;1945-05-08;Westarbeiter;1;;
197;Wilhelm Hoppe;Bauunternehmen;Holzbau;nein;1;Tunnelstr. 28;Barmen;Barmen;;7.1855918;51.2712827;hausgenau;;530;27.4.1943;1943-04-27;1945-05-08;Polen;;;
197;Wilhelm Hoppe;Bauunternehmen;Holzbau;nein;1;Tunnelstr. 28;Barmen;Barmen;;7.1855918;51.2712827;hausgenau;;530;27.4.1943;1943-04-27;1945-05-08;Niederländer;;;
198;Josef Hora;Metallindustrie;Schraubenfabrik;ja;1;Langerfelder Str. 80;Barmen;Langerfeld-Beyenburg;;7.2322583;51.2726567;hausgenau;;530;27.4.1943;1943-04-27;1945-05-08;Polen;;;
198;Josef Hora;Metallindustrie;Schraubenfabrik;ja;1;Langerfelder Str. 80;Barmen;Langerfeld-Beyenburg;;7.2322583;51.2726567;hausgenau;;530;27.4.1943;1943-04-27;1945-05-08;Franzosen;;;
198;Josef Hora;Metallindustrie;Schraubenfabrik;ja;1;Langerfelder Str. 80;Barmen;Langerfeld-Beyenburg;;7.2322583;51.2726567;hausgenau;;530;;;1945-05-08;Ostarbeiter;;;
199;Ewald Hölschen;Textilindustrie;Dampfwäscherei;nein;1;Uellendahler Str. 240;Elberfeld;Uellendahl-Katernberg;;7.1542222;51.275383;hausgenau;;530;5.7.1944;1944-07-05;1945-05-08;Ostarbeiter;;;
200;Hugo Hösterey;Metallindustrie;Werkzeugfabrik und Hammerwerk;nein;1;Sudberger Str. 49;Cronenberg;Cronenberg;;7.1366789;51.1770614;strassengenau;;530;27.4.1943;1943-04-27;1945-05-08;Ostarbeiter;3;3;0
201;Hortmann & Fomm (HOFO);Lebensmittelindustrie;Keks-, Zwieback- und Waffel-Fabrik;nein;1;Goldlackstr. 30;Ronsdorf;Ronsdorf;;7.1966146;51.2224655;hausgenau;;530;;;1945-05-08;Ostarbeiter;;;
202;Hotel zur Post;Gastgewerbe;Hotel, Inhaber Josef Ahn;ja;1;Poststraße 4;Elberfeld;Elberfeld;;7.1471134;51.2580569;hausgenau;;530;11.3.1944;1944-03-11;1945-05-08;Ostarbeiter;11;7;4
203;Walter Hufstadt;Metallindustrie;Metallgießerei und Beschlägefabrik;nein;1;Hahnerbergerstraße 30-32;Elberfeld;Elberfeld;;7.15031;51.227237;strassengenau;Nur straßengenau — über Nr. 32 verortet, die einzige aus dem überlieferten Bereich 30–32, die es heute noch gibt;530;2.3.1943;1943-03-02;1945-05-08;Deutsche;7;7;
203;Walter Hufstadt;Metallindustrie;Metallgießerei und Beschlägefabrik;nein;1;Hahnerbergerstraße 30-32;Elberfeld;Elberfeld;;7.15031;51.227237;strassengenau;Nur straßengenau — über Nr. 32 verortet, die einzige aus dem überlieferten Bereich 30–32, die es heute noch gibt;530;2.3.1943;1943-03-02;1945-05-08;Ostarbeiter;2;2;
204;Gebrüder Hülstrunk;Handel / Dienstleistungen;Kohlen, Koks, Briketts;nein;1;Obergrünewalder Str. 12a;Elberfeld;Elberfeld;;7.1372619;51.2559035;hausgenau;;530;27.4.1943;1943-04-27;1945-05-08;Niederländer;;;
205;Hüsecken, Holzrichter & Co.;Metallindustrie;Kaltwalzwerk u. Lackiererei;ja;1;Am Eckstein 15;Barmen;Oberbarmen;;7.2355883;51.2885332;hausgenau;;530;27.4.1943;1943-04-27;1945-05-08;Niederländer;;;
206;Schlaraffia-Werke Hüser & Co. KG;Möbelindustrie;Matratzenfabrik;nein;1;Kreuzstr. 29-31;Wichlinghausen;Oberbarmen;;7.2206954;51.2865543;hausgenau;;530;13.8.1942;1942-08-13;1942-10-28;Ostarbeiter;49;0;49
206;Schlaraffia-Werke Hüser & Co. KG;Möbelindustrie;Matratzenfabrik;nein;1;Kreuzstr. 29-31;Wichlinghausen;Oberbarmen;;7.2206954;51.2865543;hausgenau;;530;28.10.1942;1942-10-28;1943-04-27;Ostarbeiter;46;0;46
206;Schlaraffia-Werke Hüser & Co. KG;Möbelindustrie;Matratzenfabrik;nein;1;Kreuzstr. 29-31;Wichlinghausen;Oberbarmen;;7.2206954;51.2865543;hausgenau;;530;27.4.1943;1943-04-27;1944-03-11;Ostarbeiter;98;0;98
206;Schlaraffia-Werke Hüser & Co. KG;Möbelindustrie;Matratzenfabrik;nein;1;Kreuzstr. 29-31;Wichlinghausen;Oberbarmen;;7.2206954;51.2865543;hausgenau;;530;27.4.1943;1943-04-27;1945-05-08;Niederländer;;;
206;Schlaraffia-Werke Hüser & Co. KG;Möbelindustrie;Matratzenfabrik;nein;1;Kreuzstr. 29-31;Wichlinghausen;Oberbarmen;;7.2206954;51.2865543;hausgenau;;530;11.3.1944;1944-03-11;1945-05-08;Ostarbeiter;101;0;101
207;Arthur Huppertsberg KG;Textilindustrie;Fabrik in Gummilitzen, Kordeln;nein;1;Hagenauer Straße 30-32;Elberfeld;Elberfeld;;7.1499782;51.266232;hausgenau;;530;27.4.1943;1943-04-27;1945-05-08;Niederländer;;;
208;Imo-Großdruckerei Carl H. Vollmer;Druckwesen;Druckerei;nein;1;Kleiner Werth 46;Barmen;Barmen;;7.2049792;51.2731033;strassengenau;;530;27.4.1943;1943-04-27;1945-05-08;Franzosen;;;
209;Ingenia [Ludwig Böddecker & A. Neiman];Metallindustrie;Schloß- und Metallwarenfabrik;nein;1;Wiescherstraße 11-13;Wichlinghausen;Oberbarmen;;7.2226794;51.2870518;hausgenau;;530;;;1945-05-08;Ostarbeiter;;;
210;Gebr. Itter;Metallindustrie;Werkzeugfabrik;nein;1;Theishahner Straße 45 a;Küllenhahn;Küllenhahn;;7.1484554;51.2260722;strassengenau;;530;27.4.1943;1943-04-27;1945-05-08;Ostarbeiter;5;5;0
211;Gebr. Jacobi GmbH;Gärtnerei;Gartenbau;nein;1;Nietzschestr. 25;Vohwinkel;Vohwinkel;;7.080719;51.2357505;hausgenau;;531;27.4.1943;1943-04-27;1945-05-08;Niederländer;;;
211;Gebr. Jacobi GmbH;Gärtnerei;Gartenbau;nein;1;Nietzschestr. 25;Vohwinkel;Vohwinkel;;7.080719;51.2357505;hausgenau;;531;;;1945-05-08;Kriegsgefangene;;;
211;Gebr. Jacobi GmbH;Gärtnerei;Gartenbau;nein;1;Nietzschestr. 25;Vohwinkel;Vohwinkel;;7.080719;51.2357505;hausgenau;;531;;;1945-05-08;Ostarbeiter;;;
212;G. & J. Jaeger GmbH;Maschinenbau;Maschinenfabrik, Kugellager;unbekannt;1;Mettmanner Str. 79-99;Elberfeld;Elberfeld-West;;7.092692;51.252105;strassengenau;Nur straßengenau — über die Mitte der Nummern 79, 89 verortet (2 von 11 aus dem Bereich 79–99);531;8.5.1942;1942-05-08;1942-08-13;Ostarbeiter;100;60;40
212;G. & J. Jaeger GmbH;Maschinenbau;Maschinenfabrik, Kugellager;unbekannt;1;Mettmanner Str. 79-99;Elberfeld;Elberfeld-West;;7.092692;51.252105;strassengenau;Nur straßengenau — über die Mitte der Nummern 79, 89 verortet (2 von 11 aus dem Bereich 79–99);531;13.8.1942;1942-08-13;1942-10-28;Ostarbeiter;108;56;52
212;G. & J. Jaeger GmbH;Maschinenbau;Maschinenfabrik, Kugellager;unbekannt;1;Mettmanner Str. 79-99;Elberfeld;Elberfeld-West;;7.092692;51.252105;strassengenau;Nur straßengenau — über die Mitte der Nummern 79, 89 verortet (2 von 11 aus dem Bereich 79–99);531;28.10.1942;1942-10-28;1943-04-27;Ostarbeiter;243;111;132
212;G. & J. Jaeger GmbH;Maschinenbau;Maschinenfabrik, Kugellager;unbekannt;1;Mettmanner Str. 79-99;Elberfeld;Elberfeld-West;;7.092692;51.252105;strassengenau;Nur straßengenau — über die Mitte der Nummern 79, 89 verortet (2 von 11 aus dem Bereich 79–99);531;27.4.1943;1943-04-27;1944-01-31;Ostarbeiter;131;91;40
212;G. & J. Jaeger GmbH;Maschinenbau;Maschinenfabrik, Kugellager;unbekannt;1;Mettmanner Str. 79-99;Elberfeld;Elberfeld-West;;7.092692;51.252105;strassengenau;Nur straßengenau — über die Mitte der Nummern 79, 89 verortet (2 von 11 aus dem Bereich 79–99);531;27.4.1943;1943-04-27;1945-05-08;Franzosen;;;
212;G. & J. Jaeger GmbH;Maschinenbau;Maschinenfabrik, Kugellager;unbekannt;1;Mettmanner Str. 79-99;Elberfeld;Elberfeld-West;;7.092692;51.252105;strassengenau;Nur straßengenau — über die Mitte der Nummern 79, 89 verortet (2 von 11 aus dem Bereich 79–99);531;27.4.1943;1943-04-27;1945-05-08;Niederländer;;;
212;G. & J. Jaeger GmbH;Maschinenbau;Maschinenfabrik, Kugellager;unbekannt;1;Mettmanner Str. 79-99;Elberfeld;Elberfeld-West;;7.092692;51.252105;strassengenau;Nur straßengenau — über die Mitte der Nummern 79, 89 verortet (2 von 11 aus dem Bereich 79–99);531;27.4.1943;1943-04-27;1945-05-08;Italiener;;;
212;G. & J. Jaeger GmbH;Maschinenbau;Maschinenfabrik, Kugellager;unbekannt;1;Mettmanner Str. 79-99;Elberfeld;Elberfeld-West;;7.092692;51.252105;strassengenau;Nur straßengenau — über die Mitte der Nummern 79, 89 verortet (2 von 11 aus dem Bereich 79–99);531;31.1.1944;1944-01-31;1944-06-30;Deutsche;819;630;189
212;G. & J. Jaeger GmbH;Maschinenbau;Maschinenfabrik, Kugellager;unbekannt;1;Mettmanner Str. 79-99;Elberfeld;Elberfeld-West;;7.092692;51.252105;strassengenau;Nur straßengenau — über die Mitte der Nummern 79, 89 verortet (2 von 11 aus dem Bereich 79–99);531;31.1.1944;1944-01-31;1944-06-30;Westarbeiter;441;439;2
212;G. & J. Jaeger GmbH;Maschinenbau;Maschinenfabrik, Kugellager;unbekannt;1;Mettmanner Str. 79-99;Elberfeld;Elberfeld-West;;7.092692;51.252105;strassengenau;Nur straßengenau — über die Mitte der Nummern 79, 89 verortet (2 von 11 aus dem Bereich 79–99);531;31.1.1944;1944-01-31;1944-03-11;Ostarbeiter;321;88;233
212;G. & J. Jaeger GmbH;Maschinenbau;Maschinenfabrik, Kugellager;unbekannt;1;Mettmanner Str. 79-99;Elberfeld;Elberfeld-West;;7.092692;51.252105;strassengenau;Nur straßengenau — über die Mitte der Nummern 79, 89 verortet (2 von 11 aus dem Bereich 79–99);531;31.1.1944;1944-01-31;1944-06-30;russische Kriegsgefangene;44;;
212;G. & J. Jaeger GmbH;Maschinenbau;Maschinenfabrik, Kugellager;unbekannt;1;Mettmanner Str. 79-99;Elberfeld;Elberfeld-West;;7.092692;51.252105;strassengenau;Nur straßengenau — über die Mitte der Nummern 79, 89 verortet (2 von 11 aus dem Bereich 79–99);531;31.1.1944;1944-01-31;1944-06-30;sonstige Kriegsgefangene;417;;
212;G. & J. Jaeger GmbH;Maschinenbau;Maschinenfabrik, Kugellager;unbekannt;1;Mettmanner Str. 79-99;Elberfeld;Elberfeld-West;;7.092692;51.252105;strassengenau;Nur straßengenau — über die Mitte der Nummern 79, 89 verortet (2 von 11 aus dem Bereich 79–99);531;11.3.1944;1944-03-11;1944-06-30;Ostarbeiter;448;147;301
212;G. & J. Jaeger GmbH;Maschinenbau;Maschinenfabrik, Kugellager;unbekannt;1;Mettmanner Str. 79-99;Elberfeld;Elberfeld-West;;7.092692;51.252105;strassengenau;Nur straßengenau — über die Mitte der Nummern 79, 89 verortet (2 von 11 aus dem Bereich 79–99);531;15.4.1944;1944-04-15;1945-05-08;kriegsgefangene Italiener;;;
212;G. & J. Jaeger GmbH;Maschinenbau;Maschinenfabrik, Kugellager;unbekannt;1;Mettmanner Str. 79-99;Elberfeld;Elberfeld-West;;7.092692;51.252105;strassengenau;Nur straßengenau — über die Mitte der Nummern 79, 89 verortet (2 von 11 aus dem Bereich 79–99);531;30.6.1944;1944-06-30;1944-12-31;Deutsche;881;689;192
212;G. & J. Jaeger GmbH;Maschinenbau;Maschinenfabrik, Kugellager;unbekannt;1;Mettmanner Str. 79-99;Elberfeld;Elberfeld-West;;7.092692;51.252105;strassengenau;Nur straßengenau — über die Mitte der Nummern 79, 89 verortet (2 von 11 aus dem Bereich 79–99);531;30.6.1944;1944-06-30;1944-12-31;Westarbeiter;361;356;5
212;G. & J. Jaeger GmbH;Maschinenbau;Maschinenfabrik, Kugellager;unbekannt;1;Mettmanner Str. 79-99;Elberfeld;Elberfeld-West;;7.092692;51.252105;strassengenau;Nur straßengenau — über die Mitte der Nummern 79, 89 verortet (2 von 11 aus dem Bereich 79–99);531;30.6.1944;1944-06-30;1944-12-31;Ostarbeiter;390;154;236
212;G. & J. Jaeger GmbH;Maschinenbau;Maschinenfabrik, Kugellager;unbekannt;1;Mettmanner Str. 79-99;Elberfeld;Elberfeld-West;;7.092692;51.252105;strassengenau;Nur straßengenau — über die Mitte der Nummern 79, 89 verortet (2 von 11 aus dem Bereich 79–99);531;30.6.1944;1944-06-30;1944-12-31;russische Kriegsgefangene;41;;
212;G. & J. Jaeger GmbH;Maschinenbau;Maschinenfabrik, Kugellager;unbekannt;1;Mettmanner Str. 79-99;Elberfeld;Elberfeld-West;;7.092692;51.252105;strassengenau;Nur straßengenau — über die Mitte der Nummern 79, 89 verortet (2 von 11 aus dem Bereich 79–99);531;30.6.1944;1944-06-30;1944-12-31;sonstige Kriegsgefangene;409;;
212;G. & J. Jaeger GmbH;Maschinenbau;Maschinenfabrik, Kugellager;unbekannt;1;Mettmanner Str. 79-99;Elberfeld;Elberfeld-West;;7.092692;51.252105;strassengenau;Nur straßengenau — über die Mitte der Nummern 79, 89 verortet (2 von 11 aus dem Bereich 79–99);531;31.12.1944;1944-12-31;1945-05-08;Deutsche;881;657;224
212;G. & J. Jaeger GmbH;Maschinenbau;Maschinenfabrik, Kugellager;unbekannt;1;Mettmanner Str. 79-99;Elberfeld;Elberfeld-West;;7.092692;51.252105;strassengenau;Nur straßengenau — über die Mitte der Nummern 79, 89 verortet (2 von 11 aus dem Bereich 79–99);531;31.12.1944;1944-12-31;1945-05-08;Westarbeiter;691;674;17
212;G. & J. Jaeger GmbH;Maschinenbau;Maschinenfabrik, Kugellager;unbekannt;1;Mettmanner Str. 79-99;Elberfeld;Elberfeld-West;;7.092692;51.252105;strassengenau;Nur straßengenau — über die Mitte der Nummern 79, 89 verortet (2 von 11 aus dem Bereich 79–99);531;31.12.1944;1944-12-31;1945-05-08;Ostarbeiter;384;152;232
212;G. & J. Jaeger GmbH;Maschinenbau;Maschinenfabrik, Kugellager;unbekannt;1;Mettmanner Str. 79-99;Elberfeld;Elberfeld-West;;7.092692;51.252105;strassengenau;Nur straßengenau — über die Mitte der Nummern 79, 89 verortet (2 von 11 aus dem Bereich 79–99);531;31.12.1944;1944-12-31;1945-05-08;russische Kriegsgefangene;69;;
212;G. & J. Jaeger GmbH;Maschinenbau;Maschinenfabrik, Kugellager;unbekannt;1;Mettmanner Str. 79-99;Elberfeld;Elberfeld-West;;7.092692;51.252105;strassengenau;Nur straßengenau — über die Mitte der Nummern 79, 89 verortet (2 von 11 aus dem Bereich 79–99);531;31.12.1944;1944-12-31;1945-05-08;sonstige Kriegsgefangene;58;;
213;Theodor Janning;Gärtnerei;Gärtnerei;nein;1;Kohlstraße 92;Elberfeld;Uellendahl-Katernberg;;7.1473703;51.2784534;hausgenau;;531;;;1945-05-08;Russen;;;
214;Leo Janssen;Lebensmittelindustrie;Großschlachterei;nein;1;Viehhofstraße 112;Elberfeld;Elberfeld-West;;7.1389533;51.248242;strassengenau;;531;;;1945-05-08;Westarbeiter;;;
215;Gebr. Jeude;Metallindustrie;Werkzeugfabrik;unbekannt;1;Küllenhahner Str. 27;Küllenhahn;Küllenhahn;;7.1467616;51.229407;strassengenau;;531;;;1945-05-08;Ostarbeiter;;;
216;Wilhelm Jöcker;Metallindustrie;Kleineisenwarenfabrik;unbekannt;1;Kemmanstr. 70;Cronenberg;Cronenberg;;7.1379259;51.2045676;hausgenau;;531;;;1945-05-08;Ostarbeiter;;;
217;Fritz Joel;Handel / Dienstleistungen;Kohlengroßhandel;nein;1;Loher Str. 8;Barmen;Barmen;;7.1826112;51.2653723;hausgenau;;531;27.4.1943;1943-04-27;1945-05-08;Franzosen;;;
218;C. + P. Joest;Bauunternehmen;Stahlbau;nein;1;Winchenbachstr. 88;Barmen;Barmen;;7.191972;51.2870716;hausgenau;;531;38.11.1942;1942-11-38;1945-05-08;Deutsche;43;41;2
219;August Jung Söhne;Druckwesen;Druckerei;nein;1;Rauer Werth 7a;Barmen;Oberbarmen;;7.2077662;51.2740823;strassengenau;;531;27.4.1943;1943-04-27;1945-05-08;Niederländer;;;
220;P. Hermann Jung;Metallindustrie;Maurerkellenfabrik;ja;1;Küllenhahner Str. 29;Küllenhahn;Küllenhahn;;7.1480447;51.2289595;hausgenau;;531;27.4.1943;1943-04-27;1945-05-08;Ostarbeiter;5;5;0
221;Werner Jungmann;Handel / Dienstleistungen;DKW-Autohandel;ja;1;Heckinghauser Str. 102-106;Barmen;Heckinghausen;;7.2162181;51.2708053;hausgenau;;532;27.4.1943;1943-04-27;1945-05-08;Belgier;;;
221;Werner Jungmann;Handel / Dienstleistungen;DKW-Autohandel;ja;1;Heckinghauser Str. 102-106;Barmen;Heckinghausen;;7.2162181;51.2708053;hausgenau;;532;27.4.1943;1943-04-27;1945-05-08;Westarbeiter;;;
222;Kabel- und Drahtwerk AG (an anderer Stelle: Kabel- und Gummiwerk AG);Elektrotechnik;;unbekannt;1;Vohwinkeler Str. 71-83;Vohwinkel;Vohwinkel;;7.0439975;51.2165487;strassengenau;;532;28.10.1942;1942-10-28;1943-04-27;Ostarbeiter;70;53;17
222;Kabel- und Drahtwerk AG (an anderer Stelle: Kabel- und Gummiwerk AG);Elektrotechnik;;unbekannt;1;Vohwinkeler Str. 71-83;Vohwinkel;Vohwinkel;;7.0439975;51.2165487;strassengenau;;532;27.4.1943;1943-04-27;1944-01-31;Ostarbeiter;60;43;17
222;Kabel- und Drahtwerk AG (an anderer Stelle: Kabel- und Gummiwerk AG);Elektrotechnik;;unbekannt;1;Vohwinkeler Str. 71-83;Vohwinkel;Vohwinkel;;7.0439975;51.2165487;strassengenau;;532;27.4.1943;1943-04-27;1945-05-08;Franzosen;;;
222;Kabel- und Drahtwerk AG (an anderer Stelle: Kabel- und Gummiwerk AG);Elektrotechnik;;unbekannt;1;Vohwinkeler Str. 71-83;Vohwinkel;Vohwinkel;;7.0439975;51.2165487;strassengenau;;532;31.1.1944;1944-01-31;1944-06-30;Deutsche;473;163;310
222;Kabel- und Drahtwerk AG (an anderer Stelle: Kabel- und Gummiwerk AG);Elektrotechnik;;unbekannt;1;Vohwinkeler Str. 71-83;Vohwinkel;Vohwinkel;;7.0439975;51.2165487;strassengenau;;532;31.1.1944;1944-01-31;1944-06-30;Westarbeiter;30;10;20
222;Kabel- und Drahtwerk AG (an anderer Stelle: Kabel- und Gummiwerk AG);Elektrotechnik;;unbekannt;1;Vohwinkeler Str. 71-83;Vohwinkel;Vohwinkel;;7.0439975;51.2165487;strassengenau;;532;31.1.1944;1944-01-31;1944-03-11;Ostarbeiter;73;47;26
222;Kabel- und Drahtwerk AG (an anderer Stelle: Kabel- und Gummiwerk AG);Elektrotechnik;;unbekannt;1;Vohwinkeler Str. 71-83;Vohwinkel;Vohwinkel;;7.0439975;51.2165487;strassengenau;;532;31.1.1944;1944-01-31;1944-06-30;nicht-russische Kriegsgefangene;5;;
222;Kabel- und Drahtwerk AG (an anderer Stelle: Kabel- und Gummiwerk AG);Elektrotechnik;;unbekannt;1;Vohwinkeler Str. 71-83;Vohwinkel;Vohwinkel;;7.0439975;51.2165487;strassengenau;;532;11.3.1944;1944-03-11;1944-06-30;Ostarbeiter;68;43;25
222;Kabel- und Drahtwerk AG (an anderer Stelle: Kabel- und Gummiwerk AG);Elektrotechnik;;unbekannt;1;Vohwinkeler Str. 71-83;Vohwinkel;Vohwinkel;;7.0439975;51.2165487;strassengenau;;532;30.6.1944;1944-06-30;1944-12-01;Deutsche;488;167;321
222;Kabel- und Drahtwerk AG (an anderer Stelle: Kabel- und Gummiwerk AG);Elektrotechnik;;unbekannt;1;Vohwinkeler Str. 71-83;Vohwinkel;Vohwinkel;;7.0439975;51.2165487;strassengenau;;532;30.6.1944;1944-06-30;1944-12-01;Westarbeiter;27;7;20
222;Kabel- und Drahtwerk AG (an anderer Stelle: Kabel- und Gummiwerk AG);Elektrotechnik;;unbekannt;1;Vohwinkeler Str. 71-83;Vohwinkel;Vohwinkel;;7.0439975;51.2165487;strassengenau;;532;30.6.1944;1944-06-30;1944-07-05;Ostarbeiter;73;46;27
222;Kabel- und Drahtwerk AG (an anderer Stelle: Kabel- und Gummiwerk AG);Elektrotechnik;;unbekannt;1;Vohwinkeler Str. 71-83;Vohwinkel;Vohwinkel;;7.0439975;51.2165487;strassengenau;;532;30.6.1944;1944-06-30;1944-12-01;nicht-russische Kriegsgefangene;5;;
222;Kabel- und Drahtwerk AG (an anderer Stelle: Kabel- und Gummiwerk AG);Elektrotechnik;;unbekannt;1;Vohwinkeler Str. 71-83;Vohwinkel;Vohwinkel;;7.0439975;51.2165487;strassengenau;;532;05.07.1944;1944-07-05;1944-12-01;Ostarbeiter;;;
222;Kabel- und Drahtwerk AG (an anderer Stelle: Kabel- und Gummiwerk AG);Elektrotechnik;;unbekannt;1;Vohwinkeler Str. 71-83;Vohwinkel;Vohwinkel;;7.0439975;51.2165487;strassengenau;;532;1.12.1944;1944-12-01;1945-05-08;Deutsche;536;161;375
222;Kabel- und Drahtwerk AG (an anderer Stelle: Kabel- und Gummiwerk AG);Elektrotechnik;;unbekannt;1;Vohwinkeler Str. 71-83;Vohwinkel;Vohwinkel;;7.0439975;51.2165487;strassengenau;;532;1.12.1944;1944-12-01;1945-05-08;Westarbeiter;34;13;21
222;Kabel- und Drahtwerk AG (an anderer Stelle: Kabel- und Gummiwerk AG);Elektrotechnik;;unbekannt;1;Vohwinkeler Str. 71-83;Vohwinkel;Vohwinkel;;7.0439975;51.2165487;strassengenau;;532;1.12.1944;1944-12-01;1945-05-08;Ostarbeiter;67;43;24
222;Kabel- und Drahtwerk AG (an anderer Stelle: Kabel- und Gummiwerk AG);Elektrotechnik;;unbekannt;1;Vohwinkeler Str. 71-83;Vohwinkel;Vohwinkel;;7.0439975;51.2165487;strassengenau;;532;1.12.1944;1944-12-01;1945-05-08;nicht-russische Kriegsgefangene;5;;
222;Kabel- und Drahtwerk AG (an anderer Stelle: Kabel- und Gummiwerk AG);Elektrotechnik;;unbekannt;1;Vohwinkeler Str. 71-83;Vohwinkel;Vohwinkel;;7.0439975;51.2165487;strassengenau;;532;;;1945-05-08;Franzosen;15;;
222;Kabel- und Drahtwerk AG (an anderer Stelle: Kabel- und Gummiwerk AG);Elektrotechnik;;unbekannt;1;Vohwinkeler Str. 71-83;Vohwinkel;Vohwinkel;;7.0439975;51.2165487;strassengenau;;532;;;1945-05-08;Belgier;4;;
223;Wwe, Peter Kampermann;Textilindustrie;Wäscherei;nein;1;In der Ossenbeck 3;Elberfeld;Elberfeld;;7.1327749;51.2410279;hausgenau;;532;27.4.1943;1943-04-27;1945-05-08;Franzosen;;;
223;Wwe, Peter Kampermann;Textilindustrie;Wäscherei;nein;1;In der Ossenbeck 3;Elberfeld;Elberfeld;;7.1327749;51.2410279;hausgenau;;532;;;1945-05-08;Ostarbeiter;;;
223;Wwe, Peter Kampermann;Textilindustrie;Wäscherei;nein;1;In der Ossenbeck 3;Elberfeld;Elberfeld;;7.1327749;51.2410279;hausgenau;;532;;;1945-05-08;Westarbeiter;;;
224;Käseberg & Co. KG;Maschinenbau;Wuppertaler Bandwebstuhlfabrik;nein;1;Linderhauser Str. 42 a;Barmen;Oberbarmen;;7.239126;51.292188;strassengenau;Nur straßengenau — über die Nachbarnummer 42 verortet, „42 a“ ist heute nicht mehr vergeben;532;28.10.1942;1942-10-28;1943-04-27;Ostarbeiter;6;0;6
224;Käseberg & Co. KG;Maschinenbau;Wuppertaler Bandwebstuhlfabrik;nein;1;Linderhauser Str. 42 a;Barmen;Oberbarmen;;7.239126;51.292188;strassengenau;Nur straßengenau — über die Nachbarnummer 42 verortet, „42 a“ ist heute nicht mehr vergeben;532;27.4.1943;1943-04-27;1944-03-11;Ostarbeiter;6;0;6
224;Käseberg & Co. KG;Maschinenbau;Wuppertaler Bandwebstuhlfabrik;nein;1;Linderhauser Str. 42 a;Barmen;Oberbarmen;;7.239126;51.292188;strassengenau;Nur straßengenau — über die Nachbarnummer 42 verortet, „42 a“ ist heute nicht mehr vergeben;532;11.3.1944;1944-03-11;1945-05-08;Ostarbeiter;10;0;10
225;Fritz Karthaus;Textilindustrie;Reinigungsanstalt [Färberei?];nein;1;Loher Str. 29 a;Barmen;Barmen;;7.1813192;51.2666806;strassengenau;;532;5.7.1944;1944-07-05;1945-05-08;Ostarbeiter;;;
226;J. C. E.Kaufmann;Metallindustrie;Metallwarenwerke (Markenname: HERKULES );nein;1;Vohwinkeler Str. 161;Vohwinkel;Vohwinkel;;7.0439975;51.2165487;strassengenau;;532;13.8.1942;1942-08-13;1942-10-28;Ostarbeiter;30;0;30
226;J. C. E.Kaufmann;Metallindustrie;Metallwarenwerke (Markenname: HERKULES );nein;1;Vohwinkeler Str. 161;Vohwinkel;Vohwinkel;;7.0439975;51.2165487;strassengenau;;532;28.10.1942;1942-10-28;1943-04-27;Ostarbeiter;27;0;27
226;J. C. E.Kaufmann;Metallindustrie;Metallwarenwerke (Markenname: HERKULES );nein;1;Vohwinkeler Str. 161;Vohwinkel;Vohwinkel;;7.0439975;51.2165487;strassengenau;;532;27.4.1943;1943-04-27;1944-01-31;Ostarbeiter;63;10;53
226;J. C. E.Kaufmann;Metallindustrie;Metallwarenwerke (Markenname: HERKULES );nein;1;Vohwinkeler Str. 161;Vohwinkel;Vohwinkel;;7.0439975;51.2165487;strassengenau;;532;27.4.1943;1943-04-27;1945-05-08;Franzosen;;;
226;J. C. E.Kaufmann;Metallindustrie;Metallwarenwerke (Markenname: HERKULES );nein;1;Vohwinkeler Str. 161;Vohwinkel;Vohwinkel;;7.0439975;51.2165487;strassengenau;;532;27.4.1943;1943-04-27;1945-05-08;Niederländer;;;
226;J. C. E.Kaufmann;Metallindustrie;Metallwarenwerke (Markenname: HERKULES );nein;1;Vohwinkeler Str. 161;Vohwinkel;Vohwinkel;;7.0439975;51.2165487;strassengenau;;532;31.1.1944;1944-01-31;1944-06-30;Deutsche;74;60;14
226;J. C. E.Kaufmann;Metallindustrie;Metallwarenwerke (Markenname: HERKULES );nein;1;Vohwinkeler Str. 161;Vohwinkel;Vohwinkel;;7.0439975;51.2165487;strassengenau;;532;31.1.1944;1944-01-31;1945-05-08;Westarbeiter;2;2;
226;J. C. E.Kaufmann;Metallindustrie;Metallwarenwerke (Markenname: HERKULES );nein;1;Vohwinkeler Str. 161;Vohwinkel;Vohwinkel;;7.0439975;51.2165487;strassengenau;;532;31.1.1944;1944-01-31;1944-03-11;Ostarbeiter;56;7;49
226;J. C. E.Kaufmann;Metallindustrie;Metallwarenwerke (Markenname: HERKULES );nein;1;Vohwinkeler Str. 161;Vohwinkel;Vohwinkel;;7.0439975;51.2165487;strassengenau;;532;31.1.1944;1944-01-31;1944-06-30;nicht-russische Kriegsgefangene;21;;
226;J. C. E.Kaufmann;Metallindustrie;Metallwarenwerke (Markenname: HERKULES );nein;1;Vohwinkeler Str. 161;Vohwinkel;Vohwinkel;;7.0439975;51.2165487;strassengenau;;532;11.3.1944;1944-03-11;1944-06-30;Ostarbeiter;58;7;51
226;J. C. E.Kaufmann;Metallindustrie;Metallwarenwerke (Markenname: HERKULES );nein;1;Vohwinkeler Str. 161;Vohwinkel;Vohwinkel;;7.0439975;51.2165487;strassengenau;;532;30.6.1944;1944-06-30;1944-11-30;Deutsche;58;47;11
226;J. C. E.Kaufmann;Metallindustrie;Metallwarenwerke (Markenname: HERKULES );nein;1;Vohwinkeler Str. 161;Vohwinkel;Vohwinkel;;7.0439975;51.2165487;strassengenau;;532;30.6.1944;1944-06-30;1944-11-30;Ostarbeiter;13;1;12
226;J. C. E.Kaufmann;Metallindustrie;Metallwarenwerke (Markenname: HERKULES );nein;1;Vohwinkeler Str. 161;Vohwinkel;Vohwinkel;;7.0439975;51.2165487;strassengenau;;532;30.6.1944;1944-06-30;1944-11-30;nicht-russische Kriegsgefangene;20;;
226;J. C. E.Kaufmann;Metallindustrie;Metallwarenwerke (Markenname: HERKULES );nein;1;Vohwinkeler Str. 161;Vohwinkel;Vohwinkel;;7.0439975;51.2165487;strassengenau;;532;30.11.1944;1944-11-30;1945-05-08;Deutsche;77;41;36
226;J. C. E.Kaufmann;Metallindustrie;Metallwarenwerke (Markenname: HERKULES );nein;1;Vohwinkeler Str. 161;Vohwinkel;Vohwinkel;;7.0439975;51.2165487;strassengenau;;532;30.11.1944;1944-11-30;1945-05-08;Ostarbeiter;15;1;14
226;J. C. E.Kaufmann;Metallindustrie;Metallwarenwerke (Markenname: HERKULES );nein;1;Vohwinkeler Str. 161;Vohwinkel;Vohwinkel;;7.0439975;51.2165487;strassengenau;;532;30.11.1944;1944-11-30;1945-05-08;nicht-russische Kriegsgefangene;23;;
228;Gebr. Kehrenberg;Textilindustrie;Gurt- und Gummibandweberei;unbekannt;1;Eintrachtstraße 29-31;Barmen;Oberbarmen;;7.2037881;51.2764845;hausgenau;;532;30.11.1942;1942-11-30;1945-05-08;Deutsche;33;23;20
228;Gebr. Kehrenberg;Textilindustrie;Gurt- und Gummibandweberei;unbekannt;1;Eintrachtstraße 29-31;Barmen;Oberbarmen;;7.2037881;51.2764845;hausgenau;;532;30.11.1942;1942-11-30;1945-05-08;Westarbeiter;1;;1
229;Wilhelm Keil;Metallindustrie;Fräskettenwerkzeugfabrik;unbekannt;1;Hastener Str. 14;Cronenberg;Cronenberg;;7.1473437;51.2137006;hausgenau;;532;13.8.1942;1942-08-13;1942-10-28;Ostarbeiter;5;5;0
229;Wilhelm Keil;Metallindustrie;Fräskettenwerkzeugfabrik;unbekannt;1;Hastener Str. 14;Cronenberg;Cronenberg;;7.1473437;51.2137006;hausgenau;;532;28.10.1942;1942-10-28;1943-04-27;Ostarbeiter;5;5;0
229;Wilhelm Keil;Metallindustrie;Fräskettenwerkzeugfabrik;unbekannt;1;Hastener Str. 14;Cronenberg;Cronenberg;;7.1473437;51.2137006;hausgenau;;532;27.4.1943;1943-04-27;1943-09-30;Ostarbeiter;5;5;0
229;Wilhelm Keil;Metallindustrie;Fräskettenwerkzeugfabrik;unbekannt;1;Hastener Str. 14;Cronenberg;Cronenberg;;7.1473437;51.2137006;hausgenau;;532;30.9.1943;1943-09-30;1945-05-08;Deutsche;18;12;6
229;Wilhelm Keil;Metallindustrie;Fräskettenwerkzeugfabrik;unbekannt;1;Hastener Str. 14;Cronenberg;Cronenberg;;7.1473437;51.2137006;hausgenau;;532;30.9.1943;1943-09-30;1945-05-08;Ostarbeiter;5;;
230;Ewald Kellermann;Textilindustrie;Gardina-Band-Kordel Werk;ja;1;Ritterstr. 68-70;Barmen;Barmen;;7.1705634;51.2577168;hausgenau;;533;27.4.1943;1943-04-27;1945-05-08;Polen;;;
230;Ewald Kellermann;Textilindustrie;Gardina-Band-Kordel Werk;ja;1;Ritterstr. 68-70;Barmen;Barmen;;7.1705634;51.2577168;hausgenau;;533;;;1945-05-08;Ostarbeiter;;;
230;Ewald Kellermann;Textilindustrie;Gardina-Band-Kordel Werk;ja;1;Ritterstr. 68-70;Barmen;Barmen;;7.1705634;51.2577168;hausgenau;;533;;;1945-05-08;Westarbeiter;;;
231;Peter Kikuth;Lebensmittelindustrie;KUKI Pfefferminztablettenfabrik (auch Kaffeerösterei);nein;1;Gosenburg 47;Barmen;Heckinghausen;;7.2263592;51.2684984;strassengenau;;533;28.10.1942;1942-10-28;1943-04-27;Ostarbeiter;1;1;0
231;Peter Kikuth;Lebensmittelindustrie;KUKI Pfefferminztablettenfabrik (auch Kaffeerösterei);nein;1;Gosenburg 47;Barmen;Heckinghausen;;7.2263592;51.2684984;strassengenau;;533;27.4.1943;1943-04-27;1945-05-08;Ostarbeiter;1;1;0
232;Gustav Kipper sen.;Metallindustrie;Schraubenfabrik;nein;1;Buscherhofer Straße 1;Cronenberg;Cronenberg;;7.131706;51.2016664;hausgenau;;533;13.8.1942;1942-08-13;1942-10-28;Ostarbeiter;8;8;0
232;Gustav Kipper sen.;Metallindustrie;Schraubenfabrik;nein;1;Buscherhofer Straße 1;Cronenberg;Cronenberg;;7.131706;51.2016664;hausgenau;;533;28.10.1942;1942-10-28;1943-04-27;Ostarbeiter;7;7;0
232;Gustav Kipper sen.;Metallindustrie;Schraubenfabrik;nein;1;Buscherhofer Straße 1;Cronenberg;Cronenberg;;7.131706;51.2016664;hausgenau;;533;27.4.1943;1943-04-27;1944-03-11;Ostarbeiter;7;7;0
232;Gustav Kipper sen.;Metallindustrie;Schraubenfabrik;nein;1;Buscherhofer Straße 1;Cronenberg;Cronenberg;;7.131706;51.2016664;hausgenau;;533;11.3.1944;1944-03-11;1945-05-08;Ostarbeiter;28;18;10
233;Kirberg & Co.;Baustoffe;Baumaterialien;ja;1;Friesenstr. 1;Elberfeld;Elberfeld;;7.1617022;51.2651862;hausgenau;;533;31.1.1943;1943-01-31;1945-05-08;Deutsche;5;4;1
233;Kirberg & Co.;Baustoffe;Baumaterialien;ja;1;Friesenstr. 1;Elberfeld;Elberfeld;;7.1617022;51.2651862;hausgenau;;533;31.1.1943;1943-01-31;1945-05-08;Westarbeiter;3;3;
233;Kirberg & Co.;Baustoffe;Baumaterialien;ja;1;Friesenstr. 1;Elberfeld;Elberfeld;;7.1617022;51.2651862;hausgenau;;533;31.1.1943;1943-01-31;1943-04-27;Ostarbeiter;13;0;13
233;Kirberg & Co.;Baustoffe;Baumaterialien;ja;1;Friesenstr. 1;Elberfeld;Elberfeld;;7.1617022;51.2651862;hausgenau;;533;27.4.1943;1943-04-27;1944-03-11;Ostarbeiter;13;0;13
233;Kirberg & Co.;Baustoffe;Baumaterialien;ja;1;Friesenstr. 1;Elberfeld;Elberfeld;;7.1617022;51.2651862;hausgenau;;533;27.4.1943;1943-04-27;1945-05-08;Franzosen;;;
233;Kirberg & Co.;Baustoffe;Baumaterialien;ja;1;Friesenstr. 1;Elberfeld;Elberfeld;;7.1617022;51.2651862;hausgenau;;533;11.3.1944;1944-03-11;1945-05-08;Ostarbeiter;20;0;20
234;Julius Klärner jun.;Metallindustrie;Werkzeugfabrik, Fräs- und Sägeketten;nein;1;Schulweg 51;Cronenberg;Cronenberg;;7.1523119;51.2134479;hausgenau;;533;31.7.1943;1943-07-31;1945-05-08;Deutsche;7;5;2
234;Julius Klärner jun.;Metallindustrie;Werkzeugfabrik, Fräs- und Sägeketten;nein;1;Schulweg 51;Cronenberg;Cronenberg;;7.1523119;51.2134479;hausgenau;;533;31.7.1943;1943-07-31;1945-05-08;Westarbeiter;1;;
235;Klein & Jonas;Handwerk;Zimmer- und Schreinermeister, Sägewerk;nein;1;Auf der Bleiche 30;Barmen;Heckinghausen;;7.2268987;51.2719352;hausgenau;;533;28.10.1942;1942-10-28;1943-04-27;Ostarbeiter;8;8;0
235;Klein & Jonas;Handwerk;Zimmer- und Schreinermeister, Sägewerk;nein;1;Auf der Bleiche 30;Barmen;Heckinghausen;;7.2268987;51.2719352;hausgenau;;533;27.4.1943;1943-04-27;1944-03-11;Ostarbeiter;12;12;0
235;Klein & Jonas;Handwerk;Zimmer- und Schreinermeister, Sägewerk;nein;1;Auf der Bleiche 30;Barmen;Heckinghausen;;7.2268987;51.2719352;hausgenau;;533;27.4.1943;1943-04-27;1945-05-08;Belgier;;;
235;Klein & Jonas;Handwerk;Zimmer- und Schreinermeister, Sägewerk;nein;1;Auf der Bleiche 30;Barmen;Heckinghausen;;7.2268987;51.2719352;hausgenau;;533;11.3.1944;1944-03-11;1945-05-08;Ostarbeiter;12;12;0
235;Klein & Jonas;Handwerk;Zimmer- und Schreinermeister, Sägewerk;nein;1;Auf der Bleiche 30;Barmen;Heckinghausen;;7.2268987;51.2719352;hausgenau;;533;;;1945-05-08;Holländer;7;;
236;Klüser & Co.;Handwerk;Großhandel in Roheisen, Legierungen;;1;Friedrich-Ebert-Straße 44;Elberfeld;Elberfeld;;7.1372999;51.2554226;hausgenau;;533;05.07.1944;1944-07-05;1945-05-08;Ostarbeiter;;;
237;Hermann Kluge;Herstellung von Musikinstrumenten;Klaviaturenfabrik;nein;1;Wuppermannstr. 23-27;Barmen;Barmen;;7.201483;51.276668;strassengenau;Nur straßengenau — über Nr. 25 verortet, die einzige aus dem überlieferten Bereich 23–27, die es heute noch gibt;533;13.8.1942;1942-08-13;1942-10-28;Ostarbeiter;19;0;19
237;Hermann Kluge;Herstellung von Musikinstrumenten;Klaviaturenfabrik;nein;1;Wuppermannstr. 23-27;Barmen;Barmen;;7.201483;51.276668;strassengenau;Nur straßengenau — über Nr. 25 verortet, die einzige aus dem überlieferten Bereich 23–27, die es heute noch gibt;533;28.10.1942;1942-10-28;1943-04-27;Ostarbeiter;16;0;16
237;Hermann Kluge;Herstellung von Musikinstrumenten;Klaviaturenfabrik;nein;1;Wuppermannstr. 23-27;Barmen;Barmen;;7.201483;51.276668;strassengenau;Nur straßengenau — über Nr. 25 verortet, die einzige aus dem überlieferten Bereich 23–27, die es heute noch gibt;533;27.4.1943;1943-04-27;1944-01-31;Ostarbeiter;16;0;16
237;Hermann Kluge;Herstellung von Musikinstrumenten;Klaviaturenfabrik;nein;1;Wuppermannstr. 23-27;Barmen;Barmen;;7.201483;51.276668;strassengenau;Nur straßengenau — über Nr. 25 verortet, die einzige aus dem überlieferten Bereich 23–27, die es heute noch gibt;533;27.4.1943;1943-04-27;1945-05-08;Polen;;;
237;Hermann Kluge;Herstellung von Musikinstrumenten;Klaviaturenfabrik;nein;1;Wuppermannstr. 23-27;Barmen;Barmen;;7.201483;51.276668;strassengenau;Nur straßengenau — über Nr. 25 verortet, die einzige aus dem überlieferten Bereich 23–27, die es heute noch gibt;533;27.4.1943;1943-04-27;1945-05-08;Franzosen;;;
237;Hermann Kluge;Herstellung von Musikinstrumenten;Klaviaturenfabrik;nein;1;Wuppermannstr. 23-27;Barmen;Barmen;;7.201483;51.276668;strassengenau;Nur straßengenau — über Nr. 25 verortet, die einzige aus dem überlieferten Bereich 23–27, die es heute noch gibt;533;31.1.1944;1944-01-31;1944-07-31;Deutsche;94;81;13
237;Hermann Kluge;Herstellung von Musikinstrumenten;Klaviaturenfabrik;nein;1;Wuppermannstr. 23-27;Barmen;Barmen;;7.201483;51.276668;strassengenau;Nur straßengenau — über Nr. 25 verortet, die einzige aus dem überlieferten Bereich 23–27, die es heute noch gibt;533;31.1.1944;1944-01-31;1944-07-31;Westarbeiter;1;1;0
237;Hermann Kluge;Herstellung von Musikinstrumenten;Klaviaturenfabrik;nein;1;Wuppermannstr. 23-27;Barmen;Barmen;;7.201483;51.276668;strassengenau;Nur straßengenau — über Nr. 25 verortet, die einzige aus dem überlieferten Bereich 23–27, die es heute noch gibt;533;31.1.1944;1944-01-31;1944-03-11;Ostarbeiter;16;;16
237;Hermann Kluge;Herstellung von Musikinstrumenten;Klaviaturenfabrik;nein;1;Wuppermannstr. 23-27;Barmen;Barmen;;7.201483;51.276668;strassengenau;Nur straßengenau — über Nr. 25 verortet, die einzige aus dem überlieferten Bereich 23–27, die es heute noch gibt;533;11.3.1944;1944-03-11;1944-07-31;Ostarbeiter;16;0;16
237;Hermann Kluge;Herstellung von Musikinstrumenten;Klaviaturenfabrik;nein;1;Wuppermannstr. 23-27;Barmen;Barmen;;7.201483;51.276668;strassengenau;Nur straßengenau — über Nr. 25 verortet, die einzige aus dem überlieferten Bereich 23–27, die es heute noch gibt;533;31.7.1944;1944-07-31;1944-12-31;Deutsche;95;81;14
237;Hermann Kluge;Herstellung von Musikinstrumenten;Klaviaturenfabrik;nein;1;Wuppermannstr. 23-27;Barmen;Barmen;;7.201483;51.276668;strassengenau;Nur straßengenau — über Nr. 25 verortet, die einzige aus dem überlieferten Bereich 23–27, die es heute noch gibt;533;31.7.1944;1944-07-31;1944-12-31;Westarbeiter;1;1;0
237;Hermann Kluge;Herstellung von Musikinstrumenten;Klaviaturenfabrik;nein;1;Wuppermannstr. 23-27;Barmen;Barmen;;7.201483;51.276668;strassengenau;Nur straßengenau — über Nr. 25 verortet, die einzige aus dem überlieferten Bereich 23–27, die es heute noch gibt;533;31.7.1944;1944-07-31;1944-12-31;Ostarbeiter;16;;16
237;Hermann Kluge;Herstellung von Musikinstrumenten;Klaviaturenfabrik;nein;1;Wuppermannstr. 23-27;Barmen;Barmen;;7.201483;51.276668;strassengenau;Nur straßengenau — über Nr. 25 verortet, die einzige aus dem überlieferten Bereich 23–27, die es heute noch gibt;533;31.12.1944;1944-12-31;1945-05-08;Deutsche;96;75;21
237;Hermann Kluge;Herstellung von Musikinstrumenten;Klaviaturenfabrik;nein;1;Wuppermannstr. 23-27;Barmen;Barmen;;7.201483;51.276668;strassengenau;Nur straßengenau — über Nr. 25 verortet, die einzige aus dem überlieferten Bereich 23–27, die es heute noch gibt;533;31.12.1944;1944-12-31;1945-05-08;Westarbeiter;2;2;0
237;Hermann Kluge;Herstellung von Musikinstrumenten;Klaviaturenfabrik;nein;1;Wuppermannstr. 23-27;Barmen;Barmen;;7.201483;51.276668;strassengenau;Nur straßengenau — über Nr. 25 verortet, die einzige aus dem überlieferten Bereich 23–27, die es heute noch gibt;533;31.12.1944;1944-12-31;1945-05-08;Ostarbeiter;15;;15
238;A. Knappstein & Co. KG;Maschinenbau;Maschinen- und Apparatebau;ja;1;Veilchenstraße 27;Barmen;Barmen;;7.1826951;51.2700349;hausgenau;;533;27.4.1943;1943-04-27;1945-05-08;Franzosen;;;
238;A. Knappstein & Co. KG;Maschinenbau;Maschinen- und Apparatebau;ja;1;Veilchenstraße 27;Barmen;Barmen;;7.1826951;51.2700349;hausgenau;;533;27.4.1943;1943-04-27;1945-05-08;Niederländer;;;
238;A. Knappstein & Co. KG;Maschinenbau;Maschinen- und Apparatebau;ja;1;Veilchenstraße 27;Barmen;Barmen;;7.1826951;51.2700349;hausgenau;;533;31.1.1944;1944-01-31;1944-06-30;Deutsche;82;71;11
238;A. Knappstein & Co. KG;Maschinenbau;Maschinen- und Apparatebau;ja;1;Veilchenstraße 27;Barmen;Barmen;;7.1826951;51.2700349;hausgenau;;533;31.1.1944;1944-01-31;1944-06-30;Westarbeiter;3;3;
238;A. Knappstein & Co. KG;Maschinenbau;Maschinen- und Apparatebau;ja;1;Veilchenstraße 27;Barmen;Barmen;;7.1826951;51.2700349;hausgenau;;533;30.6.1944;1944-06-30;1944-12-31;Deutsche;81;68;13
238;A. Knappstein & Co. KG;Maschinenbau;Maschinen- und Apparatebau;ja;1;Veilchenstraße 27;Barmen;Barmen;;7.1826951;51.2700349;hausgenau;;533;30.6.1944;1944-06-30;1944-12-31;Westarbeiter;2;2;
238;A. Knappstein & Co. KG;Maschinenbau;Maschinen- und Apparatebau;ja;1;Veilchenstraße 27;Barmen;Barmen;;7.1826951;51.2700349;hausgenau;;533;30.6.1944;1944-06-30;1944-12-31;Ostarbeiter;7;1;6
238;A. Knappstein & Co. KG;Maschinenbau;Maschinen- und Apparatebau;ja;1;Veilchenstraße 27;Barmen;Barmen;;7.1826951;51.2700349;hausgenau;;533;31.12.1944;1944-12-31;1945-05-08;Deutsche;93;79;14
238;A. Knappstein & Co. KG;Maschinenbau;Maschinen- und Apparatebau;ja;1;Veilchenstraße 27;Barmen;Barmen;;7.1826951;51.2700349;hausgenau;;533;31.12.1944;1944-12-31;1945-05-08;Westarbeiter;5;4;1
238;A. Knappstein & Co. KG;Maschinenbau;Maschinen- und Apparatebau;ja;1;Veilchenstraße 27;Barmen;Barmen;;7.1826951;51.2700349;hausgenau;;533;31.12.1944;1944-12-31;1945-05-08;Ostarbeiter;16;10;6
239;Heinrich Koch Söhne;Bauunternehmen;Bauunternehmung;nein;1;Nassaustr. 21;Barmen;Langerfeld-Beyenburg;;7.2454951;51.2766865;hausgenau;;533;;;1945-05-08;Westarbeiter;;;
240;Köhler & Bovenkamp;Metallindustrie;Kettenfabrik;nein;1;Hatzfelder Str. 115;Barmen;Barmen;;7.18049;51.289175;hausgenau;;534;13.8.1942;1942-08-13;1942-10-28;Ostarbeiter;32;8;24
240;Köhler & Bovenkamp;Metallindustrie;Kettenfabrik;nein;1;Hatzfelder Str. 115;Barmen;Barmen;;7.18049;51.289175;hausgenau;;534;28.10.1942;1942-10-28;1943-04-27;Ostarbeiter;33;10;23
240;Köhler & Bovenkamp;Metallindustrie;Kettenfabrik;nein;1;Hatzfelder Str. 115;Barmen;Barmen;;7.18049;51.289175;hausgenau;;534;27.4.1943;1943-04-27;1944-01-31;Ostarbeiter;32;10;22
240;Köhler & Bovenkamp;Metallindustrie;Kettenfabrik;nein;1;Hatzfelder Str. 115;Barmen;Barmen;;7.18049;51.289175;hausgenau;;534;27.4.1943;1943-04-27;1945-05-08;Franzosen;;;
240;Köhler & Bovenkamp;Metallindustrie;Kettenfabrik;nein;1;Hatzfelder Str. 115;Barmen;Barmen;;7.18049;51.289175;hausgenau;;534;31.1.1944;1944-01-31;1944-06-30;Deutsche;155;98;57
240;Köhler & Bovenkamp;Metallindustrie;Kettenfabrik;nein;1;Hatzfelder Str. 115;Barmen;Barmen;;7.18049;51.289175;hausgenau;;534;31.1.1944;1944-01-31;1944-06-30;Westarbeiter;11;5;6
240;Köhler & Bovenkamp;Metallindustrie;Kettenfabrik;nein;1;Hatzfelder Str. 115;Barmen;Barmen;;7.18049;51.289175;hausgenau;;534;31.1.1944;1944-01-31;1944-03-11;Ostarbeiter;64;15;49
240;Köhler & Bovenkamp;Metallindustrie;Kettenfabrik;nein;1;Hatzfelder Str. 115;Barmen;Barmen;;7.18049;51.289175;hausgenau;;534;31.1.1944;1944-01-31;1944-06-30;Kriegsgefangene;61;;
240;Köhler & Bovenkamp;Metallindustrie;Kettenfabrik;nein;1;Hatzfelder Str. 115;Barmen;Barmen;;7.18049;51.289175;hausgenau;;534;11.3.1944;1944-03-11;1944-06-30;Ostarbeiter;15;15;0
240;Köhler & Bovenkamp;Metallindustrie;Kettenfabrik;nein;1;Hatzfelder Str. 115;Barmen;Barmen;;7.18049;51.289175;hausgenau;;534;30.6.1944;1944-06-30;1944-12-30;Deutsche;144;92;52
240;Köhler & Bovenkamp;Metallindustrie;Kettenfabrik;nein;1;Hatzfelder Str. 115;Barmen;Barmen;;7.18049;51.289175;hausgenau;;534;30.6.1944;1944-06-30;1944-12-30;Westarbeiter;6;3;3
240;Köhler & Bovenkamp;Metallindustrie;Kettenfabrik;nein;1;Hatzfelder Str. 115;Barmen;Barmen;;7.18049;51.289175;hausgenau;;534;30.6.1944;1944-06-30;1944-12-30;Ostarbeiter;61;14;47
240;Köhler & Bovenkamp;Metallindustrie;Kettenfabrik;nein;1;Hatzfelder Str. 115;Barmen;Barmen;;7.18049;51.289175;hausgenau;;534;30.6.1944;1944-06-30;1945-05-08;Kriegsgefangene;59;;
240;Köhler & Bovenkamp;Metallindustrie;Kettenfabrik;nein;1;Hatzfelder Str. 115;Barmen;Barmen;;7.18049;51.289175;hausgenau;;534;30.12.1944;1944-12-30;1945-05-08;Deutsche;152;87;65
240;Köhler & Bovenkamp;Metallindustrie;Kettenfabrik;nein;1;Hatzfelder Str. 115;Barmen;Barmen;;7.18049;51.289175;hausgenau;;534;30.12.1944;1944-12-30;1945-05-08;Westarbeiter;71;69;2
240;Köhler & Bovenkamp;Metallindustrie;Kettenfabrik;nein;1;Hatzfelder Str. 115;Barmen;Barmen;;7.18049;51.289175;hausgenau;;534;30.12.1944;1944-12-30;1945-05-08;Ostarbeiter;62;13;49
241;Herbert Kölker;Handel / Dienstleistungen;Adler-Automobil-Verkauf;ja;1;Friedrich-Ebert-Straße 101;Elberfeld;Elberfeld;;7.1344717;51.2540065;strassengenau;;534;27.4.1943;1943-04-27;1945-05-08;Franzosen;;;
241;Herbert Kölker;Handel / Dienstleistungen;Adler-Automobil-Verkauf;ja;1;Friedrich-Ebert-Straße 101;Elberfeld;Elberfeld;;7.1344717;51.2540065;strassengenau;;534;27.4.1943;1943-04-27;1945-05-08;Belgier;;;
241;Herbert Kölker;Handel / Dienstleistungen;Adler-Automobil-Verkauf;ja;1;Friedrich-Ebert-Straße 101;Elberfeld;Elberfeld;;7.1344717;51.2540065;strassengenau;;534;;;1945-05-08;Ostarbeiter;;;
242;Christoph Köppel;Handwerk;Bäckerei;nein;1;Oberdörnen 101;Barmen;Barmen;;7.1910381;51.2696423;strassengenau;;534;;;1945-05-08;Franzosen;;;
243;Wilhelm Körting;Maschinenbau;Maschinenfabrik;nein;1;Siegesstraße 90a;Barmen;Barmen;;7.18233;51.262672;strassengenau;Nur straßengenau — über die Nachbarnummer 90 verortet, „90a“ ist heute nicht mehr vergeben;534;1943;1943-01-01;1945-05-08;Franzosen;;;
244;Otto Kötter GmbH;Metallindustrie;Ketten- und Schraubenfabrik;ja;1;Unterdörnen 11-17;Barmen;Barmen;;7.1879479;51.2670731;strassengenau;;534;13.8.1942;1942-08-13;1942-10-28;Ostarbeiter;20;0;20
244;Otto Kötter GmbH;Metallindustrie;Ketten- und Schraubenfabrik;ja;1;Unterdörnen 11-17;Barmen;Barmen;;7.1879479;51.2670731;strassengenau;;534;28.10.1942;1942-10-28;1943-04-27;Ostarbeiter;20;0;20
244;Otto Kötter GmbH;Metallindustrie;Ketten- und Schraubenfabrik;ja;1;Unterdörnen 11-17;Barmen;Barmen;;7.1879479;51.2670731;strassengenau;;534;27.4.1943;1943-04-27;1943-11-03;Ostarbeiter;46;0;46
244;Otto Kötter GmbH;Metallindustrie;Ketten- und Schraubenfabrik;ja;1;Unterdörnen 11-17;Barmen;Barmen;;7.1879479;51.2670731;strassengenau;;534;27.4.1943;1943-04-27;1945-05-08;Franzosen;;;
244;Otto Kötter GmbH;Metallindustrie;Ketten- und Schraubenfabrik;ja;1;Unterdörnen 11-17;Barmen;Barmen;;7.1879479;51.2670731;strassengenau;;534;3.11.1943;1943-11-03;1944-06-30;Deutsche;163;152;11
244;Otto Kötter GmbH;Metallindustrie;Ketten- und Schraubenfabrik;ja;1;Unterdörnen 11-17;Barmen;Barmen;;7.1879479;51.2670731;strassengenau;;534;3.11.1943;1943-11-03;1944-03-11;Ostarbeiter;26;;26
244;Otto Kötter GmbH;Metallindustrie;Ketten- und Schraubenfabrik;ja;1;Unterdörnen 11-17;Barmen;Barmen;;7.1879479;51.2670731;strassengenau;;534;11.3.1944;1944-03-11;1944-06-30;Ostarbeiter;51;0;51
244;Otto Kötter GmbH;Metallindustrie;Ketten- und Schraubenfabrik;ja;1;Unterdörnen 11-17;Barmen;Barmen;;7.1879479;51.2670731;strassengenau;;534;30.6.1944;1944-06-30;1944-12-31;Deutsche;164;151;13
244;Otto Kötter GmbH;Metallindustrie;Ketten- und Schraubenfabrik;ja;1;Unterdörnen 11-17;Barmen;Barmen;;7.1879479;51.2670731;strassengenau;;534;30.6.1944;1944-06-30;1944-12-31;Westarbeiter;3;3;
244;Otto Kötter GmbH;Metallindustrie;Ketten- und Schraubenfabrik;ja;1;Unterdörnen 11-17;Barmen;Barmen;;7.1879479;51.2670731;strassengenau;;534;30.6.1944;1944-06-30;1944-12-31;Ostarbeiter;33;;33
244;Otto Kötter GmbH;Metallindustrie;Ketten- und Schraubenfabrik;ja;1;Unterdörnen 11-17;Barmen;Barmen;;7.1879479;51.2670731;strassengenau;;534;30.6.1944;1944-06-30;1944-12-31;russische Kriegsgefangene;34;;
244;Otto Kötter GmbH;Metallindustrie;Ketten- und Schraubenfabrik;ja;1;Unterdörnen 11-17;Barmen;Barmen;;7.1879479;51.2670731;strassengenau;;534;31.12.1944;1944-12-31;1945-05-08;Deutsche;165;136;29
244;Otto Kötter GmbH;Metallindustrie;Ketten- und Schraubenfabrik;ja;1;Unterdörnen 11-17;Barmen;Barmen;;7.1879479;51.2670731;strassengenau;;534;31.12.1944;1944-12-31;1945-05-08;Westarbeiter;4;;4
244;Otto Kötter GmbH;Metallindustrie;Ketten- und Schraubenfabrik;ja;1;Unterdörnen 11-17;Barmen;Barmen;;7.1879479;51.2670731;strassengenau;;534;31.12.1944;1944-12-31;1945-05-08;Ostarbeiter;31;;31
244;Otto Kötter GmbH;Metallindustrie;Ketten- und Schraubenfabrik;ja;1;Unterdörnen 11-17;Barmen;Barmen;;7.1879479;51.2670731;strassengenau;;534;31.12.1944;1944-12-31;1945-05-08;russische Kriegsgefangene;49;;
244;Otto Kötter GmbH;Metallindustrie;Ketten- und Schraubenfabrik;ja;2;Oberdörnen 8;Barmen;Barmen;;7.1910381;51.2696423;strassengenau;;534;;;;;;;
245;Kolb & Co.;Metallindustrie;Schrauben- und Drehteilwerk;ja;1;Rathenaustraße 23;Barmen;Oberbarmen;;7.2132851;51.2789793;hausgenau;;534;8.5.1942;1942-05-08;1942-08-13;Ostarbeiter;20;20;0
245;Kolb & Co.;Metallindustrie;Schrauben- und Drehteilwerk;ja;1;Rathenaustraße 23;Barmen;Oberbarmen;;7.2132851;51.2789793;hausgenau;;534;13.8.1942;1942-08-13;1942-10-28;Ostarbeiter;59;29;30
245;Kolb & Co.;Metallindustrie;Schrauben- und Drehteilwerk;ja;1;Rathenaustraße 23;Barmen;Oberbarmen;;7.2132851;51.2789793;hausgenau;;534;28.10.1942;1942-10-28;1943-04-27;Ostarbeiter;75;25;50
245;Kolb & Co.;Metallindustrie;Schrauben- und Drehteilwerk;ja;1;Rathenaustraße 23;Barmen;Oberbarmen;;7.2132851;51.2789793;hausgenau;;534;27.4.1943;1943-04-27;1944-01-31;Ostarbeiter;156;21;135
245;Kolb & Co.;Metallindustrie;Schrauben- und Drehteilwerk;ja;1;Rathenaustraße 23;Barmen;Oberbarmen;;7.2132851;51.2789793;hausgenau;;534;31.1.1944;1944-01-31;1944-07-31;Deutsche;435;350;85
245;Kolb & Co.;Metallindustrie;Schrauben- und Drehteilwerk;ja;1;Rathenaustraße 23;Barmen;Oberbarmen;;7.2132851;51.2789793;hausgenau;;534;31.1.1944;1944-01-31;1944-07-31;Westarbeiter;19;17;2
245;Kolb & Co.;Metallindustrie;Schrauben- und Drehteilwerk;ja;1;Rathenaustraße 23;Barmen;Oberbarmen;;7.2132851;51.2789793;hausgenau;;534;31.1.1944;1944-01-31;1944-03-11;Ostarbeiter;155;25;130
245;Kolb & Co.;Metallindustrie;Schrauben- und Drehteilwerk;ja;1;Rathenaustraße 23;Barmen;Oberbarmen;;7.2132851;51.2789793;hausgenau;;534;11.3.1944;1944-03-11;1944-07-31;Ostarbeiter;34;1;33
245;Kolb & Co.;Metallindustrie;Schrauben- und Drehteilwerk;ja;1;Rathenaustraße 23;Barmen;Oberbarmen;;7.2132851;51.2789793;hausgenau;;534;31.7.1944;1944-07-31;1944-11-30;Deutsche;423;339;84
245;Kolb & Co.;Metallindustrie;Schrauben- und Drehteilwerk;ja;1;Rathenaustraße 23;Barmen;Oberbarmen;;7.2132851;51.2789793;hausgenau;;534;31.7.1944;1944-07-31;1944-11-30;Westarbeiter;18;16;2
245;Kolb & Co.;Metallindustrie;Schrauben- und Drehteilwerk;ja;1;Rathenaustraße 23;Barmen;Oberbarmen;;7.2132851;51.2789793;hausgenau;;534;31.7.1944;1944-07-31;1944-11-30;Ostarbeiter;182;29;153
245;Kolb & Co.;Metallindustrie;Schrauben- und Drehteilwerk;ja;1;Rathenaustraße 23;Barmen;Oberbarmen;;7.2132851;51.2789793;hausgenau;;534;30.11.1944;1944-11-30;1945-05-08;Deutsche;429;315;114
245;Kolb & Co.;Metallindustrie;Schrauben- und Drehteilwerk;ja;1;Rathenaustraße 23;Barmen;Oberbarmen;;7.2132851;51.2789793;hausgenau;;534;30.11.1944;1944-11-30;1945-05-08;Westarbeiter;30;28;2
245;Kolb & Co.;Metallindustrie;Schrauben- und Drehteilwerk;ja;1;Rathenaustraße 23;Barmen;Oberbarmen;;7.2132851;51.2789793;hausgenau;;534;30.11.1944;1944-11-30;1945-05-08;Ostarbeiter;242;46;196
246;Kolk & Co.;Baustoffe;Holzhandlung;ja;1;Kaiserstraße 29;Vohwinkel;Vohwinkel;;7.0728986;51.2324754;hausgenau;;535;28.10.1942;1942-10-28;1943-04-27;Ostarbeiter;3;3;0
246;Kolk & Co.;Baustoffe;Holzhandlung;ja;1;Kaiserstraße 29;Vohwinkel;Vohwinkel;;7.0728986;51.2324754;hausgenau;;535;27.4.1943;1943-04-27;1945-05-08;Ostarbeiter;2;2;0
246;Kolk & Co.;Baustoffe;Holzhandlung;ja;1;Kaiserstraße 29;Vohwinkel;Vohwinkel;;7.0728986;51.2324754;hausgenau;;535;27.4.1943;1943-04-27;1945-05-08;Belgier;;;
247;Alfred Koll;Metallindustrie;Werkzeugfabrik;nein;1;Holenscheidter Str. 57;Hahnerberg;Hahnerberg;;7.1526362;51.2182426;strassengenau;;535;;;1945-05-08;Ostarbeiter;;;
247;Alfred Koll;Metallindustrie;Werkzeugfabrik;nein;1;Holenscheidter Str. 57;Hahnerberg;Hahnerberg;;7.1526362;51.2182426;strassengenau;;535;;;1945-05-08;Westarbeiter;;;
248;J. A. Koster & Co. [=Köster & Adolphs (?)];Baustoffe;Baugeschäft;nein;1;Wittener Str. 121;Barmen;Oberbarmen;;7.2390175;51.2943926;hausgenau;;535;;;1945-05-08;Westarbeiter;161;;
249;Daniel Kremendahl;Metallindustrie;Werkzeugfabrik;unbekannt;1;Kohlfurther Str. 22;Cronenberg;Cronenberg;;7.126275;51.1914688;hausgenau;;535;27.4.1943;1943-04-27;1945-05-08;Niederländer;;;
249;Daniel Kremendahl;Metallindustrie;Werkzeugfabrik;unbekannt;1;Kohlfurther Str. 22;Cronenberg;Cronenberg;;7.126275;51.1914688;hausgenau;;535;1.2.1944;1944-02-01;1944-12-31;Deutsche;76;65;11
249;Daniel Kremendahl;Metallindustrie;Werkzeugfabrik;unbekannt;1;Kohlfurther Str. 22;Cronenberg;Cronenberg;;7.126275;51.1914688;hausgenau;;535;31.12.1944;1944-12-31;1945-05-08;Deutsche;75;62;13
250;Robert Kremer;Metallindustrie;Werkzeugfabrik und Gesenkschmiede;unbekannt;1;Hahnerbergerstraße 72a;Küllenhahn;Küllenhahn;;7.151074;51.225401;strassengenau;Nur straßengenau — über die Nachbarnummer 72 verortet, „72a“ ist heute nicht mehr vergeben;535;27.4.1943;1943-04-27;1944-07-05;Ostarbeiter;9;;
250;Robert Kremer;Metallindustrie;Werkzeugfabrik und Gesenkschmiede;unbekannt;1;Hahnerbergerstraße 72a;Küllenhahn;Küllenhahn;;7.151074;51.225401;strassengenau;Nur straßengenau — über die Nachbarnummer 72 verortet, „72a“ ist heute nicht mehr vergeben;535;5.7.1944;1944-07-05;1945-05-08;Ostarbeiter;;;
251;Kremer, Sondermann & Cie.;Metallindustrie;Stahl- Walz- und Hammerwerk;nein;1;Herichhauser Str. 57;Cronenberg;Cronenberg;;7.1274212;51.2082721;hausgenau;;535;27.4.1943;1943-04-27;1943-08-31;Ostarbeiter;2;2;0
251;Kremer, Sondermann & Cie.;Metallindustrie;Stahl- Walz- und Hammerwerk;nein;1;Herichhauser Str. 57;Cronenberg;Cronenberg;;7.1274212;51.2082721;hausgenau;;535;27.4.1943;1943-04-27;1945-05-08;Franzosen;;;
251;Kremer, Sondermann & Cie.;Metallindustrie;Stahl- Walz- und Hammerwerk;nein;1;Herichhauser Str. 57;Cronenberg;Cronenberg;;7.1274212;51.2082721;hausgenau;;535;31.8.1943;1943-08-31;1945-05-08;Deutsche;26;22;4
251;Kremer, Sondermann & Cie.;Metallindustrie;Stahl- Walz- und Hammerwerk;nein;1;Herichhauser Str. 57;Cronenberg;Cronenberg;;7.1274212;51.2082721;hausgenau;;535;31.8.1943;1943-08-31;1945-05-08;Westarbeiter;1;;
251;Kremer, Sondermann & Cie.;Metallindustrie;Stahl- Walz- und Hammerwerk;nein;1;Herichhauser Str. 57;Cronenberg;Cronenberg;;7.1274212;51.2082721;hausgenau;;535;31.8.1943;1943-08-31;1944-03-11;Ostarbeiter;5;;
251;Kremer, Sondermann & Cie.;Metallindustrie;Stahl- Walz- und Hammerwerk;nein;1;Herichhauser Str. 57;Cronenberg;Cronenberg;;7.1274212;51.2082721;hausgenau;;535;31.8.1943;1943-08-31;1945-05-08;Deutsche;26;22;4
251;Kremer, Sondermann & Cie.;Metallindustrie;Stahl- Walz- und Hammerwerk;nein;1;Herichhauser Str. 57;Cronenberg;Cronenberg;;7.1274212;51.2082721;hausgenau;;535;31.8.1943;1943-08-31;1945-05-08;Westarbeiter;1;;
251;Kremer, Sondermann & Cie.;Metallindustrie;Stahl- Walz- und Hammerwerk;nein;1;Herichhauser Str. 57;Cronenberg;Cronenberg;;7.1274212;51.2082721;hausgenau;;535;31.8.1943;1943-08-31;1944-03-11;Ostarbeiter;5;;
251;Kremer, Sondermann & Cie.;Metallindustrie;Stahl- Walz- und Hammerwerk;nein;1;Herichhauser Str. 57;Cronenberg;Cronenberg;;7.1274212;51.2082721;hausgenau;;535;11.3.1944;1944-03-11;1945-05-08;Ostarbeiter;15;15;0
252;Emil Krenzler;Maschinenbau;Maschinenfabrik;unbekannt;1;Fuchsstraße und Sanderstraße;Barmen;Barmen;;;;ohne;;535;13.8.1942;1942-08-13;1942-10-28;Ostarbeiter;20;0;20
252;Emil Krenzler;Maschinenbau;Maschinenfabrik;unbekannt;1;Fuchsstraße und Sanderstraße;Barmen;Barmen;;;;ohne;;535;28.10.1942;1942-10-28;1943-04-27;Ostarbeiter;17;0;17
252;Emil Krenzler;Maschinenbau;Maschinenfabrik;unbekannt;1;Fuchsstraße und Sanderstraße;Barmen;Barmen;;;;ohne;;535;27.4.1943;1943-04-27;1944-01-31;Ostarbeiter;29;0;29
252;Emil Krenzler;Maschinenbau;Maschinenfabrik;unbekannt;1;Fuchsstraße und Sanderstraße;Barmen;Barmen;;;;ohne;;535;27.4.1943;1943-04-27;1945-05-08;Franzosen;;;
252;Emil Krenzler;Maschinenbau;Maschinenfabrik;unbekannt;1;Fuchsstraße und Sanderstraße;Barmen;Barmen;;;;ohne;;535;31.1.1944;1944-01-31;1944-07-31;Deutsche;123;104;19
252;Emil Krenzler;Maschinenbau;Maschinenfabrik;unbekannt;1;Fuchsstraße und Sanderstraße;Barmen;Barmen;;;;ohne;;535;31.1.1944;1944-01-31;1944-07-31;Westarbeiter;11;;
252;Emil Krenzler;Maschinenbau;Maschinenfabrik;unbekannt;1;Fuchsstraße und Sanderstraße;Barmen;Barmen;;;;ohne;;535;31.1.1944;1944-01-31;1944-03-11;Ostarbeiter;51;;51
252;Emil Krenzler;Maschinenbau;Maschinenfabrik;unbekannt;1;Fuchsstraße und Sanderstraße;Barmen;Barmen;;;;ohne;;535;11.3.1944;1944-03-11;1944-07-31;Ostarbeiter;156;23;133
252;Emil Krenzler;Maschinenbau;Maschinenfabrik;unbekannt;1;Fuchsstraße und Sanderstraße;Barmen;Barmen;;;;ohne;;535;31.7.1944;1944-07-31;1944-11-30;Deutsche;138;100;38
252;Emil Krenzler;Maschinenbau;Maschinenfabrik;unbekannt;1;Fuchsstraße und Sanderstraße;Barmen;Barmen;;;;ohne;;535;31.7.1944;1944-07-31;1944-11-30;Westarbeiter;8;;
252;Emil Krenzler;Maschinenbau;Maschinenfabrik;unbekannt;1;Fuchsstraße und Sanderstraße;Barmen;Barmen;;;;ohne;;535;31.7.1944;1944-07-31;1944-11-30;Ostarbeiter;38;;38
252;Emil Krenzler;Maschinenbau;Maschinenfabrik;unbekannt;1;Fuchsstraße und Sanderstraße;Barmen;Barmen;;;;ohne;;535;30.11.1944;1944-11-30;1945-05-08;Deutsche;127;76;51
252;Emil Krenzler;Maschinenbau;Maschinenfabrik;unbekannt;1;Fuchsstraße und Sanderstraße;Barmen;Barmen;;;;ohne;;535;30.11.1944;1944-11-30;1945-05-08;Westarbeiter;2;;2
252;Emil Krenzler;Maschinenbau;Maschinenfabrik;unbekannt;1;Fuchsstraße und Sanderstraße;Barmen;Barmen;;;;ohne;;535;30.11.1944;1944-11-30;1945-05-08;Ostarbeiter;64;;64
253;Wilhelm Kreusch;Kunststoffindustrie;Wärme- und Kälteschutzisolierungen;unbekannt;1;Rheinstraße 57;Elberfeld;Elberfeld;;7.1391414;51.2462277;hausgenau;;535;;;1945-05-08;Westarbeiter;;;
254;Kriegsgefangenenverrechnungsstelle;öffentliche Behörde;;nein;1;Friedrich-Engels-Allee 324;Barmen;Barmen;;7.185017;51.2652767;hausgenau;;535;;;1945-05-08;Ostarbeiter;;;
254;Kriegsgefangenenverrechnungsstelle;öffentliche Behörde;;nein;1;Friedrich-Engels-Allee 324;Barmen;Barmen;;7.185017;51.2652767;hausgenau;;535;;;1945-05-08;Franzosen;;;
255;Kromberg & Schubert (Kroschu);Elektrotechnik;Kabel-Isolierrohr- und E-Motorenfabrik;ja;1;Spitzenstr. 37;Langerfeld;Langerfeld-Beyenburg;;7.2425376;51.2757208;strassengenau;;536;27.4.1943;1943-04-27;1945-05-08;Polen;;;
255;Kromberg & Schubert (Kroschu);Elektrotechnik;Kabel-Isolierrohr- und E-Motorenfabrik;ja;1;Spitzenstr. 37;Langerfeld;Langerfeld-Beyenburg;;7.2425376;51.2757208;strassengenau;;536;27.4.1943;1943-04-27;1945-05-08;Belgier;;;
255;Kromberg & Schubert (Kroschu);Elektrotechnik;Kabel-Isolierrohr- und E-Motorenfabrik;ja;1;Spitzenstr. 37;Langerfeld;Langerfeld-Beyenburg;;7.2425376;51.2757208;strassengenau;;536;27.4.1943;1943-04-27;1945-05-08;Niederländer;;;
255;Kromberg & Schubert (Kroschu);Elektrotechnik;Kabel-Isolierrohr- und E-Motorenfabrik;ja;1;Spitzenstr. 37;Langerfeld;Langerfeld-Beyenburg;;7.2425376;51.2757208;strassengenau;;536;31.1.1944;1944-01-31;1944-07-31;Deutsche und Ausländer;637;;
255;Kromberg & Schubert (Kroschu);Elektrotechnik;Kabel-Isolierrohr- und E-Motorenfabrik;ja;1;Spitzenstr. 37;Langerfeld;Langerfeld-Beyenburg;;7.2425376;51.2757208;strassengenau;;536;31.3.1944;1944-03-31;1944-11-30;Deutsche;520;191;329
255;Kromberg & Schubert (Kroschu);Elektrotechnik;Kabel-Isolierrohr- und E-Motorenfabrik;ja;1;Spitzenstr. 37;Langerfeld;Langerfeld-Beyenburg;;7.2425376;51.2757208;strassengenau;;536;31.3.1944;1944-03-31;1944-11-30;Westarbeiter;123;35;88
255;Kromberg & Schubert (Kroschu);Elektrotechnik;Kabel-Isolierrohr- und E-Motorenfabrik;ja;1;Spitzenstr. 37;Langerfeld;Langerfeld-Beyenburg;;7.2425376;51.2757208;strassengenau;;536;31.3.1944;1944-03-31;1944-11-30;Ostarbeiter;14;2;12
255;Kromberg & Schubert (Kroschu);Elektrotechnik;Kabel-Isolierrohr- und E-Motorenfabrik;ja;1;Spitzenstr. 37;Langerfeld;Langerfeld-Beyenburg;;7.2425376;51.2757208;strassengenau;;536;31.7.1944;1944-07-31;1945-05-08;Deutsche und Ausländer;691;;
255;Kromberg & Schubert (Kroschu);Elektrotechnik;Kabel-Isolierrohr- und E-Motorenfabrik;ja;1;Spitzenstr. 37;Langerfeld;Langerfeld-Beyenburg;;7.2425376;51.2757208;strassengenau;;536;30.11.1944;1944-11-30;1945-05-08;Deutsche;454;175;279
255;Kromberg & Schubert (Kroschu);Elektrotechnik;Kabel-Isolierrohr- und E-Motorenfabrik;ja;1;Spitzenstr. 37;Langerfeld;Langerfeld-Beyenburg;;7.2425376;51.2757208;strassengenau;;536;30.11.1944;1944-11-30;1945-05-08;Westarbeiter;122;32;90
255;Kromberg & Schubert (Kroschu);Elektrotechnik;Kabel-Isolierrohr- und E-Motorenfabrik;ja;1;Spitzenstr. 37;Langerfeld;Langerfeld-Beyenburg;;7.2425376;51.2757208;strassengenau;;536;30.11.1944;1944-11-30;1945-05-08;Ostarbeiter;19;1;18
256;Wilhelm Krüger;Elektrotechnik;Band- und Isolierbandfabrik;nein;1;Siegesstraße 108;Barmen;Barmen;;7.1841197;51.2633813;hausgenau;;536;13.8.1942;1942-08-13;1942-10-28;Ostarbeiter;10;10;0
256;Wilhelm Krüger;Elektrotechnik;Band- und Isolierbandfabrik;nein;1;Siegesstraße 108;Barmen;Barmen;;7.1841197;51.2633813;hausgenau;;536;28.10.1942;1942-10-28;1943-04-27;Ostarbeiter;6;6;0
256;Wilhelm Krüger;Elektrotechnik;Band- und Isolierbandfabrik;nein;1;Siegesstraße 108;Barmen;Barmen;;7.1841197;51.2633813;hausgenau;;536;27.4.1943;1943-04-27;1945-05-08;Ostarbeiter;6;6;0
257;Fried. Krupp AG Essen, Zweigwerk „Dreherei Wuppertal“ / „Widia Wuppertal“;Metallindustrie;Dreherei;ja;1;Clausenstraße 39;Barmen;Barmen;;7.1655985;51.2720691;hausgenau;;536;13.8.1942;1942-08-13;1942-10-28;Ostarbeiter;108;30;78
257;Fried. Krupp AG Essen, Zweigwerk „Dreherei Wuppertal“ / „Widia Wuppertal“;Metallindustrie;Dreherei;ja;1;Clausenstraße 39;Barmen;Barmen;;7.1655985;51.2720691;hausgenau;;536;28.10.1942;1942-10-28;1943-04-27;Ostarbeiter;100;22;78
257;Fried. Krupp AG Essen, Zweigwerk „Dreherei Wuppertal“ / „Widia Wuppertal“;Metallindustrie;Dreherei;ja;1;Clausenstraße 39;Barmen;Barmen;;7.1655985;51.2720691;hausgenau;;536;27.4.1943;1943-04-27;1944-01-31;Ostarbeiter;299;117;182
257;Fried. Krupp AG Essen, Zweigwerk „Dreherei Wuppertal“ / „Widia Wuppertal“;Metallindustrie;Dreherei;ja;1;Clausenstraße 39;Barmen;Barmen;;7.1655985;51.2720691;hausgenau;;536;31.1.1944;1944-01-31;1944-06-30;Deutsche;371;242;129
257;Fried. Krupp AG Essen, Zweigwerk „Dreherei Wuppertal“ / „Widia Wuppertal“;Metallindustrie;Dreherei;ja;1;Clausenstraße 39;Barmen;Barmen;;7.1655985;51.2720691;hausgenau;;536;31.1.1944;1944-01-31;1944-06-30;Westarbeiter;2;;
257;Fried. Krupp AG Essen, Zweigwerk „Dreherei Wuppertal“ / „Widia Wuppertal“;Metallindustrie;Dreherei;ja;1;Clausenstraße 39;Barmen;Barmen;;7.1655985;51.2720691;hausgenau;;536;31.1.1944;1944-01-31;1944-03-11;Ostarbeiter;266;94;172
257;Fried. Krupp AG Essen, Zweigwerk „Dreherei Wuppertal“ / „Widia Wuppertal“;Metallindustrie;Dreherei;ja;1;Clausenstraße 39;Barmen;Barmen;;7.1655985;51.2720691;hausgenau;;536;31.1.1944;1944-01-31;1944-06-30;Kriegsgefangene;15;;
257;Fried. Krupp AG Essen, Zweigwerk „Dreherei Wuppertal“ / „Widia Wuppertal“;Metallindustrie;Dreherei;ja;1;Clausenstraße 39;Barmen;Barmen;;7.1655985;51.2720691;hausgenau;;536;11.3.1944;1944-03-11;1944-06-30;Ostarbeiter;264;99;165
257;Fried. Krupp AG Essen, Zweigwerk „Dreherei Wuppertal“ / „Widia Wuppertal“;Metallindustrie;Dreherei;ja;1;Clausenstraße 39;Barmen;Barmen;;7.1655985;51.2720691;hausgenau;;536;30.6.1944;1944-06-30;1944-07-31;Deutsche;471;262;209
257;Fried. Krupp AG Essen, Zweigwerk „Dreherei Wuppertal“ / „Widia Wuppertal“;Metallindustrie;Dreherei;ja;1;Clausenstraße 39;Barmen;Barmen;;7.1655985;51.2720691;hausgenau;;536;30.6.1944;1944-06-30;1944-07-31;Westarbeiter;2;;
257;Fried. Krupp AG Essen, Zweigwerk „Dreherei Wuppertal“ / „Widia Wuppertal“;Metallindustrie;Dreherei;ja;1;Clausenstraße 39;Barmen;Barmen;;7.1655985;51.2720691;hausgenau;;536;30.6.1944;1944-06-30;1944-07-31;Ostarbeiter;260;126;134
257;Fried. Krupp AG Essen, Zweigwerk „Dreherei Wuppertal“ / „Widia Wuppertal“;Metallindustrie;Dreherei;ja;1;Clausenstraße 39;Barmen;Barmen;;7.1655985;51.2720691;hausgenau;;536;30.6.1944;1944-06-30;1944-07-31;Kriegsgefangene;15;;
257;Fried. Krupp AG Essen, Zweigwerk „Dreherei Wuppertal“ / „Widia Wuppertal“;Metallindustrie;Dreherei;ja;1;Clausenstraße 39;Barmen;Barmen;;7.1655985;51.2720691;hausgenau;;536;31.7.1944;1944-07-31;1944-12-31;Deutsche;423;231;192
257;Fried. Krupp AG Essen, Zweigwerk „Dreherei Wuppertal“ / „Widia Wuppertal“;Metallindustrie;Dreherei;ja;1;Clausenstraße 39;Barmen;Barmen;;7.1655985;51.2720691;hausgenau;;536;31.7.1944;1944-07-31;1944-12-31;Westarbeiter;2;;
257;Fried. Krupp AG Essen, Zweigwerk „Dreherei Wuppertal“ / „Widia Wuppertal“;Metallindustrie;Dreherei;ja;1;Clausenstraße 39;Barmen;Barmen;;7.1655985;51.2720691;hausgenau;;536;31.7.1944;1944-07-31;1944-12-31;Ostarbeiter;246;118;128
257;Fried. Krupp AG Essen, Zweigwerk „Dreherei Wuppertal“ / „Widia Wuppertal“;Metallindustrie;Dreherei;ja;1;Clausenstraße 39;Barmen;Barmen;;7.1655985;51.2720691;hausgenau;;536;31.7.1944;1944-07-31;1944-12-31;Kriegsgefangene;15;;
257;Fried. Krupp AG Essen, Zweigwerk „Dreherei Wuppertal“ / „Widia Wuppertal“;Metallindustrie;Dreherei;ja;1;Clausenstraße 39;Barmen;Barmen;;7.1655985;51.2720691;hausgenau;;536;31.12.1944;1944-12-31;1945-05-08;Deutsche;363;210;153
257;Fried. Krupp AG Essen, Zweigwerk „Dreherei Wuppertal“ / „Widia Wuppertal“;Metallindustrie;Dreherei;ja;1;Clausenstraße 39;Barmen;Barmen;;7.1655985;51.2720691;hausgenau;;536;31.12.1944;1944-12-31;1945-05-08;Westarbeiter;2;;
257;Fried. Krupp AG Essen, Zweigwerk „Dreherei Wuppertal“ / „Widia Wuppertal“;Metallindustrie;Dreherei;ja;1;Clausenstraße 39;Barmen;Barmen;;7.1655985;51.2720691;hausgenau;;536;31.12.1944;1944-12-31;1945-05-08;Ostarbeiter;257;105;152
257;Fried. Krupp AG Essen, Zweigwerk „Dreherei Wuppertal“ / „Widia Wuppertal“;Metallindustrie;Dreherei;ja;1;Clausenstraße 39;Barmen;Barmen;;7.1655985;51.2720691;hausgenau;;536;31.12.1944;1944-12-31;1945-05-08;Kriegsgefangene;14;;
258;Kruse & Söhne;Textilindustrie;Mechanische Band- und Kunstweberei;nein;1;Ritterstr. 54-56;Barmen;Barmen;;7.1692588;51.2570833;hausgenau;;536;27.4.1943;1943-04-27;1945-05-08;Polen;;;
259;Kunstdarm GmbH;Lebensmittelindustrie;Wuppertal-Barmen;nein;1;Bendahler Str. 70-72;Barmen;Barmen;;7.1633886;51.2543151;hausgenau;;536;27.4.1943;1943-04-27;1945-05-08;Niederländer;;;
260;Kuntze & Söhne;unbekannt;unbekannt;nein;1;Theishahner Str. 25;Cronenberg;Cronenberg;;7.1484554;51.2260722;strassengenau;;536;5.7.1944;1944-07-05;1945-05-08;Ostarbeiter;;;
261;Lagergemeinschaft Opphof;xxx;Lagerverwaltung und -bewirtschaftung;nein;1;Opphofer Straße;Elberfeld;Elberfeld;;7.1523837;51.266244;strassengenau;;536;11.3.1944;1944-03-11;1945-05-08;Ostarbeiter;15;3;12
262;„Lago“ – Landeslieferungsgenossenschaft des Sattler-, Tapezierer- und Polsterhandwerks;xxx;;nein;1;Königsbergerstr. 1-17;Barmen;Oberbarmen;;7.2200346;51.2881916;hausgenau;;536;;;1945-05-08;Ostarbeiter;;;
263;D. La Porte Söhne;Metallindustrie;Schloß- und Beschlägefabrik;ja;1;Wartburgstr. 21;Barmen;Barmen;;7.1797099;51.2649962;hausgenau;;537;;;1945-05-08;Franzosen;;;
264;Walter Lehnemann;Textilindustrie;Arbeiterschutzbekleidung;nein;1;Auf der Bleiche 9;Barmen;Heckinghausen;;7.2257953;51.2732005;hausgenau;;537;13.8.1942;1942-08-13;1942-10-28;Ostarbeiter;14;0;14
264;Walter Lehnemann;Textilindustrie;Arbeiterschutzbekleidung;nein;1;Auf der Bleiche 9;Barmen;Heckinghausen;;7.2257953;51.2732005;hausgenau;;537;28.10.1942;1942-10-28;1943-04-27;Ostarbeiter;12;0;12
264;Walter Lehnemann;Textilindustrie;Arbeiterschutzbekleidung;nein;1;Auf der Bleiche 9;Barmen;Heckinghausen;;7.2257953;51.2732005;hausgenau;;537;27.4.1943;1943-04-27;1944-03-11;Ostarbeiter;9;0;9
264;Walter Lehnemann;Textilindustrie;Arbeiterschutzbekleidung;nein;1;Auf der Bleiche 9;Barmen;Heckinghausen;;7.2257953;51.2732005;hausgenau;;537;11.3.1944;1944-03-11;1944-07-05;Ostarbeiter;10;0;10
264;Walter Lehnemann;Textilindustrie;Arbeiterschutzbekleidung;nein;1;Auf der Bleiche 9;Barmen;Heckinghausen;;7.2257953;51.2732005;hausgenau;;537;5.7.1944;1944-07-05;1945-05-08;Ostarbeiter;;;
265;Leimbacher Hütte Hollweg & Co.;Metallindustrie;Eisengießerei für Grau-, Hart- und Temperguß;nein;1;Leimbacher Str. 83;Barmen;Barmen;;7.1925211;51.2783971;hausgenau;;537;28.10.1942;1942-10-28;1943-04-27;Ostarbeiter;1;1;0
265;Leimbacher Hütte Hollweg & Co.;Metallindustrie;Eisengießerei für Grau-, Hart- und Temperguß;nein;1;Leimbacher Str. 83;Barmen;Barmen;;7.1925211;51.2783971;hausgenau;;537;27.4.1943;1943-04-27;1944-01-31;Ostarbeiter;11;11;0
265;Leimbacher Hütte Hollweg & Co.;Metallindustrie;Eisengießerei für Grau-, Hart- und Temperguß;nein;1;Leimbacher Str. 83;Barmen;Barmen;;7.1925211;51.2783971;hausgenau;;537;27.4.1943;1943-04-27;1945-05-08;Franzosen;;;
265;Leimbacher Hütte Hollweg & Co.;Metallindustrie;Eisengießerei für Grau-, Hart- und Temperguß;nein;1;Leimbacher Str. 83;Barmen;Barmen;;7.1925211;51.2783971;hausgenau;;537;31.1.1944;1944-01-31;1944-06-30;Deutsche;73;65;8
265;Leimbacher Hütte Hollweg & Co.;Metallindustrie;Eisengießerei für Grau-, Hart- und Temperguß;nein;1;Leimbacher Str. 83;Barmen;Barmen;;7.1925211;51.2783971;hausgenau;;537;31.1.1944;1944-01-31;1944-06-30;Westarbeiter;4;4;
265;Leimbacher Hütte Hollweg & Co.;Metallindustrie;Eisengießerei für Grau-, Hart- und Temperguß;nein;1;Leimbacher Str. 83;Barmen;Barmen;;7.1925211;51.2783971;hausgenau;;537;31.1.1944;1944-01-31;1944-03-11;Ostarbeiter;11;10;1
265;Leimbacher Hütte Hollweg & Co.;Metallindustrie;Eisengießerei für Grau-, Hart- und Temperguß;nein;1;Leimbacher Str. 83;Barmen;Barmen;;7.1925211;51.2783971;hausgenau;;537;11.3.1944;1944-03-11;1944-06-30;Ostarbeiter;11;11;0
265;Leimbacher Hütte Hollweg & Co.;Metallindustrie;Eisengießerei für Grau-, Hart- und Temperguß;nein;1;Leimbacher Str. 83;Barmen;Barmen;;7.1925211;51.2783971;hausgenau;;537;30.6.1944;1944-06-30;1944-12-31;Deutsche;70;62;8
265;Leimbacher Hütte Hollweg & Co.;Metallindustrie;Eisengießerei für Grau-, Hart- und Temperguß;nein;1;Leimbacher Str. 83;Barmen;Barmen;;7.1925211;51.2783971;hausgenau;;537;30.6.1944;1944-06-30;1944-12-31;Westarbeiter;4;4;
265;Leimbacher Hütte Hollweg & Co.;Metallindustrie;Eisengießerei für Grau-, Hart- und Temperguß;nein;1;Leimbacher Str. 83;Barmen;Barmen;;7.1925211;51.2783971;hausgenau;;537;30.6.1944;1944-06-30;1944-07-05;Ostarbeiter;11;10;1
265;Leimbacher Hütte Hollweg & Co.;Metallindustrie;Eisengießerei für Grau-, Hart- und Temperguß;nein;1;Leimbacher Str. 83;Barmen;Barmen;;7.1925211;51.2783971;hausgenau;;537;5.7.1944;1944-07-05;1944-12-31;Ostarbeiter;;;
265;Leimbacher Hütte Hollweg & Co.;Metallindustrie;Eisengießerei für Grau-, Hart- und Temperguß;nein;1;Leimbacher Str. 83;Barmen;Barmen;;7.1925211;51.2783971;hausgenau;;537;31.12.1944;1944-12-31;1945-05-08;Deutsche;66;52;10
265;Leimbacher Hütte Hollweg & Co.;Metallindustrie;Eisengießerei für Grau-, Hart- und Temperguß;nein;1;Leimbacher Str. 83;Barmen;Barmen;;7.1925211;51.2783971;hausgenau;;537;31.12.1944;1944-12-31;1945-05-08;Westarbeiter;8;7;1
265;Leimbacher Hütte Hollweg & Co.;Metallindustrie;Eisengießerei für Grau-, Hart- und Temperguß;nein;1;Leimbacher Str. 83;Barmen;Barmen;;7.1925211;51.2783971;hausgenau;;537;31.12.1944;1944-12-31;1945-05-08;Ostarbeiter;8;7;1
266;Siegfried Leithäuser;Textilindustrie;Herrenkleiderfabrik;nein;1;Hofaue 47-49;Elberfeld;Elberfeld;;7.152761;51.257126;strassengenau;Nur straßengenau — über Nr. 49 verortet, die einzige aus dem überlieferten Bereich 47–49, die es heute noch gibt;537;27.4.1943;1943-04-27;1945-05-08;Polen;;;
266;Siegfried Leithäuser;Textilindustrie;Herrenkleiderfabrik;nein;1;Hofaue 47-49;Elberfeld;Elberfeld;;7.152761;51.257126;strassengenau;Nur straßengenau — über Nr. 49 verortet, die einzige aus dem überlieferten Bereich 47–49, die es heute noch gibt;537;27.4.1943;1943-04-27;1945-05-08;Belgier;;;
267;Carl Lenzner;Metallindustrie;Schraubenfabrik;ja;1;Sanderstraße 30;Barmen;Barmen;;7.1770539;51.2724498;strassengenau;;537;13.8.1942;1942-08-13;1942-10-28;Ostarbeiter;22;22;0
267;Carl Lenzner;Metallindustrie;Schraubenfabrik;ja;1;Sanderstraße 30;Barmen;Barmen;;7.1770539;51.2724498;strassengenau;;537;28.10.1942;1942-10-28;1943-04-27;Ostarbeiter;21;21;0
267;Carl Lenzner;Metallindustrie;Schraubenfabrik;ja;1;Sanderstraße 30;Barmen;Barmen;;7.1770539;51.2724498;strassengenau;;537;27.4.1943;1943-04-27;1944-01-31;Ostarbeiter;20;20;0
267;Carl Lenzner;Metallindustrie;Schraubenfabrik;ja;1;Sanderstraße 30;Barmen;Barmen;;7.1770539;51.2724498;strassengenau;;537;31.1.1944;1944-01-31;1944-06-30;Deutsche;62;57;5
267;Carl Lenzner;Metallindustrie;Schraubenfabrik;ja;1;Sanderstraße 30;Barmen;Barmen;;7.1770539;51.2724498;strassengenau;;537;31.1.1944;1944-01-31;1944-06-30;Westarbeiter;1;;
267;Carl Lenzner;Metallindustrie;Schraubenfabrik;ja;1;Sanderstraße 30;Barmen;Barmen;;7.1770539;51.2724498;strassengenau;;537;31.1.1944;1944-01-31;1944-03-11;Ostarbeiter;15;;
267;Carl Lenzner;Metallindustrie;Schraubenfabrik;ja;1;Sanderstraße 30;Barmen;Barmen;;7.1770539;51.2724498;strassengenau;;537;11.3.1944;1944-03-11;1944-06-30;Ostarbeiter;52;0;52
267;Carl Lenzner;Metallindustrie;Schraubenfabrik;ja;1;Sanderstraße 30;Barmen;Barmen;;7.1770539;51.2724498;strassengenau;;537;30.6.1944;1944-06-30;1944-12-31;Deutsche;91;56;35
267;Carl Lenzner;Metallindustrie;Schraubenfabrik;ja;1;Sanderstraße 30;Barmen;Barmen;;7.1770539;51.2724498;strassengenau;;537;30.6.1944;1944-06-30;1944-12-31;Westarbeiter;1;;
267;Carl Lenzner;Metallindustrie;Schraubenfabrik;ja;1;Sanderstraße 30;Barmen;Barmen;;7.1770539;51.2724498;strassengenau;;537;30.6.1944;1944-06-30;1944-12-31;Ostarbeiter;14;;
267;Carl Lenzner;Metallindustrie;Schraubenfabrik;ja;1;Sanderstraße 30;Barmen;Barmen;;7.1770539;51.2724498;strassengenau;;537;31.12.1944;1944-12-31;1945-05-08;Deutsche;91;48;43
267;Carl Lenzner;Metallindustrie;Schraubenfabrik;ja;1;Sanderstraße 30;Barmen;Barmen;;7.1770539;51.2724498;strassengenau;;537;31.12.1944;1944-12-31;1945-05-08;Westarbeiter;1;;
267;Carl Lenzner;Metallindustrie;Schraubenfabrik;ja;1;Sanderstraße 30;Barmen;Barmen;;7.1770539;51.2724498;strassengenau;;537;31.12.1944;1944-12-31;1945-05-08;Ostarbeiter;11;;
268;J. Leonhards Söhne;Gärtnerei;Gartengestaltung/Baumschulen;ja;1;Im Kirschsiepen 20;Vohwinkel;Vohwinkel;;7.0651336;51.22896;hausgenau;;537;27.4.1943;1943-04-27;1945-05-08;Niederländer;;;
269;Limbach & Bonert KG [„Linde’sches Eiswerk“];Metallindustrie;;nein;1;Hünefeldstr. 1-19;Barmen;Barmen;;7.1696248;51.262304;hausgenau;;537;;;;;;;
270;Emil Linde;Maschinenbau;Maschinenfabrik;nein;1;Carnaperstr. 126;Barmen;Barmen;;7.1836154;51.2788744;hausgenau;;537;23.10.1942;1942-10-23;1945-05-08;Ausländer ohne Nationalitätenangabe;10;;
270;Emil Linde;Maschinenbau;Maschinenfabrik;nein;1;Carnaperstr. 126;Barmen;Barmen;;7.1836154;51.2788744;hausgenau;;537;5.7.1944;1944-07-05;1945-05-08;Ostarbeiter;;;
271;Johann Linnenbürger;Maschinenbau;Maschinenfabrik;nein;1;Marktstr. 11;Ronsdorf;Ronsdorf;;7.1967303;51.2274748;strassengenau;;537;;;1945-05-08;Franzosen;;;
272;Wilhelm Lörken;Chemie;Lackfabrik;ja;1;Clausenstraße 35-37;Barmen;Barmen;;7.1661507;51.2707929;hausgenau;;537;5.7.1944;1944-07-05;1945-05-08;Ostarbeiter;;;
273;August Lohe;Bauunternehmen;Bau-Unternehmung;unbekannt;1;Friedrich-Engels-Allee 118;Barmen;Barmen;;7.1877287;51.2661091;strassengenau;;537;30.11.1942;1942-11-30;1943-01-31;Deutsche;82;77;5
273;August Lohe;Bauunternehmen;Bau-Unternehmung;unbekannt;1;Friedrich-Engels-Allee 118;Barmen;Barmen;;7.1877287;51.2661091;strassengenau;;537;30.11.1942;1942-11-30;1943-01-31;Westarbeiter;26;26;
273;August Lohe;Bauunternehmen;Bau-Unternehmung;unbekannt;1;Friedrich-Engels-Allee 118;Barmen;Barmen;;7.1877287;51.2661091;strassengenau;;537;30.11.1942;1942-11-30;1943-01-31;Juden;2;;
273;August Lohe;Bauunternehmen;Bau-Unternehmung;unbekannt;1;Friedrich-Engels-Allee 118;Barmen;Barmen;;7.1877287;51.2661091;strassengenau;;537;30.11.1942;1942-11-30;1943-01-31;Ostarbeiter;85;78;7
273;August Lohe;Bauunternehmen;Bau-Unternehmung;unbekannt;1;Friedrich-Engels-Allee 118;Barmen;Barmen;;7.1877287;51.2661091;strassengenau;;537;30.11.1942;1942-11-30;1943-01-31;Kriegsgefangene;105;;
273;August Lohe;Bauunternehmen;Bau-Unternehmung;unbekannt;1;Friedrich-Engels-Allee 118;Barmen;Barmen;;7.1877287;51.2661091;strassengenau;;537;31.1.1943;1943-01-31;1943-02-28;Deutsche;81;76;5
273;August Lohe;Bauunternehmen;Bau-Unternehmung;unbekannt;1;Friedrich-Engels-Allee 118;Barmen;Barmen;;7.1877287;51.2661091;strassengenau;;537;31.1.1943;1943-01-31;1943-02-28;Westarbeiter;25;25;
273;August Lohe;Bauunternehmen;Bau-Unternehmung;unbekannt;1;Friedrich-Engels-Allee 118;Barmen;Barmen;;7.1877287;51.2661091;strassengenau;;537;31.1.1943;1943-01-31;1943-02-28;Juden;2;;
273;August Lohe;Bauunternehmen;Bau-Unternehmung;unbekannt;1;Friedrich-Engels-Allee 118;Barmen;Barmen;;7.1877287;51.2661091;strassengenau;;537;31.1.1943;1943-01-31;1943-02-28;Ostarbeiter;84;77;7
273;August Lohe;Bauunternehmen;Bau-Unternehmung;unbekannt;1;Friedrich-Engels-Allee 118;Barmen;Barmen;;7.1877287;51.2661091;strassengenau;;537;31.1.1943;1943-01-31;1943-02-28;Kriegsgefangene;103;;
273;August Lohe;Bauunternehmen;Bau-Unternehmung;unbekannt;1;Friedrich-Engels-Allee 118;Barmen;Barmen;;7.1877287;51.2661091;strassengenau;;537;28.2.1943;1943-02-28;1945-05-08;Deutsche;78;73;5
273;August Lohe;Bauunternehmen;Bau-Unternehmung;unbekannt;1;Friedrich-Engels-Allee 118;Barmen;Barmen;;7.1877287;51.2661091;strassengenau;;537;28.2.1943;1943-02-28;1945-05-08;Westarbeiter;25;25;
273;August Lohe;Bauunternehmen;Bau-Unternehmung;unbekannt;1;Friedrich-Engels-Allee 118;Barmen;Barmen;;7.1877287;51.2661091;strassengenau;;537;28.2.1943;1943-02-28;1945-05-08;Juden;2;;
273;August Lohe;Bauunternehmen;Bau-Unternehmung;unbekannt;1;Friedrich-Engels-Allee 118;Barmen;Barmen;;7.1877287;51.2661091;strassengenau;;537;28.2.1943;1943-02-28;1945-05-08;Ostarbeiter;84;77;7
273;August Lohe;Bauunternehmen;Bau-Unternehmung;unbekannt;1;Friedrich-Engels-Allee 118;Barmen;Barmen;;7.1877287;51.2661091;strassengenau;;537;28.2.1943;1943-02-28;1945-05-08;Kriegsgefangene;103;;
273;August Lohe;Bauunternehmen;Bau-Unternehmung;unbekannt;1;Friedrich-Engels-Allee 118;Barmen;Barmen;;7.1877287;51.2661091;strassengenau;;537;27.4.1943;1943-04-27;1945-05-08;Polen;;;
273;August Lohe;Bauunternehmen;Bau-Unternehmung;unbekannt;1;Friedrich-Engels-Allee 118;Barmen;Barmen;;7.1877287;51.2661091;strassengenau;;537;27.4.1943;1943-04-27;1945-05-08;Niederländer;;;
274;Reinhold Lohe;Metallindustrie;Gesenkschmiede;nein;1;Kohlfurther Brücke 14-16;Cronenberg;Cronenberg;;7.1105648;51.1939686;hausgenau;;537;13.8.1942;1942-08-13;1942-10-28;Ostarbeiter;7;7;0
274;Reinhold Lohe;Metallindustrie;Gesenkschmiede;nein;1;Kohlfurther Brücke 14-16;Cronenberg;Cronenberg;;7.1105648;51.1939686;hausgenau;;537;28.10.1942;1942-10-28;1943-04-27;Ostarbeiter;6;6;0
274;Reinhold Lohe;Metallindustrie;Gesenkschmiede;nein;1;Kohlfurther Brücke 14-16;Cronenberg;Cronenberg;;7.1105648;51.1939686;hausgenau;;537;27.4.1943;1943-04-27;1944-03-11;Ostarbeiter;7;7;0
274;Reinhold Lohe;Metallindustrie;Gesenkschmiede;nein;1;Kohlfurther Brücke 14-16;Cronenberg;Cronenberg;;7.1105648;51.1939686;hausgenau;;537;11.3.1944;1944-03-11;1944-07-05;Ostarbeiter;15;15;0
274;Reinhold Lohe;Metallindustrie;Gesenkschmiede;nein;1;Kohlfurther Brücke 14-16;Cronenberg;Cronenberg;;7.1105648;51.1939686;hausgenau;;537;5.7.1944;1944-07-05;1945-05-08;Ostarbeiter;;;
275;Lohmann & Stuhlmann;Metallindustrie;Werkzeugfabrik;nein;1;Oberkamperstr. 22A;Cronenberg;Cronenberg;;7.142782;51.210668;strassengenau;Nur straßengenau — über die Nachbarnummer 22 verortet, „22A“ ist heute nicht mehr vergeben;538;;;1945-05-08;Ostarbeiter;;;
276;Alba Werke Adolf Lübbertsmeier A.G.;Metallindustrie;Kaltwalzwerk;nein;1;Sternstraße 19-21;Barmen;Oberbarmen;;7.2101057;51.2762322;hausgenau;;538;27.4.1943;1943-04-27;1945-05-08;Ostarbeiter;22;1;21
276;Alba Werke Adolf Lübbertsmeier A.G.;Metallindustrie;Kaltwalzwerk;nein;1;Sternstraße 19-21;Barmen;Oberbarmen;;7.2101057;51.2762322;hausgenau;;538;27.4.1943;1943-04-27;1945-05-08;Franzosen;;;
277;Peter August Lückenhaus;Textilindustrie;Mech. Weberei f. Futterstoffe, Inhaber Plutte;nein;1;Hatzfelder Str. 14;Barmen;Barmen;;7.1830593;51.280428;hausgenau;;538;27.4.1943;1943-04-27;1945-05-08;Niederländer;;;
277;Peter August Lückenhaus;Textilindustrie;Mech. Weberei f. Futterstoffe, Inhaber Plutte;nein;1;Hatzfelder Str. 14;Barmen;Barmen;;7.1830593;51.280428;hausgenau;;538;;;1945-05-08;Ostarbeiter;;;
277;Peter August Lückenhaus;Textilindustrie;Mech. Weberei f. Futterstoffe, Inhaber Plutte;nein;1;Hatzfelder Str. 14;Barmen;Barmen;;7.1830593;51.280428;hausgenau;;538;;;1945-05-08;Westarbeiter;;;
277;Peter August Lückenhaus;Textilindustrie;Mech. Weberei f. Futterstoffe, Inhaber Plutte;nein;2;Buchenstr. 58;Barmen;Barmen;;7.1841727;51.2708858;hausgenau;;538;;;;;;;
278;Ewald Luft;unbekannt;;nein;1;Mirker Straße 45;Elberfeld;Elberfeld;;7.1450181;51.2662196;hausgenau;;538;1943;1943-01-01;1945-05-08;Franzosen;;;
279;August Luhn & Co. GmbH;Chemie;Seifen- und Glyzerinfabriken;nein;1;Schwarzbach 91-103;Barmen;Oberbarmen;;7.2261857;51.2805414;hausgenau;;538;8.5.1942;1942-05-08;1942-08-13;Ostarbeiter;35;35;0
279;August Luhn & Co. GmbH;Chemie;Seifen- und Glyzerinfabriken;nein;1;Schwarzbach 91-103;Barmen;Oberbarmen;;7.2261857;51.2805414;hausgenau;;538;13.8.1942;1942-08-13;1942-10-28;Ostarbeiter;53;13;40
279;August Luhn & Co. GmbH;Chemie;Seifen- und Glyzerinfabriken;nein;1;Schwarzbach 91-103;Barmen;Oberbarmen;;7.2261857;51.2805414;hausgenau;;538;28.10.1942;1942-10-28;1943-04-27;Ostarbeiter;46;13;33
279;August Luhn & Co. GmbH;Chemie;Seifen- und Glyzerinfabriken;nein;1;Schwarzbach 91-103;Barmen;Oberbarmen;;7.2261857;51.2805414;hausgenau;;538;27.4.1943;1943-04-27;1944-03-11;Ostarbeiter;54;17;37
279;August Luhn & Co. GmbH;Chemie;Seifen- und Glyzerinfabriken;nein;1;Schwarzbach 91-103;Barmen;Oberbarmen;;7.2261857;51.2805414;hausgenau;;538;27.4.1943;1943-04-27;1945-05-08;Franzosen;;;
279;August Luhn & Co. GmbH;Chemie;Seifen- und Glyzerinfabriken;nein;1;Schwarzbach 91-103;Barmen;Oberbarmen;;7.2261857;51.2805414;hausgenau;;538;27.4.1943;1943-04-27;1945-05-08;Niederländer;;;
279;August Luhn & Co. GmbH;Chemie;Seifen- und Glyzerinfabriken;nein;1;Schwarzbach 91-103;Barmen;Oberbarmen;;7.2261857;51.2805414;hausgenau;;538;11.3.1944;1944-03-11;1945-05-08;Ostarbeiter;75;27;48
280;Lusbrink & Schwebinghaus;Metallindustrie;Präzisionswerkzeugfabrik;ja;1;Monschaustr. 27;Ronsdorf;Ronsdorf;;7.1939438;51.2292681;hausgenau;;538;27.4.1943;1943-04-27;1944-07-05;Ostarbeiter;10;10;0
280;Lusbrink & Schwebinghaus;Metallindustrie;Präzisionswerkzeugfabrik;ja;1;Monschaustr. 27;Ronsdorf;Ronsdorf;;7.1939438;51.2292681;hausgenau;;538;05.07.1944;1944-07-05;1945-05-08;Ostarbeiter;;;
281;J. Machwürth;Maschinenbau;Apparatebau;nein;1;Kaiserstr. 195;Vohwinkel;Vohwinkel;;7.0742666;51.2329786;strassengenau;;538;27.4.1943;1943-04-27;1945-05-08;Belgier;;;
282;Karl Mäueler Barmer Eisen- und Blechwarenfabrik — Verzinkerei;Metallindustrie;;nein;1;Alarichstr. 22;Barmen;Barmen;;7.1998457;51.2787441;hausgenau;;538;28.10.1942;1942-10-28;1943-04-27;Ostarbeiter;10;10;0
282;Karl Mäueler Barmer Eisen- und Blechwarenfabrik — Verzinkerei;Metallindustrie;;nein;1;Alarichstr. 22;Barmen;Barmen;;7.1998457;51.2787441;hausgenau;;538;27.4.1943;1943-04-27;1944-03-11;Ostarbeiter;8;8;0
282;Karl Mäueler Barmer Eisen- und Blechwarenfabrik — Verzinkerei;Metallindustrie;;nein;1;Alarichstr. 22;Barmen;Barmen;;7.1998457;51.2787441;hausgenau;;538;11.3.1944;1944-03-11;1945-05-08;Ostarbeiter;24;0;24
283;J. Mai & Co. mbH;Bauunternehmen;Bauunternehmung;ja;1;Varresbecker Str. 135a;Elberfeld;Elberfeld-West;;7.1033902;51.2519499;hausgenau;;538;30.11.1942;1942-11-30;1943-03-31;Deutsche;39;37;2
283;J. Mai & Co. mbH;Bauunternehmen;Bauunternehmung;ja;1;Varresbecker Str. 135a;Elberfeld;Elberfeld-West;;7.1033902;51.2519499;hausgenau;;538;30.11.1942;1942-11-30;1943-03-31;Westarbeiter;4;4;
283;J. Mai & Co. mbH;Bauunternehmen;Bauunternehmung;ja;1;Varresbecker Str. 135a;Elberfeld;Elberfeld-West;;7.1033902;51.2519499;hausgenau;;538;31.3.1943;1943-03-31;1943-08-31;Deutsche;39;37;2
283;J. Mai & Co. mbH;Bauunternehmen;Bauunternehmung;ja;1;Varresbecker Str. 135a;Elberfeld;Elberfeld-West;;7.1033902;51.2519499;hausgenau;;538;31.3.1943;1943-03-31;1943-08-31;Westarbeiter;4;4;
283;J. Mai & Co. mbH;Bauunternehmen;Bauunternehmung;ja;1;Varresbecker Str. 135a;Elberfeld;Elberfeld-West;;7.1033902;51.2519499;hausgenau;;538;31.8.1943;1943-08-31;1945-05-08;Deutsche;38;36;2
283;J. Mai & Co. mbH;Bauunternehmen;Bauunternehmung;ja;1;Varresbecker Str. 135a;Elberfeld;Elberfeld-West;;7.1033902;51.2519499;hausgenau;;538;31.8.1943;1943-08-31;1945-05-08;Westarbeiter;5;5;
284;Friedrich Marcus;Metallindustrie;Werkzeugfabrik;nein;1;Echoerstr. 25;Ronsdorf;Ronsdorf;;7.198941;51.2198793;hausgenau;;538;13.8.1942;1942-08-13;1942-10-28;Ostarbeiter;15;15;0
284;Friedrich Marcus;Metallindustrie;Werkzeugfabrik;nein;1;Echoerstr. 25;Ronsdorf;Ronsdorf;;7.198941;51.2198793;hausgenau;;538;28.10.1942;1942-10-28;1943-01-31;Ostarbeiter;15;15;0
284;Friedrich Marcus;Metallindustrie;Werkzeugfabrik;nein;1;Echoerstr. 25;Ronsdorf;Ronsdorf;;7.198941;51.2198793;hausgenau;;538;31.1.1943;1943-01-31;1944-06-30;Deutsche;85;43;42
284;Friedrich Marcus;Metallindustrie;Werkzeugfabrik;nein;1;Echoerstr. 25;Ronsdorf;Ronsdorf;;7.198941;51.2198793;hausgenau;;538;31.1.1943;1943-01-31;1944-06-30;Westarbeiter;4;1;3
284;Friedrich Marcus;Metallindustrie;Werkzeugfabrik;nein;1;Echoerstr. 25;Ronsdorf;Ronsdorf;;7.198941;51.2198793;hausgenau;;538;31.1.1943;1943-01-31;1943-04-27;Ostarbeiter;30;15;15
284;Friedrich Marcus;Metallindustrie;Werkzeugfabrik;nein;1;Echoerstr. 25;Ronsdorf;Ronsdorf;;7.198941;51.2198793;hausgenau;;538;27.4.1943;1943-04-27;1944-03-11;Ostarbeiter;15;15;0
284;Friedrich Marcus;Metallindustrie;Werkzeugfabrik;nein;1;Echoerstr. 25;Ronsdorf;Ronsdorf;;7.198941;51.2198793;hausgenau;;538;27.4.1943;1943-04-27;1945-05-08;Belgier;;;
284;Friedrich Marcus;Metallindustrie;Werkzeugfabrik;nein;1;Echoerstr. 25;Ronsdorf;Ronsdorf;;7.198941;51.2198793;hausgenau;;538;11.3.1944;1944-03-11;1944-06-30;Ostarbeiter;20;18;2
284;Friedrich Marcus;Metallindustrie;Werkzeugfabrik;nein;1;Echoerstr. 25;Ronsdorf;Ronsdorf;;7.198941;51.2198793;hausgenau;;538;30.6.1944;1944-06-30;1945-05-08;Deutsche;38;36;2
284;Friedrich Marcus;Metallindustrie;Werkzeugfabrik;nein;1;Echoerstr. 25;Ronsdorf;Ronsdorf;;7.198941;51.2198793;hausgenau;;538;30.6.1944;1944-06-30;1945-05-08;Westarbeiter;1;1;
284;Friedrich Marcus;Metallindustrie;Werkzeugfabrik;nein;1;Echoerstr. 25;Ronsdorf;Ronsdorf;;7.198941;51.2198793;hausgenau;;538;30.6.1944;1944-06-30;1945-05-08;Ostarbeiter;20;18;2
284;Friedrich Marcus;Metallindustrie;Werkzeugfabrik;nein;1;Echoerstr. 25;Ronsdorf;Ronsdorf;;7.198941;51.2198793;hausgenau;;538;30.6.1944;1944-06-30;1945-05-08;nicht-russische Kriegsgefangene;37;;
285;Matthes & Weber AG;Industrie der Steine und Erden;Kalkwerk;nein;1;Auf dem Dorp;Elberfeld;Elberfeld;;;;ohne;;539;27.4.1943;1943-04-27;1945-05-08;Polen;;;
286;Matthey & Lenz;Handel / Dienstleistungen;Kohlenhandlung;nein;1;Liegnitzer Straße 47;Barmen;Oberbarmen;;7.2210354;51.2822654;hausgenau;;539;27.4.1943;1943-04-27;1945-05-08;Polen;;;
287;August Meckenstock;Lebensmittelindustrie;Molkerei;nein;1;Ferdinand Schrey Str.;Elberfeld;Elberfeld;;7.1515053;51.2490141;strassengenau;;539;;;1945-05-08;Ostarbeiter;;;
287;August Meckenstock;Lebensmittelindustrie;Molkerei;nein;1;Ferdinand Schrey Str.;Elberfeld;Elberfeld;;7.1515053;51.2490141;strassengenau;;539;;;1945-05-08;Westarbeiter;;;
287;August Meckenstock;Lebensmittelindustrie;Molkerei;nein;2;Kieselstr. 44;Elberfeld;Elberfeld;;7.1504846;51.2520144;hausgenau;;539;;;;;;;
287;August Meckenstock;Lebensmittelindustrie;Molkerei;nein;3;Hospitalstr. 24;Elberfeld;Elberfeld;;7.1514465;51.2520829;strassengenau;;539;;;;;;;
288;Melchior & Jörgens;Kunststoffindustrie;Spritzgußfabrik;nein;1;Wittener Str. 37 A;Barmen;Oberbarmen;;7.232632;51.28804;strassengenau;Nur straßengenau — über die Nachbarnummer 37 verortet, „37 A“ ist heute nicht mehr vergeben;539;31.8.1943;1943-08-31;1945-05-08;Deutsche;8;7;1
288;Melchior & Jörgens;Kunststoffindustrie;Spritzgußfabrik;nein;1;Wittener Str. 37 A;Barmen;Oberbarmen;;7.232632;51.28804;strassengenau;Nur straßengenau — über die Nachbarnummer 37 verortet, „37 A“ ist heute nicht mehr vergeben;539;31.8.1943;1943-08-31;1945-05-08;Westarbeiter;1;;
289;Autohaus Merkur;Kraftfahrzeugindustrie;Autohaus;nein;1;Werther Brücke 11;Barmen;Heckinghausen;;7.2073458;51.2720109;strassengenau;;539;;;1945-05-08;Polen;;;
290;Metzenauer & Jung;Elektrotechnik;Spezialfabrik für elektr. Apparate;unbekannt;1;Charlottenstr. 88;Elberfeld;Elberfeld;;7.1344056;51.259614;strassengenau;;539;27.4.1943;1943-04-27;1945-05-08;Franzosen;;;
290;Metzenauer & Jung;Elektrotechnik;Spezialfabrik für elektr. Apparate;unbekannt;1;Charlottenstr. 88;Elberfeld;Elberfeld;;7.1344056;51.259614;strassengenau;;539;31.1.1944;1944-01-31;1944-04-30;Deutsche;934;520;414
290;Metzenauer & Jung;Elektrotechnik;Spezialfabrik für elektr. Apparate;unbekannt;1;Charlottenstr. 88;Elberfeld;Elberfeld;;7.1344056;51.259614;strassengenau;;539;31.1.1944;1944-01-31;1944-04-30;Westarbeiter;65;15;50
290;Metzenauer & Jung;Elektrotechnik;Spezialfabrik für elektr. Apparate;unbekannt;1;Charlottenstr. 88;Elberfeld;Elberfeld;;7.1344056;51.259614;strassengenau;;539;31.1.1944;1944-01-31;1944-03-11;Ostarbeiter;30;26;4
290;Metzenauer & Jung;Elektrotechnik;Spezialfabrik für elektr. Apparate;unbekannt;1;Charlottenstr. 88;Elberfeld;Elberfeld;;7.1344056;51.259614;strassengenau;;539;11.3.1944;1944-03-11;1944-04-30;Ostarbeiter;25;22;3
290;Metzenauer & Jung;Elektrotechnik;Spezialfabrik für elektr. Apparate;unbekannt;1;Charlottenstr. 88;Elberfeld;Elberfeld;;7.1344056;51.259614;strassengenau;;539;30.4.1944;1944-04-30;1944-11-30;Deutsche;860;524;336
290;Metzenauer & Jung;Elektrotechnik;Spezialfabrik für elektr. Apparate;unbekannt;1;Charlottenstr. 88;Elberfeld;Elberfeld;;7.1344056;51.259614;strassengenau;;539;30.4.1944;1944-04-30;1944-11-30;Westarbeiter;64;12;52
290;Metzenauer & Jung;Elektrotechnik;Spezialfabrik für elektr. Apparate;unbekannt;1;Charlottenstr. 88;Elberfeld;Elberfeld;;7.1344056;51.259614;strassengenau;;539;30.4.1944;1944-04-30;1944-11-30;Ostarbeiter;89;49;40
290;Metzenauer & Jung;Elektrotechnik;Spezialfabrik für elektr. Apparate;unbekannt;1;Charlottenstr. 88;Elberfeld;Elberfeld;;7.1344056;51.259614;strassengenau;;539;30.11.1944;1944-11-30;1945-05-08;Deutsche;888;456;432
290;Metzenauer & Jung;Elektrotechnik;Spezialfabrik für elektr. Apparate;unbekannt;1;Charlottenstr. 88;Elberfeld;Elberfeld;;7.1344056;51.259614;strassengenau;;539;30.11.1944;1944-11-30;1945-05-08;Westarbeiter;23;14;9
290;Metzenauer & Jung;Elektrotechnik;Spezialfabrik für elektr. Apparate;unbekannt;1;Charlottenstr. 88;Elberfeld;Elberfeld;;7.1344056;51.259614;strassengenau;;539;30.11.1944;1944-11-30;1945-05-08;Ostarbeiter;103;43;60
291;Werner Michel;Handel / Dienstleistungen;Kohlenhändler;ja;1;Rheinstr. 21;Elberfeld;Elberfeld;;7.1398026;51.2478616;hausgenau;;539;;;1945-05-08;Ukrainer;;;
292;Michels Brotfabrik;Lebensmittelindustrie;Ernst Michel, Wwe. Heinrich Michel;nein;1;Forststraße 4;Ronsdorf;Ronsdorf;;7.2072682;51.2306088;hausgenau;;539;28.10.1942;1942-10-28;1943-04-27;Ostarbeiter;5;5;0
292;Michels Brotfabrik;Lebensmittelindustrie;Ernst Michel, Wwe. Heinrich Michel;nein;1;Forststraße 4;Ronsdorf;Ronsdorf;;7.2072682;51.2306088;hausgenau;;539;27.4.1943;1943-04-27;1945-05-08;Ostarbeiter;5;5;0
292;Michels Brotfabrik;Lebensmittelindustrie;Ernst Michel, Wwe. Heinrich Michel;nein;1;Forststraße 4;Ronsdorf;Ronsdorf;;7.2072682;51.2306088;hausgenau;;539;;;1945-05-08;französische Kriegsgefangene;;;
293;Heinrich Misselke;Bauunternehmen;Tiefbauunternehmung;nein;1;Grifflenberg 153;Elberfeld;Elberfeld;;7.1515079;51.246327;hausgenau;;539;27.4.1943;1943-04-27;1945-05-08;Niederländer;;;
294;Mittelsten-Schee & Co.;Maschinenbau;Maschinenfabrik;nein;1;Ackerstr. 12;Barmen;Heckinghausen;;7.2240399;51.2697761;hausgenau;;539;13.8.1942;1942-08-13;1942-10-28;Ostarbeiter;20;0;20
294;Mittelsten-Schee & Co.;Maschinenbau;Maschinenfabrik;nein;1;Ackerstr. 12;Barmen;Heckinghausen;;7.2240399;51.2697761;hausgenau;;539;28.10.1942;1942-10-28;1943-04-27;Ostarbeiter;20;0;20
294;Mittelsten-Schee & Co.;Maschinenbau;Maschinenfabrik;nein;1;Ackerstr. 12;Barmen;Heckinghausen;;7.2240399;51.2697761;hausgenau;;539;27.4.1943;1943-04-27;1944-03-11;Ostarbeiter;18;0;18
294;Mittelsten-Schee & Co.;Maschinenbau;Maschinenfabrik;nein;1;Ackerstr. 12;Barmen;Heckinghausen;;7.2240399;51.2697761;hausgenau;;539;11.3.1944;1944-03-11;1945-05-08;Ostarbeiter;24;0;24
295;Gebrüder Möbers;Bauunternehmen;Hoch-, Tief- und Eisenbetonbau;nein;1;Neue Friedrichstr. 40;Elberfeld;Elberfeld;;7.1453486;51.2647688;hausgenau;;539;27.4.1943;1943-04-27;1945-05-08;Niederländer;;;
296;Theodor Möhle;Metallindustrie;Kunst- und Bauschlosserei;unbekannt;1;Neuenteich 93;Elberfeld;Elberfeld;;7.1551044;51.2616428;strassengenau;;539;27.4.1943;1943-04-27;1945-05-08;Franzosen;;;
296;Theodor Möhle;Metallindustrie;Kunst- und Bauschlosserei;unbekannt;1;Neuenteich 93;Elberfeld;Elberfeld;;7.1551044;51.2616428;strassengenau;;539;11.3.1944;1944-03-11;1944-07-05;Ostarbeiter;10;10;0
296;Theodor Möhle;Metallindustrie;Kunst- und Bauschlosserei;unbekannt;1;Neuenteich 93;Elberfeld;Elberfeld;;7.1551044;51.2616428;strassengenau;;539;5.7.1944;1944-07-05;1945-05-08;Ostarbeiter;;;
296;Theodor Möhle;Metallindustrie;Kunst- und Bauschlosserei;unbekannt;1;Neuenteich 93;Elberfeld;Elberfeld;;7.1551044;51.2616428;strassengenau;;539;;;1945-05-08;Holländer;;;
296;Theodor Möhle;Metallindustrie;Kunst- und Bauschlosserei;unbekannt;1;Neuenteich 93;Elberfeld;Elberfeld;;7.1551044;51.2616428;strassengenau;;539;;;1945-05-08;Russen;;;
297;Mülder [Inhaber: Bruno Holl];Kraftfahrzeugindustrie;Fahrzeugbau;unbekannt;1;Friedrich-Ebert-Straße 99-101;Elberfeld;Elberfeld;;7.1344717;51.2540065;strassengenau;;540;;;1945-05-08;Westarbeiter;;;
298;Simon Möller;Kraftfahrzeugindustrie;Wagen- und Karosseriebau;nein;1;Berliner Straße 202 a;Barmen;Oberbarmen;;7.2089516;51.2738428;strassengenau;;540;27.4.1943;1943-04-27;1945-05-08;Franzosen;;;
299;Mollerus Waschanstalt GmbH;Textilindustrie;;nein;1;Winchenbachstr. 18-20;Barmen;Barmen;;7.1892765;51.2817272;hausgenau;;540;23.10.1942;1942-10-23;1945-05-08;Ausländer;;;
300;Hans Moog [=Deutsches Leucht- u. Signalmittelwerk Dr. Feistel KG];Pyrotechnik;;nein;1;Flügel 1;Ronsdorf;Ronsdorf;;;;ohne;;540;13.8.1942;1942-08-13;1942-10-28;Ostarbeiter;26;0;26
300;Hans Moog [=Deutsches Leucht- u. Signalmittelwerk Dr. Feistel KG];Pyrotechnik;;nein;1;Flügel 1;Ronsdorf;Ronsdorf;;;;ohne;;540;28.10.1942;1942-10-28;1943-04-27;Ostarbeiter;22;0;22
300;Hans Moog [=Deutsches Leucht- u. Signalmittelwerk Dr. Feistel KG];Pyrotechnik;;nein;1;Flügel 1;Ronsdorf;Ronsdorf;;;;ohne;;540;27.4.1943;1943-04-27;1944-01-31;Ostarbeiter;40;0;40
300;Hans Moog [=Deutsches Leucht- u. Signalmittelwerk Dr. Feistel KG];Pyrotechnik;;nein;1;Flügel 1;Ronsdorf;Ronsdorf;;;;ohne;;540;27.4.1943;1943-04-27;1945-05-08;Polen;;;
300;Hans Moog [=Deutsches Leucht- u. Signalmittelwerk Dr. Feistel KG];Pyrotechnik;;nein;1;Flügel 1;Ronsdorf;Ronsdorf;;;;ohne;;540;31.1.1944;1944-01-31;1944-06-30;Deutsche;62;25;37
300;Hans Moog [=Deutsches Leucht- u. Signalmittelwerk Dr. Feistel KG];Pyrotechnik;;nein;1;Flügel 1;Ronsdorf;Ronsdorf;;;;ohne;;540;31.1.1944;1944-01-31;1944-06-30;Westarbeiter;2;;
300;Hans Moog [=Deutsches Leucht- u. Signalmittelwerk Dr. Feistel KG];Pyrotechnik;;nein;1;Flügel 1;Ronsdorf;Ronsdorf;;;;ohne;;540;31.1.1944;1944-01-31;1944-03-11;Ostarbeiter;44;5;39
300;Hans Moog [=Deutsches Leucht- u. Signalmittelwerk Dr. Feistel KG];Pyrotechnik;;nein;1;Flügel 1;Ronsdorf;Ronsdorf;;;;ohne;;540;11.3.1944;1944-03-11;1944-06-30;Ostarbeiter;44;4;40
300;Hans Moog [=Deutsches Leucht- u. Signalmittelwerk Dr. Feistel KG];Pyrotechnik;;nein;1;Flügel 1;Ronsdorf;Ronsdorf;;;;ohne;;540;30.6.1944;1944-06-30;1944-12-31;Deutsche;56;25;37
300;Hans Moog [=Deutsches Leucht- u. Signalmittelwerk Dr. Feistel KG];Pyrotechnik;;nein;1;Flügel 1;Ronsdorf;Ronsdorf;;;;ohne;;540;30.6.1944;1944-06-30;1944-12-31;Westarbeiter;2;;
300;Hans Moog [=Deutsches Leucht- u. Signalmittelwerk Dr. Feistel KG];Pyrotechnik;;nein;1;Flügel 1;Ronsdorf;Ronsdorf;;;;ohne;;540;30.6.1944;1944-06-30;1944-12-31;Ostarbeiter;68;10;58
300;Hans Moog [=Deutsches Leucht- u. Signalmittelwerk Dr. Feistel KG];Pyrotechnik;;nein;1;Flügel 1;Ronsdorf;Ronsdorf;;;;ohne;;540;31.12.1944;1944-12-31;1945-05-08;Deutsche;66;21;45
300;Hans Moog [=Deutsches Leucht- u. Signalmittelwerk Dr. Feistel KG];Pyrotechnik;;nein;1;Flügel 1;Ronsdorf;Ronsdorf;;;;ohne;;540;31.12.1944;1944-12-31;1945-05-08;Westarbeiter;2;;
300;Hans Moog [=Deutsches Leucht- u. Signalmittelwerk Dr. Feistel KG];Pyrotechnik;;nein;1;Flügel 1;Ronsdorf;Ronsdorf;;;;ohne;;540;31.12.1944;1944-12-31;1945-05-08;Ostarbeiter;59;10;49
300;Hans Moog [=Deutsches Leucht- u. Signalmittelwerk Dr. Feistel KG];Pyrotechnik;;nein;1;Flügel 1;Ronsdorf;Ronsdorf;;;;ohne;;540;;;1945-05-08;Ukrainer;;;
301;Maschinenfabrik Mühleissen;Maschinenbau;Aufzug- und Maschinenfabrik;nein;1;Industriestr. 31;Sonnborn;Vohwinkel;;7.0899823;51.2454217;hausgenau;;540;31.1.1944;1944-01-31;1944-06-30;Deutsche;56;36;20
301;Maschinenfabrik Mühleissen;Maschinenbau;Aufzug- und Maschinenfabrik;nein;1;Industriestr. 31;Sonnborn;Vohwinkel;;7.0899823;51.2454217;hausgenau;;540;31.1.1944;1944-01-31;1944-06-30;Westarbeiter;2;2;
301;Maschinenfabrik Mühleissen;Maschinenbau;Aufzug- und Maschinenfabrik;nein;1;Industriestr. 31;Sonnborn;Vohwinkel;;7.0899823;51.2454217;hausgenau;;540;30.6.1944;1944-06-30;1944-12-31;Deutsche;74;44;30
301;Maschinenfabrik Mühleissen;Maschinenbau;Aufzug- und Maschinenfabrik;nein;1;Industriestr. 31;Sonnborn;Vohwinkel;;7.0899823;51.2454217;hausgenau;;540;30.6.1944;1944-06-30;1944-12-31;Westarbeiter;1;1;
301;Maschinenfabrik Mühleissen;Maschinenbau;Aufzug- und Maschinenfabrik;nein;1;Industriestr. 31;Sonnborn;Vohwinkel;;7.0899823;51.2454217;hausgenau;;540;31.12.1944;1944-12-31;1945-05-08;Deutsche;95;43;52
301;Maschinenfabrik Mühleissen;Maschinenbau;Aufzug- und Maschinenfabrik;nein;1;Industriestr. 31;Sonnborn;Vohwinkel;;7.0899823;51.2454217;hausgenau;;540;31.12.1944;1944-12-31;1945-05-08;Westarbeiter;1;1;
301;Maschinenfabrik Mühleissen;Maschinenbau;Aufzug- und Maschinenfabrik;nein;1;Industriestr. 31;Sonnborn;Vohwinkel;;7.0899823;51.2454217;hausgenau;;540;31.12.1944;1944-12-31;1945-05-08;nicht-russische Kriegsgefangene;2;;
302;Fritz Müller;Elektrotechnik;Elektroisoliermaterial-Fabrikation;ja;1;Haßlinghauser Str. 102;Barmen;Oberbarmen;;7.2502135;51.3046096;hausgenau;;540;13.8.1942;1942-08-13;1942-10-28;Ostarbeiter;40;0;40
302;Fritz Müller;Elektrotechnik;Elektroisoliermaterial-Fabrikation;ja;1;Haßlinghauser Str. 102;Barmen;Oberbarmen;;7.2502135;51.3046096;hausgenau;;540;28.10.1942;1942-10-28;1943-04-27;Ostarbeiter;20;0;20
302;Fritz Müller;Elektrotechnik;Elektroisoliermaterial-Fabrikation;ja;1;Haßlinghauser Str. 102;Barmen;Oberbarmen;;7.2502135;51.3046096;hausgenau;;540;27.4.1943;1943-04-27;1944-03-11;Ostarbeiter;29;0;29
302;Fritz Müller;Elektrotechnik;Elektroisoliermaterial-Fabrikation;ja;1;Haßlinghauser Str. 102;Barmen;Oberbarmen;;7.2502135;51.3046096;hausgenau;;540;11.3.1944;1944-03-11;1945-05-08;Ostarbeiter;40;0;40
303;Wilhelm Müller;Bauunternehmen;Bauunternehmung;nein;1;Simonsstraße 13;Elberfeld;Elberfeld-West;;7.131661;51.2498573;strassengenau;;540;27.4.1943;1943-04-27;1945-05-08;Niederländer;;;
304;Müller & Neumann;xxx;Fabrik für lufttechnische Anlagen;nein;1;Rott 20;Barmen;Barmen;;7.1868115;51.2712892;hausgenau;;540;27.4.1943;1943-04-27;1945-05-08;Niederländer;;;
305;Gebr. Müssigbrodt;Maschinenbau;Maschinen- und Apparatebau;nein;1;Simonsstraße 59;Elberfeld;Elberfeld-West;;7.1274492;51.247409;hausgenau;;540;5.7.1944;1944-07-05;1945-05-08;Ostarbeiter;;;
306;Erich Naumann;Handel / Dienstleistungen;Kohlenhandlung;nein;1;Weißenburgstr. 15;Elberfeld;Elberfeld;;7.1543207;51.2663554;hausgenau;;540;;;1945-05-08;Ukrainer;;;
306;Erich Naumann;Handel / Dienstleistungen;Kohlenhandlung;nein;1;Weißenburgstr. 15;Elberfeld;Elberfeld;;7.1543207;51.2663554;hausgenau;;540;;;1945-05-08;Ostarbeiter;;;
307;Neuhaus & Sohn;Textilindustrie;Stückfärberei, Appretur, Breitschlichter;nein;1;Hatzfelder Str. 12-14;Barmen;Barmen;;7.1829225;51.2800824;hausgenau;;540;27.4.1943;1943-04-27;1944-03-11;Ostarbeiter;15;0;15
307;Neuhaus & Sohn;Textilindustrie;Stückfärberei, Appretur, Breitschlichter;nein;1;Hatzfelder Str. 12-14;Barmen;Barmen;;7.1829225;51.2800824;hausgenau;;540;27.4.1943;1943-04-27;1945-05-08;Franzosen;;;
307;Neuhaus & Sohn;Textilindustrie;Stückfärberei, Appretur, Breitschlichter;nein;1;Hatzfelder Str. 12-14;Barmen;Barmen;;7.1829225;51.2800824;hausgenau;;540;27.4.1943;1943-04-27;1945-05-08;Niederländer;;;
307;Neuhaus & Sohn;Textilindustrie;Stückfärberei, Appretur, Breitschlichter;nein;1;Hatzfelder Str. 12-14;Barmen;Barmen;;7.1829225;51.2800824;hausgenau;;540;11.3.1944;1944-03-11;1945-05-08;Ostarbeiter;23;1;22
307;Neuhaus & Sohn;Textilindustrie;Stückfärberei, Appretur, Breitschlichter;nein;1;Hatzfelder Str. 12-14;Barmen;Barmen;;7.1829225;51.2800824;hausgenau;;540;;;1945-05-08;Westarbeiter;;;
308;Werner Neumann;Kunststoffindustrie;Kunstharzpresserei;unbekannt;1;Peterstr. 8 A;Barmen;Barmen;;7.195188;51.264032;strassengenau;Nur straßengenau — über die Nachbarnummer 8 verortet, „8 A“ ist heute nicht mehr vergeben;541;31.8.1943;1943-08-31;1945-05-08;Deutsche;3;;
308;Werner Neumann;Kunststoffindustrie;Kunstharzpresserei;unbekannt;1;Peterstr. 8 A;Barmen;Barmen;;7.195188;51.264032;strassengenau;Nur straßengenau — über die Nachbarnummer 8 verortet, „8 A“ ist heute nicht mehr vergeben;541;31.8.1943;1943-08-31;1945-05-08;Westarbeiter;2;;
309;Alfred Nolte „Hotel zum Römer“;Gastgewerbe;Hotel;nein;1;Kipdorf 77;Elberfeld;Elberfeld;;7.1502186;51.2583072;strassengenau;;541;6.1943;1943-06-01;1945-05-08;;;;
310;Arthur Nolzen;Maschinenbau;Industrieofenbau;ja;1;Scheidstraße 13;Ronsdorf;Ronsdorf;;7.1983536;51.2284554;hausgenau;;541;1943;1943-01-01;1945-05-08;Franzosen;;;
310;Arthur Nolzen;Maschinenbau;Industrieofenbau;ja;1;Scheidstraße 13;Ronsdorf;Ronsdorf;;7.1983536;51.2284554;hausgenau;;541;5.7.1943;1943-07-05;1945-05-08;Ostarbeiter;;;
311;Willi Nouvortne;Handel / Dienstleistungen;Kohlenhandlung;nein;1;Hofkamp 48-56;Elberfeld;Elberfeld;;7.151283;51.258733;strassengenau;Nur straßengenau — über Nr. 50 verortet, die einzige aus dem überlieferten Bereich 48–56, die es heute noch gibt;541;;;1945-05-08;Ostarbeiter;;;
313;Gustav Ohlig;Baustoffe;Baugeschäft;nein;1;Kölner Straße 96;Elberfeld;Elberfeld;;7.1430529;51.2517224;strassengenau;;541;27.4.1943;1943-04-27;1945-05-08;Sonstige;;;
314;W. & M. Ostermann;Maschinenbau;Maschinen- und Getriebebau;ja;1;Gewerbeschulstr. 92-94;Barmen;Heckinghausen;;7.2075085;51.2691521;hausgenau;;541;27.4.1943;1943-04-27;1945-05-08;Franzosen;;;
314;W. & M. Ostermann;Maschinenbau;Maschinen- und Getriebebau;ja;1;Gewerbeschulstr. 92-94;Barmen;Heckinghausen;;7.2075085;51.2691521;hausgenau;;541;5.7.1943;1943-07-05;1944-06-30;Ostarbeiter;;;
314;W. & M. Ostermann;Maschinenbau;Maschinen- und Getriebebau;ja;1;Gewerbeschulstr. 92-94;Barmen;Heckinghausen;;7.2075085;51.2691521;hausgenau;;541;31.1.1944;1944-01-31;1944-06-30;Deutsche;59;51;8
314;W. & M. Ostermann;Maschinenbau;Maschinen- und Getriebebau;ja;1;Gewerbeschulstr. 92-94;Barmen;Heckinghausen;;7.2075085;51.2691521;hausgenau;;541;30.6.1944;1944-06-30;1944-07-31;Deutsche;53;45;8
314;W. & M. Ostermann;Maschinenbau;Maschinen- und Getriebebau;ja;1;Gewerbeschulstr. 92-94;Barmen;Heckinghausen;;7.2075085;51.2691521;hausgenau;;541;30.6.1944;1944-06-30;1944-07-31;Ostarbeiter;2;;
314;W. & M. Ostermann;Maschinenbau;Maschinen- und Getriebebau;ja;1;Gewerbeschulstr. 92-94;Barmen;Heckinghausen;;7.2075085;51.2691521;hausgenau;;541;31.7.1944;1944-07-31;1944-12-31;Deutsche;53;45;8
314;W. & M. Ostermann;Maschinenbau;Maschinen- und Getriebebau;ja;1;Gewerbeschulstr. 92-94;Barmen;Heckinghausen;;7.2075085;51.2691521;hausgenau;;541;31.7.1944;1944-07-31;1944-12-31;Ostarbeiter;8;6;2
314;W. & M. Ostermann;Maschinenbau;Maschinen- und Getriebebau;ja;1;Gewerbeschulstr. 92-94;Barmen;Heckinghausen;;7.2075085;51.2691521;hausgenau;;541;31.12.1944;1944-12-31;1945-05-08;Deutsche;52;42;10
314;W. & M. Ostermann;Maschinenbau;Maschinen- und Getriebebau;ja;1;Gewerbeschulstr. 92-94;Barmen;Heckinghausen;;7.2075085;51.2691521;hausgenau;;541;31.12.1944;1944-12-31;1945-05-08;Westarbeiter;8;;
314;W. & M. Ostermann;Maschinenbau;Maschinen- und Getriebebau;ja;1;Gewerbeschulstr. 92-94;Barmen;Heckinghausen;;7.2075085;51.2691521;hausgenau;;541;31.12.1944;1944-12-31;1945-05-08;Ostarbeiter;12;9;3
314;W. & M. Ostermann;Maschinenbau;Maschinen- und Getriebebau;ja;2;Germanenstr. 4;Barmen;Oberbarmen;;7.2070251;51.2762044;hausgenau;;541;;;;;;;
315;Walter Osthoff;Maschinenbau;Maschinenfabrik;nein;1;Kiesbergstr. 25;Elberfeld;Elberfeld;;;;ohne;;541;13.8.1942;1942-08-13;1942-10-28;Ostarbeiter;46;;46
315;Walter Osthoff;Maschinenbau;Maschinenfabrik;nein;1;Kiesbergstr. 25;Elberfeld;Elberfeld;;;;ohne;;541;28.10.1942;1942-10-28;1943-04-27;Ostarbeiter;44;;44
315;Walter Osthoff;Maschinenbau;Maschinenfabrik;nein;1;Kiesbergstr. 25;Elberfeld;Elberfeld;;;;ohne;;541;27.4.1943;1943-04-27;1944-03-11;Ostarbeiter;62;;62
315;Walter Osthoff;Maschinenbau;Maschinenfabrik;nein;1;Kiesbergstr. 25;Elberfeld;Elberfeld;;;;ohne;;541;11.3.1944;1944-03-11;1945-05-08;Ostarbeiter;27;;27
315;Walter Osthoff;Maschinenbau;Maschinenfabrik;nein;1;Kiesbergstr. 25;Elberfeld;Elberfeld;;;;ohne;;541;;;1945-05-08;Westarbeiter;;;
316;Wilhelm Paashaus „Mechanische Weberei Barmen“;Textilindustrie;Textilien;nein;1;Schützenstr. 25;Barmen;Barmen;;7.1875574;51.2793123;strassengenau;;541;27.4.1943;1943-04-27;1945-05-08;Niederländer;;;
317;Gebr. Pandel;Metallindustrie;Werkzeugfabrik;nein;1;Küllenhahner Str. 33 b;Küllenhahn;Küllenhahn;;7.147702;51.229036;strassengenau;Nur straßengenau — über die Nachbarnummer 33 verortet, „33 b“ ist heute nicht mehr vergeben;541;27.4.1943;1943-04-27;1944-07-05;Ostarbeiter;6;6;0
317;Gebr. Pandel;Metallindustrie;Werkzeugfabrik;nein;1;Küllenhahner Str. 33 b;Küllenhahn;Küllenhahn;;7.147702;51.229036;strassengenau;Nur straßengenau — über die Nachbarnummer 33 verortet, „33 b“ ist heute nicht mehr vergeben;541;5.7.1944;1944-07-05;1945-05-08;Ostarbeiter;;;
317;Gebr. Pandel;Metallindustrie;Werkzeugfabrik;nein;1;Küllenhahner Str. 33 b;Küllenhahn;Küllenhahn;;7.147702;51.229036;strassengenau;Nur straßengenau — über die Nachbarnummer 33 verortet, „33 b“ ist heute nicht mehr vergeben;541;;;1945-05-08;Ukrainer;;;
318;Abraham & Alex Pandel;Metallindustrie;Werkzeugfabrik;nein;1;Küllenhahner Str. 42;Küllenhahn;Küllenhahn;;7.1467616;51.229407;strassengenau;;541;27.4.1943;1943-04-27;1944-07-05;Ostarbeiter;1;1;0
318;Abraham & Alex Pandel;Metallindustrie;Werkzeugfabrik;nein;1;Küllenhahner Str. 42;Küllenhahn;Küllenhahn;;7.1467616;51.229407;strassengenau;;541;5.7.1944;1944-07-05;1945-05-08;Ostarbeiter;;;
319;Wilhelm Pandel Werkzeugfabrik;Metallindustrie;Werkzeugfabrik;;1;Nöllenhammerstraße 31;Cronenberg;Cronenberg;;7.1363285;51.2260092;strassengenau;;541;27.4.1943;1943-04-27;1944-07-05;Ostarbeiter;3;3;0
319;Wilhelm Pandel Werkzeugfabrik;Metallindustrie;Werkzeugfabrik;;1;Nöllenhammerstraße 31;Cronenberg;Cronenberg;;7.1363285;51.2260092;strassengenau;;541;5.7.1944;1944-07-05;1945-05-08;Ostarbeiter;;;
319;Wilhelm Pandel Werkzeugfabrik;Metallindustrie;Werkzeugfabrik;;1;Nöllenhammerstraße 31;Cronenberg;Cronenberg;;7.1363285;51.2260092;strassengenau;;541;;;1945-05-08;Ukrainer;4;;
319;Wilhelm Pandel Werkzeugfabrik;Metallindustrie;Werkzeugfabrik;;1;Nöllenhammerstraße 31;Cronenberg;Cronenberg;;7.1363285;51.2260092;strassengenau;;541;;;1945-05-08;Polen;3;;
320;Friedrich Pass;xxx;Holzwarenfabrik;nein;1;Küllenhahner Str. 48;Küllenhahn;Küllenhahn;;7.1467616;51.229407;strassengenau;;541;28.2.1943;1943-02-28;1945-05-08;Deutsche;14;11;3
320;Friedrich Pass;xxx;Holzwarenfabrik;nein;1;Küllenhahner Str. 48;Küllenhahn;Küllenhahn;;7.1467616;51.229407;strassengenau;;541;28.2.1943;1943-02-28;1945-05-08;Westarbeiter;1;;
321;Wilhelm Pass;Metallindustrie;Werkzeugfabrik;nein;1;Küllenhahner Str. 52;Küllenhahn;Küllenhahn;;7.1467616;51.229407;strassengenau;;541;27.4.1943;1943-04-27;1944-07-05;Ostarbeiter;3;3;0
321;Wilhelm Pass;Metallindustrie;Werkzeugfabrik;nein;1;Küllenhahner Str. 52;Küllenhahn;Küllenhahn;;7.1467616;51.229407;strassengenau;;541;5.7.1944;1944-07-05;1945-05-08;Ostarbeiter;;;
321;Wilhelm Pass;Metallindustrie;Werkzeugfabrik;nein;1;Küllenhahner Str. 52;Küllenhahn;Küllenhahn;;7.1467616;51.229407;strassengenau;;541;;;1945-05-08;Ukrainer;2;;
321;Wilhelm Pass;Metallindustrie;Werkzeugfabrik;nein;1;Küllenhahner Str. 52;Küllenhahn;Küllenhahn;;7.1467616;51.229407;strassengenau;;541;;;1945-05-08;Russen;2;;
322;Paulmann & Kellermann;Papierindustrie;Briefumschlagfabrik;nein;1;Klophausstraße 25;Elberfeld;Barmen;;7.1623488;51.2541396;hausgenau;;542;31.12.1942;1942-12-31;1945-05-08;Deutsche;52;24;28
322;Paulmann & Kellermann;Papierindustrie;Briefumschlagfabrik;nein;1;Klophausstraße 25;Elberfeld;Barmen;;7.1623488;51.2541396;hausgenau;;542;31.12.1942;1942-12-31;1945-05-08;Westarbeiter;1;1;
323;Paul Petzel (ehem. August Petzel);Gärtnerei;Gärtnerei;nein;1;Olgastr. 8;Barmen;Oberbarmen;;7.2261662;51.2762465;hausgenau;;542;;;1945-05-08;Westarbeiter;3;;3
324;Pfenning-Schumacher-Werke;Textilindustrie;Knopffabrik;nein;1;Alarichstr. 18;Barmen;Barmen;;7.2000744;51.2785358;hausgenau;;542;;;1945-05-08;Ostarbeiter;5;;5
325;Otto Pferdehirt;Genussmittelindustrie;Tabakfabrik und -handlung;nein;1;Leonhardstr. 28;Barmen;Barmen;;7.206343;51.2817373;hausgenau;;542;;;;;;;
326;Joh. Hermann Picard;Metallindustrie;Werkzeugfabrik;ja;1;Rottsiepen 15;Cronenberg;Cronenberg;;7.1334479;51.1929077;hausgenau;;542;13.8.1942;1942-08-13;1942-10-28;Ostarbeiter;10;10;0
326;Joh. Hermann Picard;Metallindustrie;Werkzeugfabrik;ja;1;Rottsiepen 15;Cronenberg;Cronenberg;;7.1334479;51.1929077;hausgenau;;542;28.10.1942;1942-10-28;1943-04-27;Ostarbeiter;10;10;0
326;Joh. Hermann Picard;Metallindustrie;Werkzeugfabrik;ja;1;Rottsiepen 15;Cronenberg;Cronenberg;;7.1334479;51.1929077;hausgenau;;542;27.4.1943;1943-04-27;1944-03-11;Ostarbeiter;15;15;0
326;Joh. Hermann Picard;Metallindustrie;Werkzeugfabrik;ja;1;Rottsiepen 15;Cronenberg;Cronenberg;;7.1334479;51.1929077;hausgenau;;542;27.4.1943;1943-04-27;1945-05-08;Franzosen;;;
326;Joh. Hermann Picard;Metallindustrie;Werkzeugfabrik;ja;1;Rottsiepen 15;Cronenberg;Cronenberg;;7.1334479;51.1929077;hausgenau;;542;11.3.1944;1944-03-11;1945-05-08;Ostarbeiter;15;15;0
326;Joh. Hermann Picard;Metallindustrie;Werkzeugfabrik;ja;1;Rottsiepen 15;Cronenberg;Cronenberg;;7.1334479;51.1929077;hausgenau;;542;;;1945-05-08;Ukrainer;;;
326;Joh. Hermann Picard;Metallindustrie;Werkzeugfabrik;ja;1;Rottsiepen 15;Cronenberg;Cronenberg;;7.1334479;51.1929077;hausgenau;;542;;;1945-05-08;Russen;;;
327;Albert Pickshaus;Handel / Dienstleistungen;Möbelhandlung;unbekannt;1;Kaiserstr. 8;Vohwinkel;Vohwinkel;;7.0706758;51.2311713;hausgenau;;542;5.7.1944;1944-07-05;1945-05-08;Ostarbeiter;;;
328;Rudolf Piel & Söhne;Bauunternehmen;Bauunternehmung;nein;1;Klotzbahn 30;Elberfeld;Elberfeld;;7.1448384;51.2597585;strassengenau;;542;27.4.1943;1943-04-27;1945-05-08;Niederländer;;;
329;Walter Pieper;Handel / Dienstleistungen;Kohlenhandlung;nein;1;Windstr. 7-11;Elberfeld;Elberfeld;;7.1514694;51.2637284;hausgenau;;542;8.1943;1943-08-01;1945-05-08;Ukrainer;1;1;
329;Walter Pieper;Handel / Dienstleistungen;Kohlenhandlung;nein;1;Windstr. 7-11;Elberfeld;Elberfeld;;7.1514694;51.2637284;hausgenau;;542;8.1943;1943-08-01;1945-05-08;Polen;1;1;
330;August Pistor;Textilindustrie;Ledertreibriemenfabrik;nein;1;Hahnerberger Str. 229;Hahnerberg;Hahnerberg;;7.151257;51.2182768;hausgenau;;542;31.1.1943;1943-01-31;1943-04-30;Deutsche;8;5;3
330;August Pistor;Textilindustrie;Ledertreibriemenfabrik;nein;1;Hahnerberger Str. 229;Hahnerberg;Hahnerberg;;7.151257;51.2182768;hausgenau;;542;31.1.1943;1943-01-31;1943-04-30;Westarbeiter;2;;
330;August Pistor;Textilindustrie;Ledertreibriemenfabrik;nein;1;Hahnerberger Str. 229;Hahnerberg;Hahnerberg;;7.151257;51.2182768;hausgenau;;542;30.4.1943;1943-04-30;1943-05-31;Deutsche;8;5;3
330;August Pistor;Textilindustrie;Ledertreibriemenfabrik;nein;1;Hahnerberger Str. 229;Hahnerberg;Hahnerberg;;7.151257;51.2182768;hausgenau;;542;30.4.1943;1943-04-30;1943-05-31;Westarbeiter;2;;
330;August Pistor;Textilindustrie;Ledertreibriemenfabrik;nein;1;Hahnerberger Str. 229;Hahnerberg;Hahnerberg;;7.151257;51.2182768;hausgenau;;542;31.5.1943;1943-05-31;1945-05-08;Deutsche;8;5;3
330;August Pistor;Textilindustrie;Ledertreibriemenfabrik;nein;1;Hahnerberger Str. 229;Hahnerberg;Hahnerberg;;7.151257;51.2182768;hausgenau;;542;31.5.1943;1943-05-31;1945-05-08;Westarbeiter;2;;
331;Friedrich Pötz;xxx;Stielfabrik;nein;1;Küllenhahnerstraße 25;Küllenhahn;Küllenhahn;;7.1483307;51.2289047;hausgenau;;542;31.12.1942;1942-12-31;1945-05-08;Deutsche;30;23;7
331;Friedrich Pötz;xxx;Stielfabrik;nein;1;Küllenhahnerstraße 25;Küllenhahn;Küllenhahn;;7.1483307;51.2289047;hausgenau;;542;31.12.1942;1942-12-31;1943-04-27;Ostarbeiter;5;5;
331;Friedrich Pötz;xxx;Stielfabrik;nein;1;Küllenhahnerstraße 25;Küllenhahn;Küllenhahn;;7.1483307;51.2289047;hausgenau;;542;27.4.1943;1943-04-27;1944-07-05;Ostarbeiter;7;7;0
331;Friedrich Pötz;xxx;Stielfabrik;nein;1;Küllenhahnerstraße 25;Küllenhahn;Küllenhahn;;7.1483307;51.2289047;hausgenau;;542;5.7.1944;1944-07-05;1945-05-08;Ostarbeiter;;;
331;Friedrich Pötz;xxx;Stielfabrik;nein;1;Küllenhahnerstraße 25;Küllenhahn;Küllenhahn;;7.1483307;51.2289047;hausgenau;;542;;;1945-05-08;Ukrainer;7;;
331;Friedrich Pötz;xxx;Stielfabrik;nein;1;Küllenhahnerstraße 25;Küllenhahn;Küllenhahn;;7.1483307;51.2289047;hausgenau;;542;;;1945-05-08;Russen;1;;
332;Ernst Pott GmbH;Maschinenbau;Maschinenfabrik;nein;1;Schönebecker Str. 27a;Barmen;Barmen;;7.178167;51.2712423;hausgenau;;542;13.8.1942;1942-08-13;1942-10-28;Ostarbeiter;19;19;0
332;Ernst Pott GmbH;Maschinenbau;Maschinenfabrik;nein;1;Schönebecker Str. 27a;Barmen;Barmen;;7.178167;51.2712423;hausgenau;;542;28.10.1942;1942-10-28;1943-04-27;Ostarbeiter;19;19;0
332;Ernst Pott GmbH;Maschinenbau;Maschinenfabrik;nein;1;Schönebecker Str. 27a;Barmen;Barmen;;7.178167;51.2712423;hausgenau;;542;27.4.1943;1943-04-27;1944-01-31;Ostarbeiter;18;18;0
332;Ernst Pott GmbH;Maschinenbau;Maschinenfabrik;nein;1;Schönebecker Str. 27a;Barmen;Barmen;;7.178167;51.2712423;hausgenau;;542;27.4.1943;1943-04-27;1945-05-08;Franzosen;;;
332;Ernst Pott GmbH;Maschinenbau;Maschinenfabrik;nein;1;Schönebecker Str. 27a;Barmen;Barmen;;7.178167;51.2712423;hausgenau;;542;31.1.1944;1944-01-31;1944-06-30;Deutsche;53;50;3
332;Ernst Pott GmbH;Maschinenbau;Maschinenfabrik;nein;1;Schönebecker Str. 27a;Barmen;Barmen;;7.178167;51.2712423;hausgenau;;542;31.1.1944;1944-01-31;1944-03-11;Ostarbeiter;18;18;0
332;Ernst Pott GmbH;Maschinenbau;Maschinenfabrik;nein;1;Schönebecker Str. 27a;Barmen;Barmen;;7.178167;51.2712423;hausgenau;;542;11.3.1944;1944-03-11;1944-06-30;Ostarbeiter;18;18;0
332;Ernst Pott GmbH;Maschinenbau;Maschinenfabrik;nein;1;Schönebecker Str. 27a;Barmen;Barmen;;7.178167;51.2712423;hausgenau;;542;30.6.1944;1944-06-30;1944-12-31;Deutsche;53;49;4
332;Ernst Pott GmbH;Maschinenbau;Maschinenfabrik;nein;1;Schönebecker Str. 27a;Barmen;Barmen;;7.178167;51.2712423;hausgenau;;542;30.6.1944;1944-06-30;1944-12-31;Ostarbeiter;17;17;0
332;Ernst Pott GmbH;Maschinenbau;Maschinenfabrik;nein;1;Schönebecker Str. 27a;Barmen;Barmen;;7.178167;51.2712423;hausgenau;;542;31.12.1944;1944-12-31;1945-05-08;Deutsche;55;47;8
332;Ernst Pott GmbH;Maschinenbau;Maschinenfabrik;nein;1;Schönebecker Str. 27a;Barmen;Barmen;;7.178167;51.2712423;hausgenau;;542;31.12.1944;1944-12-31;1945-05-08;Ostarbeiter;14;14;0
333;Paul Prause;Maschinenbau;Maschinenfabrik;nein;1;Norrenberg Str. 28;Barmen;Heckinghausen;;7.2311494;51.2667648;strassengenau;;542;31.1.1944;1944-01-31;1944-06-30;Deutsche;51;48;3
333;Paul Prause;Maschinenbau;Maschinenfabrik;nein;1;Norrenberg Str. 28;Barmen;Heckinghausen;;7.2311494;51.2667648;strassengenau;;542;30.6.1944;1944-06-30;1944-12-31;Deutsche;49;49;4
333;Paul Prause;Maschinenbau;Maschinenfabrik;nein;1;Norrenberg Str. 28;Barmen;Heckinghausen;;7.2311494;51.2667648;strassengenau;;542;30.6.1944;1944-06-30;1944-07-05;Ostarbeiter;4;1;3
333;Paul Prause;Maschinenbau;Maschinenfabrik;nein;1;Norrenberg Str. 28;Barmen;Heckinghausen;;7.2311494;51.2667648;strassengenau;;542;5.7.1944;1944-07-05;1944-12-31;Ostarbeiter;;;
333;Paul Prause;Maschinenbau;Maschinenfabrik;nein;1;Norrenberg Str. 28;Barmen;Heckinghausen;;7.2311494;51.2667648;strassengenau;;542;31.12.1944;1944-12-31;1945-05-08;Deutsche;63;49;14
333;Paul Prause;Maschinenbau;Maschinenfabrik;nein;1;Norrenberg Str. 28;Barmen;Heckinghausen;;7.2311494;51.2667648;strassengenau;;542;31.12.1944;1944-12-31;1945-05-08;Ostarbeiter;3;;3
334;Presta-Metallwerk GmbH;Metallindustrie;;nein;1;Lantert 5;Elberfeld;Elberfeld;;7.1577055;51.2674029;hausgenau;;543;13.8.1942;1942-08-13;1942-10-28;Ostarbeiter;20;0;20
334;Presta-Metallwerk GmbH;Metallindustrie;;nein;1;Lantert 5;Elberfeld;Elberfeld;;7.1577055;51.2674029;hausgenau;;543;28.10.1942;1942-10-28;1943-04-27;Ostarbeiter;28;0;28
334;Presta-Metallwerk GmbH;Metallindustrie;;nein;1;Lantert 5;Elberfeld;Elberfeld;;7.1577055;51.2674029;hausgenau;;543;27.4.1943;1943-04-27;1944-01-31;Ostarbeiter;20;0;20
334;Presta-Metallwerk GmbH;Metallindustrie;;nein;1;Lantert 5;Elberfeld;Elberfeld;;7.1577055;51.2674029;hausgenau;;543;31.1.1944;1944-01-31;1944-06-30;Deutsche;81;52;29
334;Presta-Metallwerk GmbH;Metallindustrie;;nein;1;Lantert 5;Elberfeld;Elberfeld;;7.1577055;51.2674029;hausgenau;;543;31.1.1944;1944-01-31;1944-03-11;Ostarbeiter;16;;16
334;Presta-Metallwerk GmbH;Metallindustrie;;nein;1;Lantert 5;Elberfeld;Elberfeld;;7.1577055;51.2674029;hausgenau;;543;11.3.1944;1944-03-11;1944-06-30;Ostarbeiter;16;0;16
334;Presta-Metallwerk GmbH;Metallindustrie;;nein;1;Lantert 5;Elberfeld;Elberfeld;;7.1577055;51.2674029;hausgenau;;543;30.6.1944;1944-06-30;1944-12-31;Deutsche;83;54;29
334;Presta-Metallwerk GmbH;Metallindustrie;;nein;1;Lantert 5;Elberfeld;Elberfeld;;7.1577055;51.2674029;hausgenau;;543;30.6.1944;1944-06-30;1944-12-31;Ostarbeiter;16;;16
334;Presta-Metallwerk GmbH;Metallindustrie;;nein;1;Lantert 5;Elberfeld;Elberfeld;;7.1577055;51.2674029;hausgenau;;543;31.12.1944;1944-12-31;1945-05-08;Deutsche;73;48;25
334;Presta-Metallwerk GmbH;Metallindustrie;;nein;1;Lantert 5;Elberfeld;Elberfeld;;7.1577055;51.2674029;hausgenau;;543;31.12.1944;1944-12-31;1945-05-08;Ostarbeiter;11;;11
335;Prinz & Kremer;Metallindustrie;Maschinenmesser- und Werkzeugfabrik;nein;1;Borner Str. 30;Cronenberg;Cronenberg;;7.1281674;51.2071057;strassengenau;;543;1943;1943-01-01;1945-05-08;Franzosen;;;
336;Protex-Gesellschaft — Berger & Wever;Kunststoffindustrie;Gummiwaren;nein;1;Hauptstraße 88;Cronenberg;Cronenberg;;7.1384379;51.2096654;hausgenau;;543;27.4.1943;1943-04-27;1945-05-08;Niederländer;;;
337;Knipex - C. Gustav Putsch;Metallindustrie;Zangenfabrik;ja;1;Oberkamper Str. 13;Cronenberg;Cronenberg;;7.1456787;51.2111709;hausgenau;;543;13.8.1942;1942-08-13;1942-10-28;Ostarbeiter;28;28;0
337;Knipex - C. Gustav Putsch;Metallindustrie;Zangenfabrik;ja;1;Oberkamper Str. 13;Cronenberg;Cronenberg;;7.1456787;51.2111709;hausgenau;;543;28.10.1942;1942-10-28;1943-04-27;Ostarbeiter;28;28;0
337;Knipex - C. Gustav Putsch;Metallindustrie;Zangenfabrik;ja;1;Oberkamper Str. 13;Cronenberg;Cronenberg;;7.1456787;51.2111709;hausgenau;;543;27.4.1943;1943-04-27;1944-03-11;Ostarbeiter;31;31;0
337;Knipex - C. Gustav Putsch;Metallindustrie;Zangenfabrik;ja;1;Oberkamper Str. 13;Cronenberg;Cronenberg;;7.1456787;51.2111709;hausgenau;;543;27.4.1943;1943-04-27;1945-05-08;Franzosen;;;
337;Knipex - C. Gustav Putsch;Metallindustrie;Zangenfabrik;ja;1;Oberkamper Str. 13;Cronenberg;Cronenberg;;7.1456787;51.2111709;hausgenau;;543;27.4.1943;1943-04-27;1945-05-08;Niederländer;;;
337;Knipex - C. Gustav Putsch;Metallindustrie;Zangenfabrik;ja;1;Oberkamper Str. 13;Cronenberg;Cronenberg;;7.1456787;51.2111709;hausgenau;;543;11.3.1944;1944-03-11;1945-05-08;Ostarbeiter;82;80;2
338;Emil Putsch & Co. KG;Bauunternehmen;Bauunternehmung;nein;1;Arrenberger Str. 35-37;Elberfeld;Elberfeld-West;;7.1341912;51.2500917;hausgenau;;543;30.11.1942;1942-11-30;1945-05-08;Deutsche;83;75;8
338;Emil Putsch & Co. KG;Bauunternehmen;Bauunternehmung;nein;1;Arrenberger Str. 35-37;Elberfeld;Elberfeld-West;;7.1341912;51.2500917;hausgenau;;543;30.11.1942;1942-11-30;1945-05-08;Westarbeiter;114;114;0
339;Ernst Quambusch;Lebensmittelindustrie;Senf- und Essigfabrik;nein;1;Friedrich-Engels-Allee 87;Barmen;Barmen;;7.1888658;51.2665649;strassengenau;;543;;;1945-05-08;Ostarbeiter;4;3;1
340;Wilhelmswerk, Inh. Wilhelm Quante;Elektrotechnik;Apparate der Fernmeldetechnik;nein;1;Vohwinkeler Str. 154;Vohwinkel;Vohwinkel;;7.0577906;51.2257918;hausgenau;;543;27.4.1943;1943-04-27;1945-05-08;Belgier;;;
340;Wilhelmswerk, Inh. Wilhelm Quante;Elektrotechnik;Apparate der Fernmeldetechnik;nein;1;Vohwinkeler Str. 154;Vohwinkel;Vohwinkel;;7.0577906;51.2257918;hausgenau;;543;31.1.1944;1944-01-31;1944-03-31;Deutsche;131;82;49
340;Wilhelmswerk, Inh. Wilhelm Quante;Elektrotechnik;Apparate der Fernmeldetechnik;nein;1;Vohwinkeler Str. 154;Vohwinkel;Vohwinkel;;7.0577906;51.2257918;hausgenau;;543;31.1.1944;1944-01-31;1944-03-31;Westarbeiter;2;;
340;Wilhelmswerk, Inh. Wilhelm Quante;Elektrotechnik;Apparate der Fernmeldetechnik;nein;1;Vohwinkeler Str. 154;Vohwinkel;Vohwinkel;;7.0577906;51.2257918;hausgenau;;543;31.1.1944;1944-01-31;1944-03-11;Ostarbeiter;28;;
340;Wilhelmswerk, Inh. Wilhelm Quante;Elektrotechnik;Apparate der Fernmeldetechnik;nein;1;Vohwinkeler Str. 154;Vohwinkel;Vohwinkel;;7.0577906;51.2257918;hausgenau;;543;31.1.1944;1944-01-31;1944-03-31;Kriegsgefangene;5;;
340;Wilhelmswerk, Inh. Wilhelm Quante;Elektrotechnik;Apparate der Fernmeldetechnik;nein;1;Vohwinkeler Str. 154;Vohwinkel;Vohwinkel;;7.0577906;51.2257918;hausgenau;;543;11.3.1944;1944-03-11;1944-03-31;Ostarbeiter;35;1;34
340;Wilhelmswerk, Inh. Wilhelm Quante;Elektrotechnik;Apparate der Fernmeldetechnik;nein;1;Vohwinkeler Str. 154;Vohwinkel;Vohwinkel;;7.0577906;51.2257918;hausgenau;;543;31.3.1944;1944-03-31;1944-04-30;Deutsche;127;81;46
340;Wilhelmswerk, Inh. Wilhelm Quante;Elektrotechnik;Apparate der Fernmeldetechnik;nein;1;Vohwinkeler Str. 154;Vohwinkel;Vohwinkel;;7.0577906;51.2257918;hausgenau;;543;31.3.1944;1944-03-31;1944-04-30;Westarbeiter;3;;
340;Wilhelmswerk, Inh. Wilhelm Quante;Elektrotechnik;Apparate der Fernmeldetechnik;nein;1;Vohwinkeler Str. 154;Vohwinkel;Vohwinkel;;7.0577906;51.2257918;hausgenau;;543;31.3.1944;1944-03-31;1944-04-30;Ostarbeiter;31;;
340;Wilhelmswerk, Inh. Wilhelm Quante;Elektrotechnik;Apparate der Fernmeldetechnik;nein;1;Vohwinkeler Str. 154;Vohwinkel;Vohwinkel;;7.0577906;51.2257918;hausgenau;;543;31.3.1944;1944-03-31;1944-04-30;Kriegsgefangene;5;;
340;Wilhelmswerk, Inh. Wilhelm Quante;Elektrotechnik;Apparate der Fernmeldetechnik;nein;1;Vohwinkeler Str. 154;Vohwinkel;Vohwinkel;;7.0577906;51.2257918;hausgenau;;543;30.4.1944;1944-04-30;1944-06-30;Deutsche;126;81;45
340;Wilhelmswerk, Inh. Wilhelm Quante;Elektrotechnik;Apparate der Fernmeldetechnik;nein;1;Vohwinkeler Str. 154;Vohwinkel;Vohwinkel;;7.0577906;51.2257918;hausgenau;;543;30.4.1944;1944-04-30;1944-06-30;Westarbeiter;3;;
340;Wilhelmswerk, Inh. Wilhelm Quante;Elektrotechnik;Apparate der Fernmeldetechnik;nein;1;Vohwinkeler Str. 154;Vohwinkel;Vohwinkel;;7.0577906;51.2257918;hausgenau;;543;30.4.1944;1944-04-30;1944-06-30;Ostarbeiter;29;;
340;Wilhelmswerk, Inh. Wilhelm Quante;Elektrotechnik;Apparate der Fernmeldetechnik;nein;1;Vohwinkeler Str. 154;Vohwinkel;Vohwinkel;;7.0577906;51.2257918;hausgenau;;543;30.4.1944;1944-04-30;1944-06-30;Kriegsgefangene;5;;
340;Wilhelmswerk, Inh. Wilhelm Quante;Elektrotechnik;Apparate der Fernmeldetechnik;nein;1;Vohwinkeler Str. 154;Vohwinkel;Vohwinkel;;7.0577906;51.2257918;hausgenau;;543;30.6.1944;1944-06-30;1944-07-31;Deutsche;122;77;45
340;Wilhelmswerk, Inh. Wilhelm Quante;Elektrotechnik;Apparate der Fernmeldetechnik;nein;1;Vohwinkeler Str. 154;Vohwinkel;Vohwinkel;;7.0577906;51.2257918;hausgenau;;543;30.6.1944;1944-06-30;1944-07-31;Westarbeiter;3;;
340;Wilhelmswerk, Inh. Wilhelm Quante;Elektrotechnik;Apparate der Fernmeldetechnik;nein;1;Vohwinkeler Str. 154;Vohwinkel;Vohwinkel;;7.0577906;51.2257918;hausgenau;;543;30.6.1944;1944-06-30;1944-07-31;Ostarbeiter;25;;
340;Wilhelmswerk, Inh. Wilhelm Quante;Elektrotechnik;Apparate der Fernmeldetechnik;nein;1;Vohwinkeler Str. 154;Vohwinkel;Vohwinkel;;7.0577906;51.2257918;hausgenau;;543;30.6.1944;1944-06-30;1944-07-31;Kriegsgefangene;5;;
340;Wilhelmswerk, Inh. Wilhelm Quante;Elektrotechnik;Apparate der Fernmeldetechnik;nein;1;Vohwinkeler Str. 154;Vohwinkel;Vohwinkel;;7.0577906;51.2257918;hausgenau;;543;31.7.1944;1944-07-31;1944-12-31;Deutsche;117;74;43
340;Wilhelmswerk, Inh. Wilhelm Quante;Elektrotechnik;Apparate der Fernmeldetechnik;nein;1;Vohwinkeler Str. 154;Vohwinkel;Vohwinkel;;7.0577906;51.2257918;hausgenau;;543;31.7.1944;1944-07-31;1944-12-31;Westarbeiter;2;;
340;Wilhelmswerk, Inh. Wilhelm Quante;Elektrotechnik;Apparate der Fernmeldetechnik;nein;1;Vohwinkeler Str. 154;Vohwinkel;Vohwinkel;;7.0577906;51.2257918;hausgenau;;543;31.7.1944;1944-07-31;1944-12-31;Ostarbeiter;20;;
340;Wilhelmswerk, Inh. Wilhelm Quante;Elektrotechnik;Apparate der Fernmeldetechnik;nein;1;Vohwinkeler Str. 154;Vohwinkel;Vohwinkel;;7.0577906;51.2257918;hausgenau;;543;31.7.1944;1944-07-31;1944-12-31;Kriegsgefangene;4;;
340;Wilhelmswerk, Inh. Wilhelm Quante;Elektrotechnik;Apparate der Fernmeldetechnik;nein;1;Vohwinkeler Str. 154;Vohwinkel;Vohwinkel;;7.0577906;51.2257918;hausgenau;;543;31.12.1944;1944-12-31;1945-05-08;Deutsche;115;62;53
340;Wilhelmswerk, Inh. Wilhelm Quante;Elektrotechnik;Apparate der Fernmeldetechnik;nein;1;Vohwinkeler Str. 154;Vohwinkel;Vohwinkel;;7.0577906;51.2257918;hausgenau;;543;31.12.1944;1944-12-31;1945-05-08;Westarbeiter;18;;
340;Wilhelmswerk, Inh. Wilhelm Quante;Elektrotechnik;Apparate der Fernmeldetechnik;nein;1;Vohwinkeler Str. 154;Vohwinkel;Vohwinkel;;7.0577906;51.2257918;hausgenau;;543;31.12.1944;1944-12-31;1945-05-08;Ostarbeiter;18;;
340;Wilhelmswerk, Inh. Wilhelm Quante;Elektrotechnik;Apparate der Fernmeldetechnik;nein;1;Vohwinkeler Str. 154;Vohwinkel;Vohwinkel;;7.0577906;51.2257918;hausgenau;;543;31.12.1944;1944-12-31;1945-05-08;Kriegsgefangene;4;;
341;Wilhelm Quante;Elektrotechnik;Apparate der Fernmeldetechnik;nein;1;Uellendahler Str. 353;Elberfeld;Uellendahl-Katernberg;;7.1598599;51.2788329;hausgenau;;543;13.8.1942;1942-08-13;1942-10-28;Ostarbeiter;160;0;160
341;Wilhelm Quante;Elektrotechnik;Apparate der Fernmeldetechnik;nein;1;Uellendahler Str. 353;Elberfeld;Uellendahl-Katernberg;;7.1598599;51.2788329;hausgenau;;543;28.10.1942;1942-10-28;1943-04-27;Ostarbeiter;156;0;156
341;Wilhelm Quante;Elektrotechnik;Apparate der Fernmeldetechnik;nein;1;Uellendahler Str. 353;Elberfeld;Uellendahl-Katernberg;;7.1598599;51.2788329;hausgenau;;543;27.4.1943;1943-04-27;1944-01-31;Ostarbeiter;136;0;136
341;Wilhelm Quante;Elektrotechnik;Apparate der Fernmeldetechnik;nein;1;Uellendahler Str. 353;Elberfeld;Uellendahl-Katernberg;;7.1598599;51.2788329;hausgenau;;543;27.4.1943;1943-04-27;1945-05-08;Franzosen;;;
341;Wilhelm Quante;Elektrotechnik;Apparate der Fernmeldetechnik;nein;1;Uellendahler Str. 353;Elberfeld;Uellendahl-Katernberg;;7.1598599;51.2788329;hausgenau;;543;31.1.1944;1944-01-31;1944-06-30;Deutsche;413;216;197
341;Wilhelm Quante;Elektrotechnik;Apparate der Fernmeldetechnik;nein;1;Uellendahler Str. 353;Elberfeld;Uellendahl-Katernberg;;7.1598599;51.2788329;hausgenau;;543;31.1.1944;1944-01-31;1944-06-30;Westarbeiter;8;;
341;Wilhelm Quante;Elektrotechnik;Apparate der Fernmeldetechnik;nein;1;Uellendahler Str. 353;Elberfeld;Uellendahl-Katernberg;;7.1598599;51.2788329;hausgenau;;543;31.1.1944;1944-01-31;1944-03-11;Ostarbeiter;90;1;89
341;Wilhelm Quante;Elektrotechnik;Apparate der Fernmeldetechnik;nein;1;Uellendahler Str. 353;Elberfeld;Uellendahl-Katernberg;;7.1598599;51.2788329;hausgenau;;543;11.3.1944;1944-03-11;1944-06-30;Ostarbeiter;90;1;89
341;Wilhelm Quante;Elektrotechnik;Apparate der Fernmeldetechnik;nein;1;Uellendahler Str. 353;Elberfeld;Uellendahl-Katernberg;;7.1598599;51.2788329;hausgenau;;543;30.6.1944;1944-06-30;1944-12-31;Deutsche;366;211;155
341;Wilhelm Quante;Elektrotechnik;Apparate der Fernmeldetechnik;nein;1;Uellendahler Str. 353;Elberfeld;Uellendahl-Katernberg;;7.1598599;51.2788329;hausgenau;;543;30.6.1944;1944-06-30;1944-12-31;Westarbeiter;8;;
341;Wilhelm Quante;Elektrotechnik;Apparate der Fernmeldetechnik;nein;1;Uellendahler Str. 353;Elberfeld;Uellendahl-Katernberg;;7.1598599;51.2788329;hausgenau;;543;30.6.1944;1944-06-30;1944-12-31;Ostarbeiter;90;2;88
341;Wilhelm Quante;Elektrotechnik;Apparate der Fernmeldetechnik;nein;1;Uellendahler Str. 353;Elberfeld;Uellendahl-Katernberg;;7.1598599;51.2788329;hausgenau;;543;31.12.1944;1944-12-31;1945-05-08;Deutsche;412;199;213
341;Wilhelm Quante;Elektrotechnik;Apparate der Fernmeldetechnik;nein;1;Uellendahler Str. 353;Elberfeld;Uellendahl-Katernberg;;7.1598599;51.2788329;hausgenau;;543;31.12.1944;1944-12-31;1945-05-08;Westarbeiter;8;;
341;Wilhelm Quante;Elektrotechnik;Apparate der Fernmeldetechnik;nein;1;Uellendahler Str. 353;Elberfeld;Uellendahl-Katernberg;;7.1598599;51.2788329;hausgenau;;543;31.12.1944;1944-12-31;1945-05-08;Ostarbeiter;87;1;86
342;Gustav Rafflenbeul, Schwelm [=Hansa-Werk und Raffawerk Gustav Rafflenbeul];Metallindustrie;"Filmspulen; Kleinmetallwaren";nein;1;Oststraße 32;Wichlinghausen;Oberbarmen;;7.2191631;51.2839477;hausgenau;;543;31.3.1944;1944-03-31;1944-06-30;Deutsche;158;103;55
342;Gustav Rafflenbeul, Schwelm [=Hansa-Werk und Raffawerk Gustav Rafflenbeul];Metallindustrie;"Filmspulen; Kleinmetallwaren";nein;1;Oststraße 32;Wichlinghausen;Oberbarmen;;7.2191631;51.2839477;hausgenau;;543;31.3.1944;1944-03-31;1944-06-30;Westarbeiter;11;10;1
342;Gustav Rafflenbeul, Schwelm [=Hansa-Werk und Raffawerk Gustav Rafflenbeul];Metallindustrie;"Filmspulen; Kleinmetallwaren";nein;1;Oststraße 32;Wichlinghausen;Oberbarmen;;7.2191631;51.2839477;hausgenau;;543;31.3.1944;1944-03-31;1944-06-30;Ostarbeiter;25;1;24
342;Gustav Rafflenbeul, Schwelm [=Hansa-Werk und Raffawerk Gustav Rafflenbeul];Metallindustrie;"Filmspulen; Kleinmetallwaren";nein;1;Oststraße 32;Wichlinghausen;Oberbarmen;;7.2191631;51.2839477;hausgenau;;543;30.6.1944;1944-06-30;1944-12-31;Deutsche;164;102;62
342;Gustav Rafflenbeul, Schwelm [=Hansa-Werk und Raffawerk Gustav Rafflenbeul];Metallindustrie;"Filmspulen; Kleinmetallwaren";nein;1;Oststraße 32;Wichlinghausen;Oberbarmen;;7.2191631;51.2839477;hausgenau;;543;30.6.1944;1944-06-30;1944-12-31;Westarbeiter;11;10;1
342;Gustav Rafflenbeul, Schwelm [=Hansa-Werk und Raffawerk Gustav Rafflenbeul];Metallindustrie;"Filmspulen; Kleinmetallwaren";nein;1;Oststraße 32;Wichlinghausen;Oberbarmen;;7.2191631;51.2839477;hausgenau;;543;30.6.1944;1944-06-30;1944-12-31;Ostarbeiter;36;3;33
342;Gustav Rafflenbeul, Schwelm [=Hansa-Werk und Raffawerk Gustav Rafflenbeul];Metallindustrie;"Filmspulen; Kleinmetallwaren";nein;1;Oststraße 32;Wichlinghausen;Oberbarmen;;7.2191631;51.2839477;hausgenau;;543;31.12.1944;1944-12-31;1945-05-08;Deutsche;173;96;77
342;Gustav Rafflenbeul, Schwelm [=Hansa-Werk und Raffawerk Gustav Rafflenbeul];Metallindustrie;"Filmspulen; Kleinmetallwaren";nein;1;Oststraße 32;Wichlinghausen;Oberbarmen;;7.2191631;51.2839477;hausgenau;;543;31.12.1944;1944-12-31;1945-05-08;Westarbeiter;10;9;1
342;Gustav Rafflenbeul, Schwelm [=Hansa-Werk und Raffawerk Gustav Rafflenbeul];Metallindustrie;"Filmspulen; Kleinmetallwaren";nein;1;Oststraße 32;Wichlinghausen;Oberbarmen;;7.2191631;51.2839477;hausgenau;;543;31.12.1944;1944-12-31;1945-05-08;Ostarbeiter;35;4;31
342;Gustav Rafflenbeul, Schwelm [=Hansa-Werk und Raffawerk Gustav Rafflenbeul];Metallindustrie;"Filmspulen; Kleinmetallwaren";nein;2;Oberdörnen 72;Barmen;Barmen;;7.1910381;51.2696423;strassengenau;;543;;;;;;;
343;Rahm & Kampmann;Textilindustrie;Lederwarenfabrik;nein;1;Wolkenburg 16;Elberfeld;Elberfeld;;7.1569399;51.2542526;hausgenau;;544;27.4.1943;1943-04-27;1945-05-08;Niederländer;;;
343;Rahm & Kampmann;Textilindustrie;Lederwarenfabrik;nein;1;Wolkenburg 16;Elberfeld;Elberfeld;;7.1569399;51.2542526;hausgenau;;544;31.1.1944;1944-01-31;1944-06-30;Deutsche;241;71;170
343;Rahm & Kampmann;Textilindustrie;Lederwarenfabrik;nein;1;Wolkenburg 16;Elberfeld;Elberfeld;;7.1569399;51.2542526;hausgenau;;544;31.1.1944;1944-01-31;1944-06-30;Westarbeiter;1;;
343;Rahm & Kampmann;Textilindustrie;Lederwarenfabrik;nein;1;Wolkenburg 16;Elberfeld;Elberfeld;;7.1569399;51.2542526;hausgenau;;544;31.1.1944;1944-01-31;1945-05-08;Häftlinge;337;;
343;Rahm & Kampmann;Textilindustrie;Lederwarenfabrik;nein;1;Wolkenburg 16;Elberfeld;Elberfeld;;7.1569399;51.2542526;hausgenau;;544;30.6.1944;1944-06-30;1944-12-31;Deutsche;505;68;437
343;Rahm & Kampmann;Textilindustrie;Lederwarenfabrik;nein;1;Wolkenburg 16;Elberfeld;Elberfeld;;7.1569399;51.2542526;hausgenau;;544;30.6.1944;1944-06-30;1944-12-31;Westarbeiter;254;;
343;Rahm & Kampmann;Textilindustrie;Lederwarenfabrik;nein;1;Wolkenburg 16;Elberfeld;Elberfeld;;7.1569399;51.2542526;hausgenau;;544;31.12.1944;1944-12-31;1945-05-08;Deutsche;163;69;94
343;Rahm & Kampmann;Textilindustrie;Lederwarenfabrik;nein;1;Wolkenburg 16;Elberfeld;Elberfeld;;7.1569399;51.2542526;hausgenau;;544;31.12.1944;1944-12-31;1945-05-08;Westarbeiter;267;237;30
344;Eugen Rauhaus;Maschinenbau;Meß-Werkzeugfabrik;unbekannt;1;Cronenfelder Str. 25-25a;Cronenberg;Cronenberg;;7.1505427;51.2145759;hausgenau;;544;27.4.1943;1943-04-27;1945-05-08;Niederländer;;;
345;Rudolf Rautenbach GmbH [Zweigwerk Wuppertal-Barmen];NE-Metallindustrie;Leichtmetall-Gießereien;ja;1;Winchenbachstr. 21;Barmen;Barmen;;7.1885788;51.2814095;hausgenau;;544;08.05.1942;1942-05-08;1942-08-13;Ostarbeiter;43;43;0
345;Rudolf Rautenbach GmbH [Zweigwerk Wuppertal-Barmen];NE-Metallindustrie;Leichtmetall-Gießereien;ja;1;Winchenbachstr. 21;Barmen;Barmen;;7.1885788;51.2814095;hausgenau;;544;13.8.1942;1942-08-13;1942-10-28;Ostarbeiter;45;45;0
345;Rudolf Rautenbach GmbH [Zweigwerk Wuppertal-Barmen];NE-Metallindustrie;Leichtmetall-Gießereien;ja;1;Winchenbachstr. 21;Barmen;Barmen;;7.1885788;51.2814095;hausgenau;;544;23.10.1942;1942-10-23;1945-05-08;Ausländer ohne Nationalitätenangabe;50;;
345;Rudolf Rautenbach GmbH [Zweigwerk Wuppertal-Barmen];NE-Metallindustrie;Leichtmetall-Gießereien;ja;1;Winchenbachstr. 21;Barmen;Barmen;;7.1885788;51.2814095;hausgenau;;544;28.10.1942;1942-10-28;1943-04-27;Ostarbeiter;42;42;0
345;Rudolf Rautenbach GmbH [Zweigwerk Wuppertal-Barmen];NE-Metallindustrie;Leichtmetall-Gießereien;ja;1;Winchenbachstr. 21;Barmen;Barmen;;7.1885788;51.2814095;hausgenau;;544;27.4.1943;1943-04-27;1944-03-11;Ostarbeiter;39;39;0
345;Rudolf Rautenbach GmbH [Zweigwerk Wuppertal-Barmen];NE-Metallindustrie;Leichtmetall-Gießereien;ja;1;Winchenbachstr. 21;Barmen;Barmen;;7.1885788;51.2814095;hausgenau;;544;27.4.1943;1943-04-27;1945-05-08;Franzosen;;;
345;Rudolf Rautenbach GmbH [Zweigwerk Wuppertal-Barmen];NE-Metallindustrie;Leichtmetall-Gießereien;ja;1;Winchenbachstr. 21;Barmen;Barmen;;7.1885788;51.2814095;hausgenau;;544;11.3.1944;1944-03-11;1945-05-08;Ostarbeiter;31;31;0
347;Reichmann & Co.;Metallindustrie;Schloß-, Schlüssel- und Metallwarenfabrik;nein;1;Bendahlerstr. 30;Barmen;Barmen;;7.1637877;51.2497706;strassengenau;;544;28.2.1943;1943-02-28;1945-05-08;Deutsche;41;39;2
347;Reichmann & Co.;Metallindustrie;Schloß-, Schlüssel- und Metallwarenfabrik;nein;1;Bendahlerstr. 30;Barmen;Barmen;;7.1637877;51.2497706;strassengenau;;544;28.2.1943;1943-02-28;1945-05-08;Westarbeiter;19;;
347;Reichmann & Co.;Metallindustrie;Schloß-, Schlüssel- und Metallwarenfabrik;nein;2;Hubert-Pfeiffer-Str. 2;Barmen;Heckinghausen;;7.2165483;51.2653253;hausgenau;;544;;;;;;;
348;Kabelwerk Reinshagen;Elektrotechnik;Kabelhersteller;nein;1;Dickestr. 23;Ronsdorf;Ronsdorf;;7.2095743;51.2268292;hausgenau;;544;13.8.1942;1942-08-13;1942-10-28;Ostarbeiter;122;0;122
348;Kabelwerk Reinshagen;Elektrotechnik;Kabelhersteller;nein;1;Dickestr. 23;Ronsdorf;Ronsdorf;;7.2095743;51.2268292;hausgenau;;544;28.10.1942;1942-10-28;1943-04-27;Ostarbeiter;106;0;106
348;Kabelwerk Reinshagen;Elektrotechnik;Kabelhersteller;nein;1;Dickestr. 23;Ronsdorf;Ronsdorf;;7.2095743;51.2268292;hausgenau;;544;27.4.1943;1943-04-27;1944-01-31;Ostarbeiter;106;0;106
348;Kabelwerk Reinshagen;Elektrotechnik;Kabelhersteller;nein;1;Dickestr. 23;Ronsdorf;Ronsdorf;;7.2095743;51.2268292;hausgenau;;544;27.4.1943;1943-04-27;1945-05-08;Polen;;;
348;Kabelwerk Reinshagen;Elektrotechnik;Kabelhersteller;nein;1;Dickestr. 23;Ronsdorf;Ronsdorf;;7.2095743;51.2268292;hausgenau;;544;27.4.1943;1943-04-27;1945-05-08;Franzosen;;;
348;Kabelwerk Reinshagen;Elektrotechnik;Kabelhersteller;nein;1;Dickestr. 23;Ronsdorf;Ronsdorf;;7.2095743;51.2268292;hausgenau;;544;27.4.1943;1943-04-27;1945-05-08;Niederländer;;;
348;Kabelwerk Reinshagen;Elektrotechnik;Kabelhersteller;nein;1;Dickestr. 23;Ronsdorf;Ronsdorf;;7.2095743;51.2268292;hausgenau;;544;31.1.1944;1944-01-31;1944-06-30;Deutsche;384;;
348;Kabelwerk Reinshagen;Elektrotechnik;Kabelhersteller;nein;1;Dickestr. 23;Ronsdorf;Ronsdorf;;7.2095743;51.2268292;hausgenau;;544;31.1.1944;1944-01-31;1945-05-08;Juden;3;;
348;Kabelwerk Reinshagen;Elektrotechnik;Kabelhersteller;nein;1;Dickestr. 23;Ronsdorf;Ronsdorf;;7.2095743;51.2268292;hausgenau;;544;31.1.1944;1944-01-31;1944-06-30;Westarbeiter;42;40;2
348;Kabelwerk Reinshagen;Elektrotechnik;Kabelhersteller;nein;1;Dickestr. 23;Ronsdorf;Ronsdorf;;7.2095743;51.2268292;hausgenau;;544;31.1.1944;1944-01-31;1944-03-11;Ostarbeiter;110;9;101
348;Kabelwerk Reinshagen;Elektrotechnik;Kabelhersteller;nein;1;Dickestr. 23;Ronsdorf;Ronsdorf;;7.2095743;51.2268292;hausgenau;;544;11.3.1944;1944-03-11;1944-06-30;Ostarbeiter;98;9;89
348;Kabelwerk Reinshagen;Elektrotechnik;Kabelhersteller;nein;1;Dickestr. 23;Ronsdorf;Ronsdorf;;7.2095743;51.2268292;hausgenau;;544;30.6.1944;1944-06-30;1944-12-31;Deutsche;383;213;170
348;Kabelwerk Reinshagen;Elektrotechnik;Kabelhersteller;nein;1;Dickestr. 23;Ronsdorf;Ronsdorf;;7.2095743;51.2268292;hausgenau;;544;30.6.1944;1944-06-30;1944-12-31;Westarbeiter;35;33;2
348;Kabelwerk Reinshagen;Elektrotechnik;Kabelhersteller;nein;1;Dickestr. 23;Ronsdorf;Ronsdorf;;7.2095743;51.2268292;hausgenau;;544;30.6.1944;1944-06-30;1944-12-31;Ostarbeiter;97;7;90
348;Kabelwerk Reinshagen;Elektrotechnik;Kabelhersteller;nein;1;Dickestr. 23;Ronsdorf;Ronsdorf;;7.2095743;51.2268292;hausgenau;;544;31.12.1944;1944-12-31;1945-05-08;Deutsche;364;197;167
348;Kabelwerk Reinshagen;Elektrotechnik;Kabelhersteller;nein;1;Dickestr. 23;Ronsdorf;Ronsdorf;;7.2095743;51.2268292;hausgenau;;544;31.12.1944;1944-12-31;1945-05-08;Westarbeiter;39;32;7
348;Kabelwerk Reinshagen;Elektrotechnik;Kabelhersteller;nein;1;Dickestr. 23;Ronsdorf;Ronsdorf;;7.2095743;51.2268292;hausgenau;;544;31.12.1944;1944-12-31;1945-05-08;Ostarbeiter;115;16;99
349;P. FE. Reinshagen;Maschinenbau;Maschinenfabrik;ja;1;Bredde 4;Barmen;Oberbarmen;;7.2061235;51.2755849;hausgenau;;544;13.8.1942;1942-08-13;1942-10-28;Ostarbeiter;20;0;20
349;P. FE. Reinshagen;Maschinenbau;Maschinenfabrik;ja;1;Bredde 4;Barmen;Oberbarmen;;7.2061235;51.2755849;hausgenau;;544;28.10.1942;1942-10-28;1942-11-30;Ostarbeiter;19;0;19
349;P. FE. Reinshagen;Maschinenbau;Maschinenfabrik;ja;1;Bredde 4;Barmen;Oberbarmen;;7.2061235;51.2755849;hausgenau;;544;30.11.1942;1942-11-30;1945-05-08;Deutsche;42;40;2
349;P. FE. Reinshagen;Maschinenbau;Maschinenfabrik;ja;1;Bredde 4;Barmen;Oberbarmen;;7.2061235;51.2755849;hausgenau;;544;30.11.1942;1942-11-30;1945-05-08;Westarbeiter;1;1;
349;P. FE. Reinshagen;Maschinenbau;Maschinenfabrik;ja;1;Bredde 4;Barmen;Oberbarmen;;7.2061235;51.2755849;hausgenau;;544;30.11.1942;1942-11-30;1944-03-11;Ostarbeiter;19;;19
349;P. FE. Reinshagen;Maschinenbau;Maschinenfabrik;ja;1;Bredde 4;Barmen;Oberbarmen;;7.2061235;51.2755849;hausgenau;;544;11.3.1944;1944-03-11;1945-05-08;Ostarbeiter;13;0;13
350;Otto Reinshagen;Maschinenbau;Landmaschinen;nein;1;Dörpfeldstr. 49-51;Ronsdorf;Ronsdorf;;7.1893468;51.2197227;strassengenau;;545;27.4.1943;1943-04-27;1945-05-08;Belgier;;;
350;Otto Reinshagen;Maschinenbau;Landmaschinen;nein;1;Dörpfeldstr. 49-51;Ronsdorf;Ronsdorf;;7.1893468;51.2197227;strassengenau;;545;;;1945-05-08;Franzosen;1;;
350;Otto Reinshagen;Maschinenbau;Landmaschinen;nein;1;Dörpfeldstr. 49-51;Ronsdorf;Ronsdorf;;7.1893468;51.2197227;strassengenau;;545;;;1945-05-08;französische Kriegsgefangene;5;;
351;Wilhelm Reising;Maschinenbau;Maschinenfabrik;ja;1;Gewerbeschulstr. 101;Barmen;Heckinghausen;;7.2076199;51.2696738;hausgenau;;545;27.4.1943;1943-04-27;1945-05-08;Polen;;;
351;Wilhelm Reising;Maschinenbau;Maschinenfabrik;ja;1;Gewerbeschulstr. 101;Barmen;Heckinghausen;;7.2076199;51.2696738;hausgenau;;545;31.1.1944;1944-01-31;1944-06-30;Deutsche;27;22;5
351;Wilhelm Reising;Maschinenbau;Maschinenfabrik;ja;1;Gewerbeschulstr. 101;Barmen;Heckinghausen;;7.2076199;51.2696738;hausgenau;;545;31.1.1944;1944-01-31;1944-06-30;Westarbeiter;10;10;0
351;Wilhelm Reising;Maschinenbau;Maschinenfabrik;ja;1;Gewerbeschulstr. 101;Barmen;Heckinghausen;;7.2076199;51.2696738;hausgenau;;545;30.6.1944;1944-06-30;1944-12-31;Deutsche;29;24;5
351;Wilhelm Reising;Maschinenbau;Maschinenfabrik;ja;1;Gewerbeschulstr. 101;Barmen;Heckinghausen;;7.2076199;51.2696738;hausgenau;;545;30.6.1944;1944-06-30;1944-12-31;Westarbeiter;11;10;1
351;Wilhelm Reising;Maschinenbau;Maschinenfabrik;ja;1;Gewerbeschulstr. 101;Barmen;Heckinghausen;;7.2076199;51.2696738;hausgenau;;545;31.12.1944;1944-12-31;1945-05-08;Deutsche;31;25;6
351;Wilhelm Reising;Maschinenbau;Maschinenfabrik;ja;1;Gewerbeschulstr. 101;Barmen;Heckinghausen;;7.2076199;51.2696738;hausgenau;;545;31.12.1944;1944-12-31;1945-05-08;Westarbeiter;27;20;7
351;Wilhelm Reising;Maschinenbau;Maschinenfabrik;ja;2;Heidter Berg 30 a;Heckinghausen;Heckinghausen;;7.207669;51.2700227;hausgenau;;545;;;;;;;
352;E. u. W. Reitz;Textilindustrie;Uniformwerk;nein;1;Langerfelder Str. 129 c;Langerfeld;Langerfeld-Beyenburg;;7.240657;51.274277;strassengenau;Nur straßengenau — über die Nachbarnummer 129 verortet, „129 c“ ist heute nicht mehr vergeben;545;27.4.1943;1943-04-27;1945-05-08;Niederländer;;;
353;Rheinische Möbelstoffweberei vorm. Dahl & Hunsche AG;Möbelindustrie;;nein;1;Hünefeldstr. 59;Barmen;Barmen;;7.174436;51.2639933;hausgenau;;545;27.4.1943;1943-04-27;1945-05-08;Belgier;;;
354;Rheinische Textilfabriken AG;Textilindustrie;Mechanische Weberei;nein;1;Friedrich-Ebert-Straße 138-140;Elberfeld;Elberfeld-West;;7.1285771;51.2514716;hausgenau;;545;27.4.1943;1943-04-27;1945-05-08;Franzosen;;;
354;Rheinische Textilfabriken AG;Textilindustrie;Mechanische Weberei;nein;1;Friedrich-Ebert-Straße 138-140;Elberfeld;Elberfeld-West;;7.1285771;51.2514716;hausgenau;;545;27.4.1943;1943-04-27;1945-05-08;Niederländer;;;
354;Rheinische Textilfabriken AG;Textilindustrie;Mechanische Weberei;nein;1;Friedrich-Ebert-Straße 138-140;Elberfeld;Elberfeld-West;;7.1285771;51.2514716;hausgenau;;545;31.1.1944;1944-01-31;1944-03-31;Deutsche;161;98;63
354;Rheinische Textilfabriken AG;Textilindustrie;Mechanische Weberei;nein;1;Friedrich-Ebert-Straße 138-140;Elberfeld;Elberfeld-West;;7.1285771;51.2514716;hausgenau;;545;31.1.1944;1944-01-31;1944-06-30;Westarbeiter;1;;
354;Rheinische Textilfabriken AG;Textilindustrie;Mechanische Weberei;nein;1;Friedrich-Ebert-Straße 138-140;Elberfeld;Elberfeld-West;;7.1285771;51.2514716;hausgenau;;545;31.1.1944;1944-01-31;1944-03-31;Ostarbeiter;7;3;4
354;Rheinische Textilfabriken AG;Textilindustrie;Mechanische Weberei;nein;1;Friedrich-Ebert-Straße 138-140;Elberfeld;Elberfeld-West;;7.1285771;51.2514716;hausgenau;;545;31.3.1944;1944-03-31;1944-06-30;Deutsche;157;99;58
354;Rheinische Textilfabriken AG;Textilindustrie;Mechanische Weberei;nein;1;Friedrich-Ebert-Straße 138-140;Elberfeld;Elberfeld-West;;7.1285771;51.2514716;hausgenau;;545;31.3.1944;1944-03-31;1944-06-30;Ostarbeiter;7;3;4
354;Rheinische Textilfabriken AG;Textilindustrie;Mechanische Weberei;nein;1;Friedrich-Ebert-Straße 138-140;Elberfeld;Elberfeld-West;;7.1285771;51.2514716;hausgenau;;545;30.6.1944;1944-06-30;1944-12-31;Deutsche;162;99;63
354;Rheinische Textilfabriken AG;Textilindustrie;Mechanische Weberei;nein;1;Friedrich-Ebert-Straße 138-140;Elberfeld;Elberfeld-West;;7.1285771;51.2514716;hausgenau;;545;30.6.1944;1944-06-30;1944-12-31;Westarbeiter;2;1;1
354;Rheinische Textilfabriken AG;Textilindustrie;Mechanische Weberei;nein;1;Friedrich-Ebert-Straße 138-140;Elberfeld;Elberfeld-West;;7.1285771;51.2514716;hausgenau;;545;30.6.1944;1944-06-30;1944-07-05;Ostarbeiter;7;3;4
354;Rheinische Textilfabriken AG;Textilindustrie;Mechanische Weberei;nein;1;Friedrich-Ebert-Straße 138-140;Elberfeld;Elberfeld-West;;7.1285771;51.2514716;hausgenau;;545;5.7.1944;1944-07-05;1944-12-31;Ostarbeiter;;;
354;Rheinische Textilfabriken AG;Textilindustrie;Mechanische Weberei;nein;1;Friedrich-Ebert-Straße 138-140;Elberfeld;Elberfeld-West;;7.1285771;51.2514716;hausgenau;;545;31.12.1944;1944-12-31;1945-05-08;Deutsche;159;95;64
354;Rheinische Textilfabriken AG;Textilindustrie;Mechanische Weberei;nein;1;Friedrich-Ebert-Straße 138-140;Elberfeld;Elberfeld-West;;7.1285771;51.2514716;hausgenau;;545;31.12.1944;1944-12-31;1945-05-08;Westarbeiter;2;1;1
354;Rheinische Textilfabriken AG;Textilindustrie;Mechanische Weberei;nein;1;Friedrich-Ebert-Straße 138-140;Elberfeld;Elberfeld-West;;7.1285771;51.2514716;hausgenau;;545;31.12.1944;1944-12-31;1945-05-08;Ostarbeiter;7;3;4
356;Rheinisch-Westfälische Schuhwaren;Handel / Dienstleistungen;Einkaufsvereinigung eGmbH;ja;1;Neumarktstaße 46;Elberfeld;Elberfeld;;7.1423779;51.2575863;hausgenau;;545;27.4.1943;1943-04-27;1945-05-08;Niederländer;;;
357;Rhenus;Logistik;Transportgesellschaft mbH;ja;1;Friedrich-Ebert-Straße 149a;Elberfeld;Elberfeld;;7.126657;51.249818;strassengenau;Nur straßengenau — über die Nachbarnummer 149 verortet, „149a“ ist heute nicht mehr vergeben;545;27.4.1943;1943-04-27;1945-05-08;Franzosen;;;
358;Rittershaus & Blecher;Maschinenbau;Maschinenfabrik, Vorrichtungsbau;ja;1;Friedrich-Engels-Allee 192;Barmen;Barmen;;7.1739682;51.2617999;hausgenau;;545;13.8.1942;1942-08-13;1942-10-28;Ostarbeiter;21;21;0
358;Rittershaus & Blecher;Maschinenbau;Maschinenfabrik, Vorrichtungsbau;ja;1;Friedrich-Engels-Allee 192;Barmen;Barmen;;7.1739682;51.2617999;hausgenau;;545;28.10.1942;1942-10-28;1943-04-27;Ostarbeiter;22;22;0
358;Rittershaus & Blecher;Maschinenbau;Maschinenfabrik, Vorrichtungsbau;ja;1;Friedrich-Engels-Allee 192;Barmen;Barmen;;7.1739682;51.2617999;hausgenau;;545;27.4.1943;1943-04-27;1943-08-31;Ostarbeiter;33;21;0
358;Rittershaus & Blecher;Maschinenbau;Maschinenfabrik, Vorrichtungsbau;ja;1;Friedrich-Engels-Allee 192;Barmen;Barmen;;7.1739682;51.2617999;hausgenau;;545;27.4.1943;1943-04-27;1945-05-08;Franzosen;;;
358;Rittershaus & Blecher;Maschinenbau;Maschinenfabrik, Vorrichtungsbau;ja;1;Friedrich-Engels-Allee 192;Barmen;Barmen;;7.1739682;51.2617999;hausgenau;;545;31.8.1943;1943-08-31;1945-05-08;Deutsche;94;85;9
358;Rittershaus & Blecher;Maschinenbau;Maschinenfabrik, Vorrichtungsbau;ja;1;Friedrich-Engels-Allee 192;Barmen;Barmen;;7.1739682;51.2617999;hausgenau;;545;31.8.1943;1943-08-31;1945-05-08;Westarbeiter;11;;
358;Rittershaus & Blecher;Maschinenbau;Maschinenfabrik, Vorrichtungsbau;ja;1;Friedrich-Engels-Allee 192;Barmen;Barmen;;7.1739682;51.2617999;hausgenau;;545;31.8.1943;1943-08-31;1944-03-11;Ostarbeiter;35;;
358;Rittershaus & Blecher;Maschinenbau;Maschinenfabrik, Vorrichtungsbau;ja;1;Friedrich-Engels-Allee 192;Barmen;Barmen;;7.1739682;51.2617999;hausgenau;;545;11.3.1944;1944-03-11;1945-05-08;Ostarbeiter;40;40;0
359;Heinrich Röttger;Gastgewerbe;Gaststätte;nein;1;Kölner Str. 88;Elberfeld;Elberfeld;;7.1430529;51.2517224;strassengenau;;545;1940-1942;1940-01-01;1945-05-08;Polen;;;
360;Rosenkranz & Co.;Textilindustrie;Textilfabrik;nein;1;Am Diek 97 a;Barmen;Oberbarmen;;7.221043;51.2851894;strassengenau;;545;27.4.1943;1943-04-27;1945-05-08;Belgier;;;
361;H. & G. Rüger;Textilindustrie;Weberei;nein;1;Schwarzbach 148;Barmen;Oberbarmen;;7.228637;51.2838042;hausgenau;;545;27.4.1943;1943-04-27;1945-05-08;Polen;;;
361;H. & G. Rüger;Textilindustrie;Weberei;nein;1;Schwarzbach 148;Barmen;Oberbarmen;;7.228637;51.2838042;hausgenau;;545;27.4.1943;1943-04-27;1945-05-08;Belgier;;;
361;H. & G. Rüger;Textilindustrie;Weberei;nein;1;Schwarzbach 148;Barmen;Oberbarmen;;7.228637;51.2838042;hausgenau;;545;;;1945-05-08;Polen;26;;
362;E.W. Runge;Bauunternehmen;Bauunternehmung;nein;1;Friedrich-Ebert-Straße 83;Elberfeld;Elberfeld;;7.1345646;51.2538744;hausgenau;;545;30.11.1942;1942-11-30;1945-05-08;Deutsche;21;19;2
362;E.W. Runge;Bauunternehmen;Bauunternehmung;nein;1;Friedrich-Ebert-Straße 83;Elberfeld;Elberfeld;;7.1345646;51.2538744;hausgenau;;545;30.11.1942;1942-11-30;1945-05-08;Westarbeiter;127;126;1
363;G. H. Sachsenröder;Textilindustrie;chem. tech. Pflanzenfaserveredelung;ja;1;Friedrich-Engels-Allee 125-127;Barmen;Barmen;;7.1682566;51.261133;hausgenau;;546;27.4.1943;1943-04-27;1945-05-08;Franzosen;;;
363;G. H. Sachsenröder;Textilindustrie;chem. tech. Pflanzenfaserveredelung;ja;1;Friedrich-Engels-Allee 125-127;Barmen;Barmen;;7.1682566;51.261133;hausgenau;;546;27.4.1943;1943-04-27;1945-05-08;Belgier;;;
364;Sander & Hohmann;Kraftfahrzeugindustrie;Autosattlerei;nein;1;Friedrich-Engels-Allee 374-376;Barmen;Barmen;;7.1892192;51.2663233;hausgenau;;546;11.3.1944;1944-03-11;1944-07-05;Ostarbeiter;13;0;13
364;Sander & Hohmann;Kraftfahrzeugindustrie;Autosattlerei;nein;1;Friedrich-Engels-Allee 374-376;Barmen;Barmen;;7.1892192;51.2663233;hausgenau;;546;5.7.1944;1944-07-05;1945-05-08;Ostarbeiter;;;
365;C. August Sandkühler;Baustoffe;Dampfziegelei, Baustoffe;nein;1;Winchenbachstr. 23;Barmen;Barmen;;7.1878744;51.2816767;hausgenau;;546;27.4.1943;1943-04-27;1945-05-08;Polen;;;
365;C. August Sandkühler;Baustoffe;Dampfziegelei, Baustoffe;nein;1;Winchenbachstr. 23;Barmen;Barmen;;7.1878744;51.2816767;hausgenau;;546;30.6.1944;1944-06-30;1945-05-08;Ausländer ohne Nationalitätenangabe;4;4;
366;A. Sartorius;Metallindustrie;Wuppertaler Laternen- u. Metallwarenfabrik;nein;1;Fuchsstraße 39;Barmen;Barmen;;7.1770856;51.257676;hausgenau;;546;13.8.1942;1942-08-13;1942-10-28;Ostarbeiter;22;22;0
366;A. Sartorius;Metallindustrie;Wuppertaler Laternen- u. Metallwarenfabrik;nein;1;Fuchsstraße 39;Barmen;Barmen;;7.1770856;51.257676;hausgenau;;546;28.10.1942;1942-10-28;1943-04-27;Ostarbeiter;22;22;0
366;A. Sartorius;Metallindustrie;Wuppertaler Laternen- u. Metallwarenfabrik;nein;1;Fuchsstraße 39;Barmen;Barmen;;7.1770856;51.257676;hausgenau;;546;27.4.1943;1943-04-27;1944-03-11;Ostarbeiter;21;21;0
366;A. Sartorius;Metallindustrie;Wuppertaler Laternen- u. Metallwarenfabrik;nein;1;Fuchsstraße 39;Barmen;Barmen;;7.1770856;51.257676;hausgenau;;546;11.3.1944;1944-03-11;1944-07-05;Ostarbeiter;11;11;0
366;A. Sartorius;Metallindustrie;Wuppertaler Laternen- u. Metallwarenfabrik;nein;1;Fuchsstraße 39;Barmen;Barmen;;7.1770856;51.257676;hausgenau;;546;5.7.1944;1944-07-05;1945-05-08;Ostarbeiter;;;
366;A. Sartorius;Metallindustrie;Wuppertaler Laternen- u. Metallwarenfabrik;nein;1;Fuchsstraße 39;Barmen;Barmen;;7.1770856;51.257676;hausgenau;;546;;;1945-05-08;Franzosen;;;
366;A. Sartorius;Metallindustrie;Wuppertaler Laternen- u. Metallwarenfabrik;nein;1;Fuchsstraße 39;Barmen;Barmen;;7.1770856;51.257676;hausgenau;;546;;;1945-05-08;Russen;;;
367;Fritz Sauerwald;Metallindustrie;Getriebebau;nein;1;Oststraße 41;Wichlinghausen;Oberbarmen;;7.219168;51.2848841;hausgenau;;546;;;1945-05-08;Westarbeiter;;;
367;Fritz Sauerwald;Metallindustrie;Getriebebau;nein;1;Oststraße 41;Wichlinghausen;Oberbarmen;;7.219168;51.2848841;hausgenau;;546;;;1945-05-08;Holländer;;;
368;Karl & Eugen Schäfer;Handwerk;Schreinerei;nein;1;Meckelstraße 23;Barmen;Barmen;;7.1828426;51.2624827;hausgenau;;546;;;1945-05-08;Ostarbeiter;;;
368;Karl & Eugen Schäfer;Handwerk;Schreinerei;nein;1;Meckelstraße 23;Barmen;Barmen;;7.1828426;51.2624827;hausgenau;;546;;;1945-05-08;Westarbeiter;;;
369;Schaeffer-Homberg GmbH;Textilindustrie;Druckknopf- und Metallwarenfabrik;nein;1;Schützenstr. 23;Barmen;Barmen;;7.1849577;51.2789854;hausgenau;;546;13.8.1942;1942-08-13;1942-10-28;Ostarbeiter;30;0;30
369;Schaeffer-Homberg GmbH;Textilindustrie;Druckknopf- und Metallwarenfabrik;nein;1;Schützenstr. 23;Barmen;Barmen;;7.1849577;51.2789854;hausgenau;;546;28.10.1942;1942-10-28;1943-04-27;Ostarbeiter;25;0;25
369;Schaeffer-Homberg GmbH;Textilindustrie;Druckknopf- und Metallwarenfabrik;nein;1;Schützenstr. 23;Barmen;Barmen;;7.1849577;51.2789854;hausgenau;;546;27.4.1943;1943-04-27;1943-11-30;Ostarbeiter;10;0;10
369;Schaeffer-Homberg GmbH;Textilindustrie;Druckknopf- und Metallwarenfabrik;nein;1;Schützenstr. 23;Barmen;Barmen;;7.1849577;51.2789854;hausgenau;;546;30.11.1943;1943-11-30;1944-06-30;Deutsche;468;241;227
369;Schaeffer-Homberg GmbH;Textilindustrie;Druckknopf- und Metallwarenfabrik;nein;1;Schützenstr. 23;Barmen;Barmen;;7.1849577;51.2789854;hausgenau;;546;30.11.1943;1943-11-30;1944-06-30;Westarbeiter;1;;1
369;Schaeffer-Homberg GmbH;Textilindustrie;Druckknopf- und Metallwarenfabrik;nein;1;Schützenstr. 23;Barmen;Barmen;;7.1849577;51.2789854;hausgenau;;546;30.11.1943;1943-11-30;1944-03-11;Ostarbeiter;51;10;41
369;Schaeffer-Homberg GmbH;Textilindustrie;Druckknopf- und Metallwarenfabrik;nein;1;Schützenstr. 23;Barmen;Barmen;;7.1849577;51.2789854;hausgenau;;546;11.3.1944;1944-03-11;1944-06-30;Ostarbeiter;52;12;40
369;Schaeffer-Homberg GmbH;Textilindustrie;Druckknopf- und Metallwarenfabrik;nein;1;Schützenstr. 23;Barmen;Barmen;;7.1849577;51.2789854;hausgenau;;546;30.6.1944;1944-06-30;1944-11-30;Deutsche;442;214;228
369;Schaeffer-Homberg GmbH;Textilindustrie;Druckknopf- und Metallwarenfabrik;nein;1;Schützenstr. 23;Barmen;Barmen;;7.1849577;51.2789854;hausgenau;;546;30.6.1944;1944-06-30;1944-11-30;Westarbeiter;2;1;1
369;Schaeffer-Homberg GmbH;Textilindustrie;Druckknopf- und Metallwarenfabrik;nein;1;Schützenstr. 23;Barmen;Barmen;;7.1849577;51.2789854;hausgenau;;546;30.6.1944;1944-06-30;1944-11-30;Ostarbeiter;73;24;49
369;Schaeffer-Homberg GmbH;Textilindustrie;Druckknopf- und Metallwarenfabrik;nein;1;Schützenstr. 23;Barmen;Barmen;;7.1849577;51.2789854;hausgenau;;546;30.11.1944;1944-11-30;1945-05-08;Deutsche;390;166;224
369;Schaeffer-Homberg GmbH;Textilindustrie;Druckknopf- und Metallwarenfabrik;nein;1;Schützenstr. 23;Barmen;Barmen;;7.1849577;51.2789854;hausgenau;;546;30.11.1944;1944-11-30;1945-05-08;Westarbeiter;1;;1
369;Schaeffer-Homberg GmbH;Textilindustrie;Druckknopf- und Metallwarenfabrik;nein;1;Schützenstr. 23;Barmen;Barmen;;7.1849577;51.2789854;hausgenau;;546;30.11.1944;1944-11-30;1945-05-08;Ostarbeiter;69;21;48
370;Fritz Scheibler;Maschinenbau;Spezialmaschinenfabrik;nein;1;Friedrich-Ebert-Straße 187;Elberfeld;Elberfeld-West;;7.1221727;51.2486001;hausgenau;;546;30.9.1943;1943-09-30;1945-05-08;Deutsche;9;5;4
370;Fritz Scheibler;Maschinenbau;Spezialmaschinenfabrik;nein;1;Friedrich-Ebert-Straße 187;Elberfeld;Elberfeld-West;;7.1221727;51.2486001;hausgenau;;546;30.9.1943;1943-09-30;1945-05-08;Westarbeiter;1;;1
371;Vohwinkler Eisenwerk Heinrich Schirp;Maschinenbau;Maschinenfabrik;nein;1;Bissingstr. 5;Vohwinkel;Vohwinkel;;7.0765549;51.233132;hausgenau;;546;;;1945-05-08;Polen;;;
372;Hermann Schlenkermann;Lebensmittelindustrie;Bäckerei, dann Brotfabrik;nein;1;Straße der Alten Garde 104 (Werth);Barmen;Barmen;;;;ohne;;547;13.8.1942;1942-08-13;1942-10-28;Ostarbeiter;4;4;0
372;Hermann Schlenkermann;Lebensmittelindustrie;Bäckerei, dann Brotfabrik;nein;1;Straße der Alten Garde 104 (Werth);Barmen;Barmen;;;;ohne;;547;28.10.1942;1942-10-28;1943-04-27;Ostarbeiter;4;4;0
372;Hermann Schlenkermann;Lebensmittelindustrie;Bäckerei, dann Brotfabrik;nein;1;Straße der Alten Garde 104 (Werth);Barmen;Barmen;;;;ohne;;547;27.4.1943;1943-04-27;1945-05-08;Ostarbeiter;4;4;0
373;Schlieper & Laag GmbH;Textilindustrie;Textilfertigung;nein;1;Buchenhofener Str. 49;Vohwinkel;Vohwinkel;;7.0906763;51.2340099;strassengenau;;547;31.1.1944;1944-01-31;1944-07-31;Deutsche;202;135;67
373;Schlieper & Laag GmbH;Textilindustrie;Textilfertigung;nein;1;Buchenhofener Str. 49;Vohwinkel;Vohwinkel;;7.0906763;51.2340099;strassengenau;;547;31.1.1944;1944-01-31;1944-07-31;Westarbeiter;2;1;1
373;Schlieper & Laag GmbH;Textilindustrie;Textilfertigung;nein;1;Buchenhofener Str. 49;Vohwinkel;Vohwinkel;;7.0906763;51.2340099;strassengenau;;547;31.7.1944;1944-07-31;1944-12-31;Deutsche;192;125;67
373;Schlieper & Laag GmbH;Textilindustrie;Textilfertigung;nein;1;Buchenhofener Str. 49;Vohwinkel;Vohwinkel;;7.0906763;51.2340099;strassengenau;;547;31.7.1944;1944-07-31;1944-12-31;Westarbeiter;2;1;1
373;Schlieper & Laag GmbH;Textilindustrie;Textilfertigung;nein;1;Buchenhofener Str. 49;Vohwinkel;Vohwinkel;;7.0906763;51.2340099;strassengenau;;547;31.7.1944;1944-07-31;1944-12-31;Ostarbeiter;9;5;4
373;Schlieper & Laag GmbH;Textilindustrie;Textilfertigung;nein;1;Buchenhofener Str. 49;Vohwinkel;Vohwinkel;;7.0906763;51.2340099;strassengenau;;547;31.12.1944;1944-12-31;1945-05-08;Deutsche;197;123;74
373;Schlieper & Laag GmbH;Textilindustrie;Textilfertigung;nein;1;Buchenhofener Str. 49;Vohwinkel;Vohwinkel;;7.0906763;51.2340099;strassengenau;;547;31.12.1944;1944-12-31;1945-05-08;Westarbeiter;4;3;1
373;Schlieper & Laag GmbH;Textilindustrie;Textilfertigung;nein;1;Buchenhofener Str. 49;Vohwinkel;Vohwinkel;;7.0906763;51.2340099;strassengenau;;547;31.12.1944;1944-12-31;1945-05-08;Ostarbeiter;9;5;4
374;J. Schlipkötter;Lebensmittelindustrie;Dauermilchwerk und Landwirtschaft;nein;1;Nützenberger Str. 398 a;Elberfeld;Elberfeld-West;;7.1272918;51.2523155;strassengenau;;547;;;1945-05-08;Ostarbeiter;;;
374;J. Schlipkötter;Lebensmittelindustrie;Dauermilchwerk und Landwirtschaft;nein;1;Nützenberger Str. 398 a;Elberfeld;Elberfeld-West;;7.1272918;51.2523155;strassengenau;;547;;;1945-05-08;Franzosen;;;
375;Werner Schlüter;Textilindustrie;Putzlappen, Dampfwäscherei;nein;1;Breslauer Str. 62;Barmen;Oberbarmen;;7.2207088;51.2784187;strassengenau;;547;5.7.1944;1944-07-05;1945-05-08;Ostarbeiter;;;
376;F. A. Schmahl junior;Metallindustrie;Sägen- und Werkzeugfabrik;ja;1;Oberheidt 21;Cronenberg;Cronenberg;;7.1391791;51.184841;hausgenau;;547;;;1945-05-08;Ostarbeiter;3;2;1
377;Schmahl & Schulz;Metallindustrie;Metallwaren- und Beleuchtungskörperfab.;unbekannt;1;Klingelholl 108-110;Barmen;Barmen;;7.203617;51.280527;strassengenau;Nur straßengenau — über Nr. 110 verortet, die einzige aus dem überlieferten Bereich 108–110, die es heute noch gibt;547;8.5.1942;1942-05-08;1942-08-13;Ostarbeiter;40;0;40
377;Schmahl & Schulz;Metallindustrie;Metallwaren- und Beleuchtungskörperfab.;unbekannt;1;Klingelholl 108-110;Barmen;Barmen;;7.203617;51.280527;strassengenau;Nur straßengenau — über Nr. 110 verortet, die einzige aus dem überlieferten Bereich 108–110, die es heute noch gibt;547;13.8.1942;1942-08-13;1942-10-28;Ostarbeiter;44;11;33
377;Schmahl & Schulz;Metallindustrie;Metallwaren- und Beleuchtungskörperfab.;unbekannt;1;Klingelholl 108-110;Barmen;Barmen;;7.203617;51.280527;strassengenau;Nur straßengenau — über Nr. 110 verortet, die einzige aus dem überlieferten Bereich 108–110, die es heute noch gibt;547;28.10.1942;1942-10-28;1943-04-27;Ostarbeiter;53;20;33
377;Schmahl & Schulz;Metallindustrie;Metallwaren- und Beleuchtungskörperfab.;unbekannt;1;Klingelholl 108-110;Barmen;Barmen;;7.203617;51.280527;strassengenau;Nur straßengenau — über Nr. 110 verortet, die einzige aus dem überlieferten Bereich 108–110, die es heute noch gibt;547;27.4.1943;1943-04-27;1944-01-31;Ostarbeiter;56;23;33
377;Schmahl & Schulz;Metallindustrie;Metallwaren- und Beleuchtungskörperfab.;unbekannt;1;Klingelholl 108-110;Barmen;Barmen;;7.203617;51.280527;strassengenau;Nur straßengenau — über Nr. 110 verortet, die einzige aus dem überlieferten Bereich 108–110, die es heute noch gibt;547;31.1.1944;1944-01-31;1944-04-30;Deutsche;186;127;59
377;Schmahl & Schulz;Metallindustrie;Metallwaren- und Beleuchtungskörperfab.;unbekannt;1;Klingelholl 108-110;Barmen;Barmen;;7.203617;51.280527;strassengenau;Nur straßengenau — über Nr. 110 verortet, die einzige aus dem überlieferten Bereich 108–110, die es heute noch gibt;547;31.1.1944;1944-01-31;1944-04-30;Westarbeiter;1;;
377;Schmahl & Schulz;Metallindustrie;Metallwaren- und Beleuchtungskörperfab.;unbekannt;1;Klingelholl 108-110;Barmen;Barmen;;7.203617;51.280527;strassengenau;Nur straßengenau — über Nr. 110 verortet, die einzige aus dem überlieferten Bereich 108–110, die es heute noch gibt;547;31.1.1944;1944-01-31;1944-03-11;Ostarbeiter;106;50;56
377;Schmahl & Schulz;Metallindustrie;Metallwaren- und Beleuchtungskörperfab.;unbekannt;1;Klingelholl 108-110;Barmen;Barmen;;7.203617;51.280527;strassengenau;Nur straßengenau — über Nr. 110 verortet, die einzige aus dem überlieferten Bereich 108–110, die es heute noch gibt;547;11.3.1944;1944-03-11;1944-04-30;Ostarbeiter;122;62;60
377;Schmahl & Schulz;Metallindustrie;Metallwaren- und Beleuchtungskörperfab.;unbekannt;1;Klingelholl 108-110;Barmen;Barmen;;7.203617;51.280527;strassengenau;Nur straßengenau — über Nr. 110 verortet, die einzige aus dem überlieferten Bereich 108–110, die es heute noch gibt;547;30.4.1944;1944-04-30;1944-12-31;Deutsche;191;131;60
377;Schmahl & Schulz;Metallindustrie;Metallwaren- und Beleuchtungskörperfab.;unbekannt;1;Klingelholl 108-110;Barmen;Barmen;;7.203617;51.280527;strassengenau;Nur straßengenau — über Nr. 110 verortet, die einzige aus dem überlieferten Bereich 108–110, die es heute noch gibt;547;30.4.1944;1944-04-30;1945-05-08;Westarbeiter;1;;
377;Schmahl & Schulz;Metallindustrie;Metallwaren- und Beleuchtungskörperfab.;unbekannt;1;Klingelholl 108-110;Barmen;Barmen;;7.203617;51.280527;strassengenau;Nur straßengenau — über Nr. 110 verortet, die einzige aus dem überlieferten Bereich 108–110, die es heute noch gibt;547;30.4.1944;1944-04-30;1944-07-05;Ostarbeiter;107;50;57
377;Schmahl & Schulz;Metallindustrie;Metallwaren- und Beleuchtungskörperfab.;unbekannt;1;Klingelholl 108-110;Barmen;Barmen;;7.203617;51.280527;strassengenau;Nur straßengenau — über Nr. 110 verortet, die einzige aus dem überlieferten Bereich 108–110, die es heute noch gibt;547;5.7.1944;1944-07-05;1944-12-31;Ostarbeiter;;;
377;Schmahl & Schulz;Metallindustrie;Metallwaren- und Beleuchtungskörperfab.;unbekannt;1;Klingelholl 108-110;Barmen;Barmen;;7.203617;51.280527;strassengenau;Nur straßengenau — über Nr. 110 verortet, die einzige aus dem überlieferten Bereich 108–110, die es heute noch gibt;547;31.12.1944;1944-12-31;1945-05-08;Deutsche;192;125;67
377;Schmahl & Schulz;Metallindustrie;Metallwaren- und Beleuchtungskörperfab.;unbekannt;1;Klingelholl 108-110;Barmen;Barmen;;7.203617;51.280527;strassengenau;Nur straßengenau — über Nr. 110 verortet, die einzige aus dem überlieferten Bereich 108–110, die es heute noch gibt;547;31.12.1944;1944-12-31;1945-05-08;Ostarbeiter;86;42;44
378;Karl Schmalz junior;Metallindustrie;mech. Werkstätte;nein;1;Auf der Bleiche 5;Barmen;Heckinghausen;;7.2253907;51.2734084;hausgenau;;547;;;1945-05-08;Westarbeiter;11;;
379;Hans Schmeken;Gärtnerei;Gartenbaubetrieb;nein;1;Boltenheide 5;Vohwinkel;Vohwinkel;;7.0892012;51.2231583;strassengenau;;547;;;;;;;
380;Gebr. Schmidt;Handel / Dienstleistungen;Kohlenhandlung;nein;1;[Gräfrather Str. 104-106??];Vohwinkel;Vohwinkel;;7.070313;51.224181;strassengenau;Nur straßengenau — über Nr. 106 verortet, die einzige aus dem überlieferten Bereich 104–106, die es heute noch gibt;547;5.7.1944;1944-07-05;1945-05-08;Ostarbeiter;;;
381;Peter Ludwig Schmidt „Werkzeugkönig“;Metallindustrie;Werkzeuge, Stahl-, Eisen- und Metallwaren;ja;1;Vereinstr. 14;;Elberfeld;;7.1530168;51.2531056;hausgenau;;547;31.12.1942;1942-12-31;1945-05-08;Deutsche;32;18;14
381;Peter Ludwig Schmidt „Werkzeugkönig“;Metallindustrie;Werkzeuge, Stahl-, Eisen- und Metallwaren;ja;1;Vereinstr. 14;;Elberfeld;;7.1530168;51.2531056;hausgenau;;547;31.12.1942;1942-12-31;1945-05-08;Deutsche;32;18;14
381;Peter Ludwig Schmidt „Werkzeugkönig“;Metallindustrie;Werkzeuge, Stahl-, Eisen- und Metallwaren;ja;1;Vereinstr. 14;;Elberfeld;;7.1530168;51.2531056;hausgenau;;547;31.12.1942;1942-12-31;1945-05-08;ausländische Arbeiter;2;2;0
381;Peter Ludwig Schmidt „Werkzeugkönig“;Metallindustrie;Werkzeuge, Stahl-, Eisen- und Metallwaren;ja;1;Vereinstr. 14;;Elberfeld;;7.1530168;51.2531056;hausgenau;;547;31.12.1942;1942-12-31;1945-05-08;Kriegsgefangene;4;;
382;Schmidt & Co.;Papierindustrie;Papierwarenfabrik;nein;1;Briefstraße 17-23 a;Elberfeld;Elberfeld;;7.1559481;51.2655056;hausgenau;;547;13.8.1942;1942-08-13;1942-10-28;Ostarbeiter;10;0;10
382;Schmidt & Co.;Papierindustrie;Papierwarenfabrik;nein;1;Briefstraße 17-23 a;Elberfeld;Elberfeld;;7.1559481;51.2655056;hausgenau;;547;28.10.1942;1942-10-28;1943-04-27;Ostarbeiter;14;0;14
382;Schmidt & Co.;Papierindustrie;Papierwarenfabrik;nein;1;Briefstraße 17-23 a;Elberfeld;Elberfeld;;7.1559481;51.2655056;hausgenau;;547;27.4.1943;1943-04-27;1945-05-08;Ostarbeiter;15;0;15
383;Schmitt & Co. KG;Maschinenbau;Maschinenfabrik „Barmenia“;unbekannt;1;Wiescherstr. 13;Barmen;Oberbarmen;;7.2227779;51.2872177;hausgenau;;547;31.1.1944;1944-01-31;1944-06-30;Deutsche;89;70;19
383;Schmitt & Co. KG;Maschinenbau;Maschinenfabrik „Barmenia“;unbekannt;1;Wiescherstr. 13;Barmen;Oberbarmen;;7.2227779;51.2872177;hausgenau;;547;31.1.1944;1944-01-31;1944-06-30;Westarbeiter;32;1;31
383;Schmitt & Co. KG;Maschinenbau;Maschinenfabrik „Barmenia“;unbekannt;1;Wiescherstr. 13;Barmen;Oberbarmen;;7.2227779;51.2872177;hausgenau;;547;31.1.1944;1944-01-31;1944-03-11;Ostarbeiter;8;;
383;Schmitt & Co. KG;Maschinenbau;Maschinenfabrik „Barmenia“;unbekannt;1;Wiescherstr. 13;Barmen;Oberbarmen;;7.2227779;51.2872177;hausgenau;;547;11.3.1944;1944-03-11;1944-06-30;Ostarbeiter;20;20;0
383;Schmitt & Co. KG;Maschinenbau;Maschinenfabrik „Barmenia“;unbekannt;1;Wiescherstr. 13;Barmen;Oberbarmen;;7.2227779;51.2872177;hausgenau;;547;30.6.1944;1944-06-30;1944-12-31;Deutsche;104;83;21
383;Schmitt & Co. KG;Maschinenbau;Maschinenfabrik „Barmenia“;unbekannt;1;Wiescherstr. 13;Barmen;Oberbarmen;;7.2227779;51.2872177;hausgenau;;547;30.6.1944;1944-06-30;1944-12-31;Westarbeiter;30;3;27
383;Schmitt & Co. KG;Maschinenbau;Maschinenfabrik „Barmenia“;unbekannt;1;Wiescherstr. 13;Barmen;Oberbarmen;;7.2227779;51.2872177;hausgenau;;547;30.6.1944;1944-06-30;1944-12-31;Ostarbeiter;18;14;4
383;Schmitt & Co. KG;Maschinenbau;Maschinenfabrik „Barmenia“;unbekannt;1;Wiescherstr. 13;Barmen;Oberbarmen;;7.2227779;51.2872177;hausgenau;;547;31.12.1944;1944-12-31;1945-05-08;Deutsche;89;71;18
383;Schmitt & Co. KG;Maschinenbau;Maschinenfabrik „Barmenia“;unbekannt;1;Wiescherstr. 13;Barmen;Oberbarmen;;7.2227779;51.2872177;hausgenau;;547;31.12.1944;1944-12-31;1945-05-08;Westarbeiter;34;5;29
383;Schmitt & Co. KG;Maschinenbau;Maschinenfabrik „Barmenia“;unbekannt;1;Wiescherstr. 13;Barmen;Oberbarmen;;7.2227779;51.2872177;hausgenau;;547;31.12.1944;1944-12-31;1945-05-08;Ostarbeiter;20;18;2
384;Dr. Schmitz & Apelt;Maschinenbau;Industrie-Ofenbau;nein;1;Clausewitzstr. 82-84;Langerfeld;Langerfeld-Beyenburg;;7.2548021;51.2824012;hausgenau;;548;13.8.1942;1942-08-13;1942-10-28;Ostarbeiter;19;19;0
384;Dr. Schmitz & Apelt;Maschinenbau;Industrie-Ofenbau;nein;1;Clausewitzstr. 82-84;Langerfeld;Langerfeld-Beyenburg;;7.2548021;51.2824012;hausgenau;;548;28.10.1942;1942-10-28;1943-04-27;Ostarbeiter;18;18;0
384;Dr. Schmitz & Apelt;Maschinenbau;Industrie-Ofenbau;nein;1;Clausewitzstr. 82-84;Langerfeld;Langerfeld-Beyenburg;;7.2548021;51.2824012;hausgenau;;548;27.4.1943;1943-04-27;1944-03-11;Ostarbeiter;18;18;0
384;Dr. Schmitz & Apelt;Maschinenbau;Industrie-Ofenbau;nein;1;Clausewitzstr. 82-84;Langerfeld;Langerfeld-Beyenburg;;7.2548021;51.2824012;hausgenau;;548;27.4.1943;1943-04-27;1945-05-08;Franzosen;;;
384;Dr. Schmitz & Apelt;Maschinenbau;Industrie-Ofenbau;nein;1;Clausewitzstr. 82-84;Langerfeld;Langerfeld-Beyenburg;;7.2548021;51.2824012;hausgenau;;548;11.3.1944;1944-03-11;1945-05-08;Ostarbeiter;16;16;0
385;August Schnakenberg & Co.°;xxx;Bleibearbeitungswerk;ja;1;Beyenburger Str. 164;Barmen;Barmen;;;;ohne;;548;31.10.1942;1942-10-31;1945-05-08;Deutsche;95;87;8
385;August Schnakenberg & Co.°;xxx;Bleibearbeitungswerk;ja;1;Beyenburger Str. 164;Barmen;Barmen;;;;ohne;;548;31.10.1942;1942-10-31;1945-05-08;Westarbeiter;34;31;3
385;August Schnakenberg & Co.°;xxx;Bleibearbeitungswerk;ja;1;Beyenburger Str. 164;Barmen;Barmen;;;;ohne;;548;31.10.1942;1942-10-31;1945-05-08;nicht-russische Kriegsgefangene;1;;
385;August Schnakenberg & Co.°;xxx;Bleibearbeitungswerk;ja;1;Beyenburger Str. 164;Barmen;Barmen;;;;ohne;;548;27.4.1943;1943-04-27;1945-05-08;Franzosen;;;
385;August Schnakenberg & Co.°;xxx;Bleibearbeitungswerk;ja;1;Beyenburger Str. 164;Barmen;Barmen;;;;ohne;;548;27.4.1943;1943-04-27;1945-05-08;Belgier;;;
386;Otto Schnicks;xxx;Holzbearbeitung;nein;1;Dammstr. 16;Elberfeld;Elberfeld-West;;7.1296019;51.2475792;strassengenau;;548;31.1.1944;1944-01-31;1944-06-30;Deutsche;62;54;8
386;Otto Schnicks;xxx;Holzbearbeitung;nein;1;Dammstr. 16;Elberfeld;Elberfeld-West;;7.1296019;51.2475792;strassengenau;;548;31.1.1944;1944-01-31;1944-06-30;Westarbeiter;5;5;
386;Otto Schnicks;xxx;Holzbearbeitung;nein;1;Dammstr. 16;Elberfeld;Elberfeld-West;;7.1296019;51.2475792;strassengenau;;548;31.1.1944;1944-01-31;1944-06-30;nicht-russische Kriegsgefangene;4;;
386;Otto Schnicks;xxx;Holzbearbeitung;nein;1;Dammstr. 16;Elberfeld;Elberfeld-West;;7.1296019;51.2475792;strassengenau;;548;30.6.1944;1944-06-30;1944-12-31;Deutsche;59;51;8
386;Otto Schnicks;xxx;Holzbearbeitung;nein;1;Dammstr. 16;Elberfeld;Elberfeld-West;;7.1296019;51.2475792;strassengenau;;548;30.6.1944;1944-06-30;1944-12-31;Westarbeiter;5;5;
386;Otto Schnicks;xxx;Holzbearbeitung;nein;1;Dammstr. 16;Elberfeld;Elberfeld-West;;7.1296019;51.2475792;strassengenau;;548;30.6.1944;1944-06-30;1945-05-08;nicht-russische Kriegsgefangene;4;;
386;Otto Schnicks;xxx;Holzbearbeitung;nein;1;Dammstr. 16;Elberfeld;Elberfeld-West;;7.1296019;51.2475792;strassengenau;;548;31.12.1944;1944-12-31;1945-05-08;Deutsche;57;47;10
386;Otto Schnicks;xxx;Holzbearbeitung;nein;1;Dammstr. 16;Elberfeld;Elberfeld-West;;7.1296019;51.2475792;strassengenau;;548;31.12.1944;1944-12-31;1945-05-08;Westarbeiter;6;6;
386;Otto Schnicks;xxx;Holzbearbeitung;nein;1;Dammstr. 16;Elberfeld;Elberfeld-West;;7.1296019;51.2475792;strassengenau;;548;31.12.1944;1944-12-31;1945-05-08;russische Kriegsgefangene;4;;
387;Franz Schönberg;xxx;Holzbau;nein;1;Goetheplatz 2;Vohwinkel;Vohwinkel;;7.0883075;51.2375871;hausgenau;;548;28.10.1942;1942-10-28;1943-04-27;Ostarbeiter;21;20;1
387;Franz Schönberg;xxx;Holzbau;nein;1;Goetheplatz 2;Vohwinkel;Vohwinkel;;7.0883075;51.2375871;hausgenau;;548;27.4.1943;1943-04-27;1944-03-11;Ostarbeiter;20;19;1
387;Franz Schönberg;xxx;Holzbau;nein;1;Goetheplatz 2;Vohwinkel;Vohwinkel;;7.0883075;51.2375871;hausgenau;;548;11.3.1944;1944-03-11;1945-05-08;Ostarbeiter;18;17;1
388;Schomburg & Graf;Kunststoffindustrie;Gummiwarenfabrik;ja;1;Höfen 58;Barmen;Oberbarmen;;7.2318064;51.2758262;hausgenau;;548;27.4.1943;1943-04-27;1945-05-08;Belgier;;;
388;Schomburg & Graf;Kunststoffindustrie;Gummiwarenfabrik;ja;1;Höfen 58;Barmen;Oberbarmen;;7.2318064;51.2758262;hausgenau;;548;11.3.1944;1944-03-11;1945-05-08;Ostarbeiter;19;7;12
389;Rudolf Schröder;Maschinenbau;Armaturen- und Maschinenfabrik;nein;1;Bornberg 47-53;Elberfeld;Uellendahl-Katernberg;;7.1535517;51.2739715;hausgenau;;548;;;1945-05-08;Franzosen;1;;
390;Friedrich Schubert;Maschinenbau;Maschinenfabrik;nein;1;Neuenhofer Straße 36;Cronenberg;Cronenberg;;7.150031;51.2215322;hausgenau;;548;27.4.1943;1943-04-27;1944-07-05;Ostarbeiter;10;10;0
390;Friedrich Schubert;Maschinenbau;Maschinenfabrik;nein;1;Neuenhofer Straße 36;Cronenberg;Cronenberg;;7.150031;51.2215322;hausgenau;;548;5.7.1944;1944-07-05;1945-05-08;Ostarbeiter;;;
390;Friedrich Schubert;Maschinenbau;Maschinenfabrik;nein;1;Neuenhofer Straße 36;Cronenberg;Cronenberg;;7.150031;51.2215322;hausgenau;;548;;;1945-05-08;Ukrainer;;;
391;Joh. Wilh. Schürmann;Chemie;Chem. Fabrik und Chemikaliengroßhandel;nein;1;Buchenstr. 21-21b;Barmen;Barmen;;7.1798708;51.2694376;hausgenau;;548;30.6.1944;1944-06-30;1945-05-08;Ausländer ohne Nationalitätenangabe;18;18;
392;Wilhelm Schuh;xxx;Schrottgroßhandel;nein;1;Hünefeldstr. 10;Barmen;Barmen;;7.1713882;51.2624609;hausgenau;;548;;;1945-05-08;Holländer;1;;
392;Wilhelm Schuh;xxx;Schrottgroßhandel;nein;1;Hünefeldstr. 10;Barmen;Barmen;;7.1713882;51.2624609;hausgenau;;548;;;1945-05-08;Ostarbeiter;3;;
393;Schuhmacherinnung Wuppertal;xxx;„Arbeitsgemeinschaft des Schuhmacher-Handwerks“;unbekannt;1;Melanchthonstr. 25;Barmen;Barmen;;7.1990351;51.2818681;hausgenau;;549;13.8.1942;1942-08-13;1942-10-28;Ostarbeiter;17;17;0
393;Schuhmacherinnung Wuppertal;xxx;„Arbeitsgemeinschaft des Schuhmacher-Handwerks“;unbekannt;1;Melanchthonstr. 25;Barmen;Barmen;;7.1990351;51.2818681;hausgenau;;549;28.10.1942;1942-10-28;1943-04-27;Ostarbeiter;15;15;0
393;Schuhmacherinnung Wuppertal;xxx;„Arbeitsgemeinschaft des Schuhmacher-Handwerks“;unbekannt;1;Melanchthonstr. 25;Barmen;Barmen;;7.1990351;51.2818681;hausgenau;;549;27.4.1943;1943-04-27;1945-05-08;Ostarbeiter;15;15;0
395;Peter Schumacher;Maschinenbau;Maschinenfabrik;nein;1;Gustavstraße 12;Vohwinkel;Vohwinkel;;7.071848;51.2299079;hausgenau;;549;13.8.1942;1942-08-13;1942-10-28;Ostarbeiter;20;0;20
395;Peter Schumacher;Maschinenbau;Maschinenfabrik;nein;1;Gustavstraße 12;Vohwinkel;Vohwinkel;;7.071848;51.2299079;hausgenau;;549;28.10.1942;1942-10-28;1943-04-27;Ostarbeiter;19;0;19
395;Peter Schumacher;Maschinenbau;Maschinenfabrik;nein;1;Gustavstraße 12;Vohwinkel;Vohwinkel;;7.071848;51.2299079;hausgenau;;549;27.4.1943;1943-04-27;1944-03-11;Ostarbeiter;19;0;19
395;Peter Schumacher;Maschinenbau;Maschinenfabrik;nein;1;Gustavstraße 12;Vohwinkel;Vohwinkel;;7.071848;51.2299079;hausgenau;;549;11.3.1944;1944-03-11;1944-07-05;Ostarbeiter;25;0;25
395;Peter Schumacher;Maschinenbau;Maschinenfabrik;nein;1;Gustavstraße 12;Vohwinkel;Vohwinkel;;7.071848;51.2299079;hausgenau;;549;5.7.1944;1944-07-05;1945-05-08;Ostarbeiter;;;
396;Otto Schumann — Barackenbau;Baustoffe;Holzhandlung und Zimmerei;nein;1;Nevigeser Str. 15, später: Eskesberg 6;Elberfeld;Uellendahl-Katernberg;;7.128047;51.2679762;hausgenau;;549;13.8.1942;1942-08-13;1942-10-28;Ostarbeiter;10;9;1
396;Otto Schumann — Barackenbau;Baustoffe;Holzhandlung und Zimmerei;nein;1;Nevigeser Str. 15, später: Eskesberg 6;Elberfeld;Uellendahl-Katernberg;;7.128047;51.2679762;hausgenau;;549;28.10.1942;1942-10-28;1943-04-27;Ostarbeiter;8;8;0
396;Otto Schumann — Barackenbau;Baustoffe;Holzhandlung und Zimmerei;nein;1;Nevigeser Str. 15, später: Eskesberg 6;Elberfeld;Uellendahl-Katernberg;;7.128047;51.2679762;hausgenau;;549;27.4.1943;1943-04-27;1944-03-11;Ostarbeiter;8;8;0
396;Otto Schumann — Barackenbau;Baustoffe;Holzhandlung und Zimmerei;nein;1;Nevigeser Str. 15, später: Eskesberg 6;Elberfeld;Uellendahl-Katernberg;;7.128047;51.2679762;hausgenau;;549;27.4.1943;1943-04-27;1945-05-08;Belgier;;;
396;Otto Schumann — Barackenbau;Baustoffe;Holzhandlung und Zimmerei;nein;1;Nevigeser Str. 15, später: Eskesberg 6;Elberfeld;Uellendahl-Katernberg;;7.128047;51.2679762;hausgenau;;549;11.3.1944;1944-03-11;1945-05-08;Ostarbeiter;17;17;0
397;Erich Schulte;Metallindustrie;Schraubenfabrik;nein;1;Langerfelder Str. 100 a;Barmen;Langerfeld-Beyenburg;;7.2352996;51.2728989;hausgenau;;549;5.7.1944;1944-07-05;1945-05-08;Ostarbeiter;;;
398;Heinrich Schulte Inh. A. Hofmann;Bauunternehmen;Stahlbau;nein;1;Friedrich-Ebert-Straße 153-155;Elberfeld;Elberfeld-West;;7.1260516;51.2496815;hausgenau;;549;;;1945-05-08;Ostarbeiter;;;
399;Gebrüder Schutte;Bauunternehmen;Bauunternehmung;ja;1;Reichsstraße 45;Barmen;Heckinghausen;;7.2112695;51.2732329;strassengenau;;549;31.1.1943;1943-01-31;1945-05-08;Deutsche;79;76;3
399;Gebrüder Schutte;Bauunternehmen;Bauunternehmung;ja;1;Reichsstraße 45;Barmen;Heckinghausen;;7.2112695;51.2732329;strassengenau;;549;31.1.1943;1943-01-31;1945-05-08;Westarbeiter;1;;
399;Gebrüder Schutte;Bauunternehmen;Bauunternehmung;ja;1;Reichsstraße 45;Barmen;Heckinghausen;;7.2112695;51.2732329;strassengenau;;549;27.4.1943;1943-04-27;1945-05-08;Polen;;;
400;Hubert Schwedt;Lebensmittelindustrie;Aachener Thermalwasser-Vertrieb (Lager;nein;1;Laurentiusstraße 33;Elberfeld;Elberfeld;;7.140869;51.2557779;strassengenau;;549;;;1945-05-08;Ostarbeiter;3;;
401;Schwerdt & Co.;xxx;Kistenfabrik;nein;1;Auf der Bleiche 30;Barmen;Heckinghausen;;7.2268987;51.2719352;hausgenau;;549;27.4.1943;1943-04-27;1945-05-08;Franzosen;;;
402;Gebr. Sievers KG.;Metallindustrie;Zylinder- und Kurbelwellenschleiferei;nein;1;Friedrich-Engels-Allee 192;Barmen;Barmen;;7.1739682;51.2617999;hausgenau;;549;8.5.1942;1942-05-08;1942-08-13;Ostarbeiter;110;60;50
402;Gebr. Sievers KG.;Metallindustrie;Zylinder- und Kurbelwellenschleiferei;nein;1;Friedrich-Engels-Allee 192;Barmen;Barmen;;7.1739682;51.2617999;hausgenau;;549;13.8.1942;1942-08-13;1942-10-28;Ostarbeiter;20;20;0
402;Gebr. Sievers KG.;Metallindustrie;Zylinder- und Kurbelwellenschleiferei;nein;1;Friedrich-Engels-Allee 192;Barmen;Barmen;;7.1739682;51.2617999;hausgenau;;549;28.10.1942;1942-10-28;1943-04-27;Ostarbeiter;24;24;0
402;Gebr. Sievers KG.;Metallindustrie;Zylinder- und Kurbelwellenschleiferei;nein;1;Friedrich-Engels-Allee 192;Barmen;Barmen;;7.1739682;51.2617999;hausgenau;;549;27.4.1943;1943-04-27;1945-05-08;Ostarbeiter;23;23;0
403;Siller & Jamart;Maschinenbau;Dampfkesselproduktion;nein;1;Zum Alten Zollhaus 24;Barmen;Barmen;;7.1849336;51.2933885;hausgenau;;549;13.8.1942;1942-08-13;1942-10-28;Ostarbeiter;27;27;0
403;Siller & Jamart;Maschinenbau;Dampfkesselproduktion;nein;1;Zum Alten Zollhaus 24;Barmen;Barmen;;7.1849336;51.2933885;hausgenau;;549;28.10.1942;1942-10-28;1943-04-27;Ostarbeiter;26;26;0
403;Siller & Jamart;Maschinenbau;Dampfkesselproduktion;nein;1;Zum Alten Zollhaus 24;Barmen;Barmen;;7.1849336;51.2933885;hausgenau;;549;27.4.1943;1943-04-27;1943-08-31;Ostarbeiter;21;21;0
403;Siller & Jamart;Maschinenbau;Dampfkesselproduktion;nein;1;Zum Alten Zollhaus 24;Barmen;Barmen;;7.1849336;51.2933885;hausgenau;;549;27.4.1943;1943-04-27;1945-05-08;Franzosen;;;
403;Siller & Jamart;Maschinenbau;Dampfkesselproduktion;nein;1;Zum Alten Zollhaus 24;Barmen;Barmen;;7.1849336;51.2933885;hausgenau;;549;27.4.1943;1943-04-27;1945-05-08;Belgier;;;
403;Siller & Jamart;Maschinenbau;Dampfkesselproduktion;nein;1;Zum Alten Zollhaus 24;Barmen;Barmen;;7.1849336;51.2933885;hausgenau;;549;31.8.1943;1943-08-31;1945-05-08;Deutsche;189;175;14
403;Siller & Jamart;Maschinenbau;Dampfkesselproduktion;nein;1;Zum Alten Zollhaus 24;Barmen;Barmen;;7.1849336;51.2933885;hausgenau;;549;31.8.1943;1943-08-31;1945-05-08;Westarbeiter;31;;
403;Siller & Jamart;Maschinenbau;Dampfkesselproduktion;nein;1;Zum Alten Zollhaus 24;Barmen;Barmen;;7.1849336;51.2933885;hausgenau;;549;31.8.1943;1943-08-31;1944-03-11;Ostarbeiter;9;;
403;Siller & Jamart;Maschinenbau;Dampfkesselproduktion;nein;1;Zum Alten Zollhaus 24;Barmen;Barmen;;7.1849336;51.2933885;hausgenau;;549;31.8.1943;1943-08-31;1945-05-08;Kriegsgefangene;7;;
403;Siller & Jamart;Maschinenbau;Dampfkesselproduktion;nein;1;Zum Alten Zollhaus 24;Barmen;Barmen;;7.1849336;51.2933885;hausgenau;;549;11.3.1944;1944-03-11;1945-05-08;Ostarbeiter;12;12;0
403;Siller & Jamart;Maschinenbau;Dampfkesselproduktion;nein;1;Zum Alten Zollhaus 24;Barmen;Barmen;;7.1849336;51.2933885;hausgenau;;549;;;1945-05-08;Italiener;;;
403;Siller & Jamart;Maschinenbau;Dampfkesselproduktion;nein;1;Zum Alten Zollhaus 24;Barmen;Barmen;;7.1849336;51.2933885;hausgenau;;549;;;1945-05-08;Holländer;;;
403;Siller & Jamart;Maschinenbau;Dampfkesselproduktion;nein;1;Zum Alten Zollhaus 24;Barmen;Barmen;;7.1849336;51.2933885;hausgenau;;549;;;1945-05-08;Russen;;;
404;Wilhelm Soennecken;Metallindustrie;Hammerwerk;ja;1;Blombacherbach 12;Barmen;Heckinghausen;;7.2300849;51.2577109;strassengenau;;550;31.1.1944;1944-01-31;1944-06-30;Deutsche;30;28;2
404;Wilhelm Soennecken;Metallindustrie;Hammerwerk;ja;1;Blombacherbach 12;Barmen;Heckinghausen;;7.2300849;51.2577109;strassengenau;;550;30.6.1944;1944-06-30;1944-12-31;Deutsche;31;29;2
404;Wilhelm Soennecken;Metallindustrie;Hammerwerk;ja;1;Blombacherbach 12;Barmen;Heckinghausen;;7.2300849;51.2577109;strassengenau;;550;30.6.1944;1944-06-30;1944-12-31;Westarbeiter;3;3;
404;Wilhelm Soennecken;Metallindustrie;Hammerwerk;ja;1;Blombacherbach 12;Barmen;Heckinghausen;;7.2300849;51.2577109;strassengenau;;550;31.12.1944;1944-12-31;1945-05-08;Deutsche;32;30;2
404;Wilhelm Soennecken;Metallindustrie;Hammerwerk;ja;1;Blombacherbach 12;Barmen;Heckinghausen;;7.2300849;51.2577109;strassengenau;;550;31.12.1944;1944-12-31;1945-05-08;Westarbeiter;4;4;
405;Gebrüder Sonntag;Handel / Dienstleistungen;Früchtegroßhandlung;nein;1;Luisenstraße 94;Elberfeld;Elberfeld;;7.1378855;51.2567881;hausgenau;;550;27.4.1943;1943-04-27;1945-05-08;Niederländer;;;
406;Wilhelm Sopp;unbekannt;Wuppertal (0. Angaben);ja;1;Wupperstr. 35;Elberfeld;Elberfeld;;7.1571388;51.2572601;strassengenau;;550;27.4.1943;1943-04-27;1945-05-08;Franzosen;;;
407;Specht Elektrizitätsgesellschaft;xxx;;unbekannt;1;Schwanenstr. 33;Elberfeld;Elberfeld;;7.1467931;51.2575756;hausgenau;;550;27.4.1943;1943-04-27;1945-05-08;Polen;;;
408;Carl Speer & Co.;Logistik;Spedition;nein;1;Weidenstr. 24;Elberfeld;Elberfeld;;7.141758;51.2484915;hausgenau;;550;27.4.1943;1943-04-27;1945-05-08;Franzosen;;;
408;Carl Speer & Co.;Logistik;Spedition;nein;1;Weidenstr. 24;Elberfeld;Elberfeld;;7.141758;51.2484915;hausgenau;;550;27.4.1943;1943-04-27;1945-05-08;Niederländer;;;
408;Carl Speer & Co.;Logistik;Spedition;nein;1;Weidenstr. 24;Elberfeld;Elberfeld;;7.141758;51.2484915;hausgenau;;550;;;1945-05-08;Ostarbeiter;;;
408;Carl Speer & Co.;Logistik;Spedition;nein;1;Weidenstr. 24;Elberfeld;Elberfeld;;7.141758;51.2484915;hausgenau;;550;;;1945-05-08;Westarbeiter;;;
409;H. Spelleken Nachf. KG;Maschinenbau;Maschinenfabrik;nein;1;Rheinische Straße 14;Barmen;Oberbarmen;;7.2378052;51.2901568;strassengenau;;550;28.10.1942;1942-10-28;1943-04-27;Ostarbeiter;28;28;0
409;H. Spelleken Nachf. KG;Maschinenbau;Maschinenfabrik;nein;1;Rheinische Straße 14;Barmen;Oberbarmen;;7.2378052;51.2901568;strassengenau;;550;27.4.1943;1943-04-27;1944-03-11;Ostarbeiter;46;43;3
409;H. Spelleken Nachf. KG;Maschinenbau;Maschinenfabrik;nein;1;Rheinische Straße 14;Barmen;Oberbarmen;;7.2378052;51.2901568;strassengenau;;550;27.4.1943;1943-04-27;1945-05-08;Franzosen;;;
409;H. Spelleken Nachf. KG;Maschinenbau;Maschinenfabrik;nein;1;Rheinische Straße 14;Barmen;Oberbarmen;;7.2378052;51.2901568;strassengenau;;550;27.4.1943;1943-04-27;1945-05-08;Belgier;;;
409;H. Spelleken Nachf. KG;Maschinenbau;Maschinenfabrik;nein;1;Rheinische Straße 14;Barmen;Oberbarmen;;7.2378052;51.2901568;strassengenau;;550;11.3.1944;1944-03-11;1944-03-31;Ostarbeiter;36;35;1
409;H. Spelleken Nachf. KG;Maschinenbau;Maschinenfabrik;nein;1;Rheinische Straße 14;Barmen;Oberbarmen;;7.2378052;51.2901568;strassengenau;;550;31.3.1944;1944-03-31;1944-06-30;Deutsche;127;105;22
409;H. Spelleken Nachf. KG;Maschinenbau;Maschinenfabrik;nein;1;Rheinische Straße 14;Barmen;Oberbarmen;;7.2378052;51.2901568;strassengenau;;550;31.3.1944;1944-03-31;1944-06-30;Westarbeiter;3;;
409;H. Spelleken Nachf. KG;Maschinenbau;Maschinenfabrik;nein;1;Rheinische Straße 14;Barmen;Oberbarmen;;7.2378052;51.2901568;strassengenau;;550;31.3.1944;1944-03-31;1944-06-30;Ostarbeiter;41;36;5
409;H. Spelleken Nachf. KG;Maschinenbau;Maschinenfabrik;nein;1;Rheinische Straße 14;Barmen;Oberbarmen;;7.2378052;51.2901568;strassengenau;;550;30.6.1944;1944-06-30;1944-11-30;Deutsche;133;107;26
409;H. Spelleken Nachf. KG;Maschinenbau;Maschinenfabrik;nein;1;Rheinische Straße 14;Barmen;Oberbarmen;;7.2378052;51.2901568;strassengenau;;550;30.6.1944;1944-06-30;1944-11-30;Westarbeiter;4;;
409;H. Spelleken Nachf. KG;Maschinenbau;Maschinenfabrik;nein;1;Rheinische Straße 14;Barmen;Oberbarmen;;7.2378052;51.2901568;strassengenau;;550;30.6.1944;1944-06-30;1944-11-30;Ostarbeiter;35;30;5
409;H. Spelleken Nachf. KG;Maschinenbau;Maschinenfabrik;nein;1;Rheinische Straße 14;Barmen;Oberbarmen;;7.2378052;51.2901568;strassengenau;;550;30.11.1944;1944-11-30;1944-12-31;Deutsche;130;93;37
409;H. Spelleken Nachf. KG;Maschinenbau;Maschinenfabrik;nein;1;Rheinische Straße 14;Barmen;Oberbarmen;;7.2378052;51.2901568;strassengenau;;550;30.11.1944;1944-11-30;1944-12-31;Westarbeiter;4;;
409;H. Spelleken Nachf. KG;Maschinenbau;Maschinenfabrik;nein;1;Rheinische Straße 14;Barmen;Oberbarmen;;7.2378052;51.2901568;strassengenau;;550;30.11.1944;1944-11-30;1944-12-31;Ostarbeiter;28;23;5
409;H. Spelleken Nachf. KG;Maschinenbau;Maschinenfabrik;nein;1;Rheinische Straße 14;Barmen;Oberbarmen;;7.2378052;51.2901568;strassengenau;;550;30.11.1944;1944-11-30;1945-05-08;Kriegsgefangene;5;;
409;H. Spelleken Nachf. KG;Maschinenbau;Maschinenfabrik;nein;1;Rheinische Straße 14;Barmen;Oberbarmen;;7.2378052;51.2901568;strassengenau;;550;31.12.1944;1944-12-31;1945-05-08;Deutsche;128;91;37
409;H. Spelleken Nachf. KG;Maschinenbau;Maschinenfabrik;nein;1;Rheinische Straße 14;Barmen;Oberbarmen;;7.2378052;51.2901568;strassengenau;;550;31.12.1944;1944-12-31;1945-05-08;Westarbeiter;4;;
409;H. Spelleken Nachf. KG;Maschinenbau;Maschinenfabrik;nein;1;Rheinische Straße 14;Barmen;Oberbarmen;;7.2378052;51.2901568;strassengenau;;550;31.12.1944;1944-12-31;1945-05-08;Ostarbeiter;27;22;5
410;Ewald Speth;Maschinenbau;Maschinenfabrik u. Drehteile;unbekannt;1;Nordstr. 27;Elberfeld;Elberfeld;;;;ohne;;550;27.4.1943;1943-04-27;1944-03-11;Ostarbeiter;20;20;0
410;Ewald Speth;Maschinenbau;Maschinenfabrik u. Drehteile;unbekannt;1;Nordstr. 27;Elberfeld;Elberfeld;;;;ohne;;550;11.3.1944;1944-03-11;1945-05-08;Ostarbeiter;34;17;17
411;Artur Spiecker;xxx;Großanstriche;nein;1;Sadowastr. 19;Elberfeld;Elberfeld-West;;7.1297099;51.2547711;hausgenau;;550;;;1945-05-08;Westarbeiter;;;
412;Paul Spieker;Elektrotechnik;Elektrotechnik, Apparate- und Werkzeugbau;nein;1;Schlössersgasse 4;Elberfeld;Elberfeld;;7.1457394;51.2575659;strassengenau;;550;27.4.1943;1943-04-27;1945-05-08;Polen;;;
413;Hermann Spier;Handel / Dienstleistungen;Fleischwarenimport;nein;1;Viehhofstr. 120;Elberfeld;Elberfeld;;7.1327644;51.2458197;hausgenau;;550;27.4.1943;1943-04-27;1945-05-08;Franzosen;;;
414;Stadthallen Gaststätte [Inhaber: W. Evers];Gastgewerbe;Gastronomie;nein;1;Johannisberg;Elberfeld;Elberfeld;;7.1452737;51.253948;strassengenau;;550;;;;;;;
415;Rudolf Staehely;Maschinenbau;Maschinenfabrik;nein;1;Linderhauser Str. 32c;Nächstebreck;Oberbarmen;;7.237436;51.29085;strassengenau;Nur straßengenau — über die Nachbarnummer 32 verortet, „32c“ ist heute nicht mehr vergeben;551;13.8.1942;1942-08-13;1942-10-28;Ostarbeiter;26;17;9
415;Rudolf Staehely;Maschinenbau;Maschinenfabrik;nein;1;Linderhauser Str. 32c;Nächstebreck;Oberbarmen;;7.237436;51.29085;strassengenau;Nur straßengenau — über die Nachbarnummer 32 verortet, „32c“ ist heute nicht mehr vergeben;551;28.10.1942;1942-10-28;1943-04-27;Ostarbeiter;27;18;9
415;Rudolf Staehely;Maschinenbau;Maschinenfabrik;nein;1;Linderhauser Str. 32c;Nächstebreck;Oberbarmen;;7.237436;51.29085;strassengenau;Nur straßengenau — über die Nachbarnummer 32 verortet, „32c“ ist heute nicht mehr vergeben;551;27.4.1943;1943-04-27;1945-05-08;Ostarbeiter;27;18;9
415;Rudolf Staehely;Maschinenbau;Maschinenfabrik;nein;1;Linderhauser Str. 32c;Nächstebreck;Oberbarmen;;7.237436;51.29085;strassengenau;Nur straßengenau — über die Nachbarnummer 32 verortet, „32c“ ist heute nicht mehr vergeben;551;27.4.1943;1943-04-27;1945-05-08;Franzosen;;;
415;Rudolf Staehely;Maschinenbau;Maschinenfabrik;nein;1;Linderhauser Str. 32c;Nächstebreck;Oberbarmen;;7.237436;51.29085;strassengenau;Nur straßengenau — über die Nachbarnummer 32 verortet, „32c“ ist heute nicht mehr vergeben;551;27.4.1943;1943-04-27;1945-05-08;Niederländer;;;
416;Wilhelm Steeger GmbH;Maschinenbau;Maschinenfabrik;ja;1;Bahnstr. 47;Vohwinkel;Vohwinkel;;7.0695892;51.2343621;strassengenau;;551;27.4.1943;1943-04-27;1945-05-08;Franzosen;;;
417;Gebrüder vom Stein;Metallindustrie;Werkzeugfabrik;nein;1;An den Friedhöfen 15;Ronsdorf;Ronsdorf;;7.2053712;51.2241732;hausgenau;;551;5.7.1944;1944-07-05;1945-05-08;Ostarbeiter;;;
418;Otto von den Steinen;xxx;Bäckermeister;ja;1;Kuchhausen 102;Cronenberg;Cronenberg;;7.1409427;51.2062472;strassengenau;;551;27.4.1943;1943-04-27;1945-05-08;Niederländer;;;
419;Steinhoff & Co. KG;xxx;Wuppertaler Kraftfutterwerke;nein;1;Schwarzbach 70-72 a;Barmen;Oberbarmen;;7.2258135;51.279296;hausgenau;;551;30.11.1942;1942-11-30;1945-05-08;Deutsche;7;5;2
419;Steinhoff & Co. KG;xxx;Wuppertaler Kraftfutterwerke;nein;1;Schwarzbach 70-72 a;Barmen;Oberbarmen;;7.2258135;51.279296;hausgenau;;551;30.11.1942;1942-11-30;1945-05-08;nicht-russische Kriegsgefangene;2;;
420;Fritz Steller;Maschinenbau;Maschinenfabrik;nein;1;Wittener Str. 73;Nächstebreck;Oberbarmen;;7.2349642;51.291313;hausgenau;;551;27.4.1943;1943-04-27;1945-05-08;Ostarbeiter;5;5;0
420;Fritz Steller;Maschinenbau;Maschinenfabrik;nein;1;Wittener Str. 73;Nächstebreck;Oberbarmen;;7.2349642;51.291313;hausgenau;;551;27.4.1943;1943-04-27;1945-05-08;Belgier;;;
421;Wilhelm Stichtmann;Bauunternehmen;Baugeschäft;nein;1;Schönebecker Str.145a;Barmen;Barmen;;7.1821298;51.2782667;hausgenau;;551;31.10.1942;1942-10-31;1945-05-08;Deutsche;93;82;11
421;Wilhelm Stichtmann;Bauunternehmen;Baugeschäft;nein;1;Schönebecker Str.145a;Barmen;Barmen;;7.1821298;51.2782667;hausgenau;;551;31.10.1942;1942-10-31;1945-05-08;Westarbeiter;108;108;
421;Wilhelm Stichtmann;Bauunternehmen;Baugeschäft;nein;1;Schönebecker Str.145a;Barmen;Barmen;;7.1821298;51.2782667;hausgenau;;551;31.10.1942;1942-10-31;1945-05-08;russische Kriegsgefangene;59;;
421;Wilhelm Stichtmann;Bauunternehmen;Baugeschäft;nein;1;Schönebecker Str.145a;Barmen;Barmen;;7.1821298;51.2782667;hausgenau;;551;27.4.1943;1943-04-27;1945-05-08;Niederländer;;;
422;Walter Stock & Sohn;Textilindustrie;Schnürriemenfabrik;nein;1;Untere Lichtenplatzerstraße 10 a;Barmen;Heckinghausen;;7.2115654;51.2706303;hausgenau;;551;27.4.1943;1943-04-27;1945-05-08;Polen;;;
423;Stocko;Metallindustrie;Metallwarenfabriken Hugo und Kurt Henkels;ja;1;Kirchhofstraße 52 a;Sonnborn;Elberfeld-West;;7.101955;51.24188;strassengenau;Nur straßengenau — über die Nachbarnummer 52 verortet, „52 a“ ist heute nicht mehr vergeben;551;13.8.1942;1942-08-13;1942-10-28;Ostarbeiter;39;39;0
423;Stocko;Metallindustrie;Metallwarenfabriken Hugo und Kurt Henkels;ja;1;Kirchhofstraße 52 a;Sonnborn;Elberfeld-West;;7.101955;51.24188;strassengenau;Nur straßengenau — über die Nachbarnummer 52 verortet, „52 a“ ist heute nicht mehr vergeben;551;28.10.1942;1942-10-28;1943-04-27;Ostarbeiter;130;40;90
423;Stocko;Metallindustrie;Metallwarenfabriken Hugo und Kurt Henkels;ja;1;Kirchhofstraße 52 a;Sonnborn;Elberfeld-West;;7.101955;51.24188;strassengenau;Nur straßengenau — über die Nachbarnummer 52 verortet, „52 a“ ist heute nicht mehr vergeben;551;27.4.1943;1943-04-27;1944-01-31;Ostarbeiter;120;51;69
423;Stocko;Metallindustrie;Metallwarenfabriken Hugo und Kurt Henkels;ja;1;Kirchhofstraße 52 a;Sonnborn;Elberfeld-West;;7.101955;51.24188;strassengenau;Nur straßengenau — über die Nachbarnummer 52 verortet, „52 a“ ist heute nicht mehr vergeben;551;27.4.1943;1943-04-27;1945-05-08;Franzosen;;;
423;Stocko;Metallindustrie;Metallwarenfabriken Hugo und Kurt Henkels;ja;1;Kirchhofstraße 52 a;Sonnborn;Elberfeld-West;;7.101955;51.24188;strassengenau;Nur straßengenau — über die Nachbarnummer 52 verortet, „52 a“ ist heute nicht mehr vergeben;551;31.1.1944;1944-01-31;1944-06-30;Deutsche;828;343;485
423;Stocko;Metallindustrie;Metallwarenfabriken Hugo und Kurt Henkels;ja;1;Kirchhofstraße 52 a;Sonnborn;Elberfeld-West;;7.101955;51.24188;strassengenau;Nur straßengenau — über die Nachbarnummer 52 verortet, „52 a“ ist heute nicht mehr vergeben;551;31.1.1944;1944-01-31;1944-06-30;Westarbeiter;43;38;5
423;Stocko;Metallindustrie;Metallwarenfabriken Hugo und Kurt Henkels;ja;1;Kirchhofstraße 52 a;Sonnborn;Elberfeld-West;;7.101955;51.24188;strassengenau;Nur straßengenau — über die Nachbarnummer 52 verortet, „52 a“ ist heute nicht mehr vergeben;551;31.1.1944;1944-01-31;1944-03-11;Ostarbeiter;128;46;82
423;Stocko;Metallindustrie;Metallwarenfabriken Hugo und Kurt Henkels;ja;1;Kirchhofstraße 52 a;Sonnborn;Elberfeld-West;;7.101955;51.24188;strassengenau;Nur straßengenau — über die Nachbarnummer 52 verortet, „52 a“ ist heute nicht mehr vergeben;551;11.3.1944;1944-03-11;1944-06-30;Ostarbeiter;123;43;80
423;Stocko;Metallindustrie;Metallwarenfabriken Hugo und Kurt Henkels;ja;1;Kirchhofstraße 52 a;Sonnborn;Elberfeld-West;;7.101955;51.24188;strassengenau;Nur straßengenau — über die Nachbarnummer 52 verortet, „52 a“ ist heute nicht mehr vergeben;551;30.6.1944;1944-06-30;1944-12-31;Deutsche;717;312;405
423;Stocko;Metallindustrie;Metallwarenfabriken Hugo und Kurt Henkels;ja;1;Kirchhofstraße 52 a;Sonnborn;Elberfeld-West;;7.101955;51.24188;strassengenau;Nur straßengenau — über die Nachbarnummer 52 verortet, „52 a“ ist heute nicht mehr vergeben;551;30.6.1944;1944-06-30;1944-12-31;Westarbeiter;38;34;4
423;Stocko;Metallindustrie;Metallwarenfabriken Hugo und Kurt Henkels;ja;1;Kirchhofstraße 52 a;Sonnborn;Elberfeld-West;;7.101955;51.24188;strassengenau;Nur straßengenau — über die Nachbarnummer 52 verortet, „52 a“ ist heute nicht mehr vergeben;551;30.6.1944;1944-06-30;1944-12-31;Ostarbeiter;104;34;70
423;Stocko;Metallindustrie;Metallwarenfabriken Hugo und Kurt Henkels;ja;1;Kirchhofstraße 52 a;Sonnborn;Elberfeld-West;;7.101955;51.24188;strassengenau;Nur straßengenau — über die Nachbarnummer 52 verortet, „52 a“ ist heute nicht mehr vergeben;551;31.12.1944;1944-12-31;1945-05-08;Deutsche;770;317;453
423;Stocko;Metallindustrie;Metallwarenfabriken Hugo und Kurt Henkels;ja;1;Kirchhofstraße 52 a;Sonnborn;Elberfeld-West;;7.101955;51.24188;strassengenau;Nur straßengenau — über die Nachbarnummer 52 verortet, „52 a“ ist heute nicht mehr vergeben;551;31.12.1944;1944-12-31;1945-05-08;Westarbeiter;35;32;2
423;Stocko;Metallindustrie;Metallwarenfabriken Hugo und Kurt Henkels;ja;1;Kirchhofstraße 52 a;Sonnborn;Elberfeld-West;;7.101955;51.24188;strassengenau;Nur straßengenau — über die Nachbarnummer 52 verortet, „52 a“ ist heute nicht mehr vergeben;551;31.12.1944;1944-12-31;1945-05-08;Ostarbeiter;117;38;79
425;Carl Straßmann;Druckwesen;Druckerei;nein;1;Reichsstraße 1;Barmen;Heckinghausen;;7.2076042;51.2722329;hausgenau;;551;;;1945-05-08;Russen;1;;1
426;Striebeck & Dierichs;Metallindustrie;Gelenkkettenfabrik;ja;1;Germanenstr. 35-37;Barmen;Oberbarmen;;7.2081298;51.279178;hausgenau;;552;27.4.1943;1943-04-27;1945-05-08;Franzosen;;;
426;Striebeck & Dierichs;Metallindustrie;Gelenkkettenfabrik;ja;1;Germanenstr. 35-37;Barmen;Oberbarmen;;7.2081298;51.279178;hausgenau;;552;31.7.1943;1943-07-31;1945-05-08;Deutsche;11;9;2
426;Striebeck & Dierichs;Metallindustrie;Gelenkkettenfabrik;ja;1;Germanenstr. 35-37;Barmen;Oberbarmen;;7.2081298;51.279178;hausgenau;;552;31.7.1943;1943-07-31;1945-05-08;Westarbeiter;2;;
427;Svensson & Kuhler;Metallindustrie;Präzisionswerkzeugefabrik;nein;1;Simonsstr. 1a-3a;Elberfeld;Elberfeld-West;;7.131661;51.2498573;strassengenau;;552;30.11.1942;1942-11-30;1945-05-08;Deutsche;68;60;8
427;Svensson & Kuhler;Metallindustrie;Präzisionswerkzeugefabrik;nein;1;Simonsstr. 1a-3a;Elberfeld;Elberfeld-West;;7.131661;51.2498573;strassengenau;;552;30.11.1942;1942-11-30;1945-05-08;Westarbeiter;1;1;
427;Svensson & Kuhler;Metallindustrie;Präzisionswerkzeugefabrik;nein;1;Simonsstr. 1a-3a;Elberfeld;Elberfeld-West;;7.131661;51.2498573;strassengenau;;552;27.4.1943;1943-04-27;1945-05-08;Belgier;;;
428;Carl Aug. Tesche;Metallindustrie;Werkzeugfabrik;nein;1;Teschensudberg 6;Cronenberg;Cronenberg;;7.1339245;51.1812781;ungefaehr;;552;;;1945-05-08;Ostarbeiter;3;2;1
429;Textilfaser KG M. E. Korff;Textilindustrie;;nein;1;Heckinghauser Str. 263-265;Barmen;Heckinghausen;;7.2305913;51.2707702;hausgenau;;552;1943;1943-01-01;1943-04-27;Belgier;;;
429;Textilfaser KG M. E. Korff;Textilindustrie;;nein;1;Heckinghauser Str. 263-265;Barmen;Heckinghausen;;7.2305913;51.2707702;hausgenau;;552;27.4.1943;1943-04-27;1944-03-11;Ostarbeiter;24;0;24
429;Textilfaser KG M. E. Korff;Textilindustrie;;nein;1;Heckinghauser Str. 263-265;Barmen;Heckinghausen;;7.2305913;51.2707702;hausgenau;;552;27.4.1943;1943-04-27;1945-05-08;Belgier;;;
429;Textilfaser KG M. E. Korff;Textilindustrie;;nein;1;Heckinghauser Str. 263-265;Barmen;Heckinghausen;;7.2305913;51.2707702;hausgenau;;552;11.3.1944;1944-03-11;1945-05-08;Ostarbeiter;54;20;18
430;Ernst Thielenhaus;Maschinenbau;Maschinenfabrik;ja;1;Rudolfstraße 2-4;Barmen;Barmen;;7.1617982;51.2670786;hausgenau;;552;13.8.1942;1942-08-13;1942-10-28;Ostarbeiter;30;0;30
430;Ernst Thielenhaus;Maschinenbau;Maschinenfabrik;ja;1;Rudolfstraße 2-4;Barmen;Barmen;;7.1617982;51.2670786;hausgenau;;552;28.10.1942;1942-10-28;1943-04-27;Ostarbeiter;30;0;30
430;Ernst Thielenhaus;Maschinenbau;Maschinenfabrik;ja;1;Rudolfstraße 2-4;Barmen;Barmen;;7.1617982;51.2670786;hausgenau;;552;27.4.1943;1943-04-27;1944-03-11;Ostarbeiter;40;0;40
430;Ernst Thielenhaus;Maschinenbau;Maschinenfabrik;ja;1;Rudolfstraße 2-4;Barmen;Barmen;;7.1617982;51.2670786;hausgenau;;552;11.3.1944;1944-03-11;1945-05-08;Ostarbeiter;21;0;21
430;Ernst Thielenhaus;Maschinenbau;Maschinenfabrik;ja;1;Rudolfstraße 2-4;Barmen;Barmen;;7.1617982;51.2670786;hausgenau;;552;;;1945-05-08;Ukrainer;30;0;30
430;Ernst Thielenhaus;Maschinenbau;Maschinenfabrik;ja;1;Rudolfstraße 2-4;Barmen;Barmen;;7.1617982;51.2670786;hausgenau;;552;;;1945-05-08;Estinnen;2;;2
430;Ernst Thielenhaus;Maschinenbau;Maschinenfabrik;ja;1;Rudolfstraße 2-4;Barmen;Barmen;;7.1617982;51.2670786;hausgenau;;552;;;1945-05-08;Russen;8;;
430;Ernst Thielenhaus;Maschinenbau;Maschinenfabrik;ja;1;Rudolfstraße 2-4;Barmen;Barmen;;7.1617982;51.2670786;hausgenau;;552;;;1945-05-08;Niederländer;2;;
430;Ernst Thielenhaus;Maschinenbau;Maschinenfabrik;ja;1;Rudolfstraße 2-4;Barmen;Barmen;;7.1617982;51.2670786;hausgenau;;552;;;1945-05-08;Franzosen;3;;
430;Ernst Thielenhaus;Maschinenbau;Maschinenfabrik;ja;1;Rudolfstraße 2-4;Barmen;Barmen;;7.1617982;51.2670786;hausgenau;;552;;;1945-05-08;italienische Kriegsgefangene;28;;
431;Maschinenfabrik Tienes;Maschinenbau;Maschinenfabrik;nein;1;Löhrerlen 117 b;Wichlinghausen;Oberbarmen;;7.239446;51.291136;strassengenau;Nur straßengenau — über die Nachbarnummer 117 verortet, „117 b“ ist heute nicht mehr vergeben;552;;;1945-05-08;Westarbeiter;14;;
432;Lebrecht Tigges;Metallindustrie;Schrauben- und Werkzeuge;ja;1;Kemmanstr. 26;Cronenberg;Cronenberg;;7.1329016;51.2051424;hausgenau;;552;5.7.1944;1944-07-05;1945-05-08;Ostarbeiter;;;
433;Lebrecht Töllner;Metallindustrie;Schrauben- und Werkzeugfabrike;nein;1;Eich 1;Cronenberg;Cronenberg;;7.1323006;51.2028777;strassengenau;;552;;;1945-05-08;Ostarbeiter;;;
433;Lebrecht Töllner;Metallindustrie;Schrauben- und Werkzeugfabrike;nein;1;Eich 1;Cronenberg;Cronenberg;;7.1323006;51.2028777;strassengenau;;552;;;1945-05-08;Westarbeiter;;;
434;Adolf Toenges;Möbelindustrie;Möbelstoffweberei;nein;1;Vereinstraße 17a;Elberfeld;Elberfeld;;7.1533067;51.2532796;strassengenau;;552;27.4.1943;1943-04-27;1945-05-08;Belgier;;;
435;Tornax GmbH;Kraftfahrzeugindustrie;Fahrzeug- & Apparatebau;nein;1;Schwelmer Straße 100-108;Langerfeld;Langerfeld-Beyenburg;;7.2548373;51.2756452;hausgenau;;552;30.11.1942;1942-11-30;1945-05-08;Deutsche;46;35;11
435;Tornax GmbH;Kraftfahrzeugindustrie;Fahrzeug- & Apparatebau;nein;1;Schwelmer Straße 100-108;Langerfeld;Langerfeld-Beyenburg;;7.2548373;51.2756452;hausgenau;;552;30.11.1942;1942-11-30;1943-04-27;Ostarbeiter;8;;8
435;Tornax GmbH;Kraftfahrzeugindustrie;Fahrzeug- & Apparatebau;nein;1;Schwelmer Straße 100-108;Langerfeld;Langerfeld-Beyenburg;;7.2548373;51.2756452;hausgenau;;552;30.11.1942;1942-11-30;1945-05-08;nicht-russische Kriegsgefangene;4;;
435;Tornax GmbH;Kraftfahrzeugindustrie;Fahrzeug- & Apparatebau;nein;1;Schwelmer Straße 100-108;Langerfeld;Langerfeld-Beyenburg;;7.2548373;51.2756452;hausgenau;;552;27.4.1943;1943-04-27;1944-03-11;Ostarbeiter;15;0;15
435;Tornax GmbH;Kraftfahrzeugindustrie;Fahrzeug- & Apparatebau;nein;1;Schwelmer Straße 100-108;Langerfeld;Langerfeld-Beyenburg;;7.2548373;51.2756452;hausgenau;;552;11.3.1944;1944-03-11;1945-05-08;Ostarbeiter;19;0;19
436;Trierer Walzwerk AG;Metallindustrie;;nein;1;Schwelmer Straße 156;Wuppertal-Langerfeld;Langerfeld-Beyenburg;;7.2632745;51.2767675;hausgenau;;552;27.4.1943;1943-04-27;1944-03-11;Ostarbeiter;28;28;0
436;Trierer Walzwerk AG;Metallindustrie;;nein;1;Schwelmer Straße 156;Wuppertal-Langerfeld;Langerfeld-Beyenburg;;7.2632745;51.2767675;hausgenau;;552;11.3.1944;1944-03-11;1945-05-08;Ostarbeiter;29;27;2
437;Turmhof Gaststätte [Inhaber Karl Siebenlist, Teilhaber Mathilde Labriola und G. Labriola Erben];Gastgewerbe;;nein;1;Turmhof 2;Elberfeld;Elberfeld;;7.1475763;51.2573043;hausgenau;;552–553;;;1945-05-08;Ostarbeiter;;;
437;Turmhof Gaststätte [Inhaber Karl Siebenlist, Teilhaber Mathilde Labriola und G. Labriola Erben];Gastgewerbe;;nein;1;Turmhof 2;Elberfeld;Elberfeld;;7.1475763;51.2573043;hausgenau;;552–553;;;1945-05-08;Westarbeiter;;;
438;Vereinigte Glanzstoff-Fabriken A.G.;Textilindustrie;Textilindustrie;unbekannt;1;Auer-Schulstraße 14-16;Elberfeld;Elberfeld;;7.1397547;51.2554086;strassengenau;;552–553;30.6.1944;1944-06-30;1945-05-08;Ausländer ohne Nationalitätenangabe;36;29;7
439;Vereinigung Wuppertaler Kohlenhändler;xxx;;nein;1;Kölner Str. 94;Elberfeld;Elberfeld;;7.1430529;51.2517224;strassengenau;;552–553;27.4.1943;1943-04-27;1944-07-13;Polen;;;
439;Vereinigung Wuppertaler Kohlenhändler;xxx;;nein;1;Kölner Str. 94;Elberfeld;Elberfeld;;7.1430529;51.2517224;strassengenau;;552–553;5.7.1944;1944-07-05;1945-05-08;Ostarbeiter;;;
439;Vereinigung Wuppertaler Kohlenhändler;xxx;;nein;1;Kölner Str. 94;Elberfeld;Elberfeld;;7.1430529;51.2517224;strassengenau;;552–553;13.7.1944;1944-07-13;1945-05-08;Polen;80;80;0
439;Vereinigung Wuppertaler Kohlenhändler;xxx;;nein;1;Kölner Str. 94;Elberfeld;Elberfeld;;7.1430529;51.2517224;strassengenau;;552–553;;;1945-05-08;Westarbeiter;;;
440;Paul Vetter Maschinen KG;Maschinenbau;Maschinenfabrik;nein;1;Wittener Straße 31 a;Barmen;Oberbarmen;;7.2320192;51.2880727;hausgenau;;552–553;5.7.1944;1944-07-05;1945-05-08;Ostarbeiter;;;
441;„Vauco“ Lederwarenfabrik Viehoff & Co.;Textilindustrie;Lederwaren;nein;1;Wichlinghauser Str. 47a;Barmen;Oberbarmen;;7.21859;51.279002;strassengenau;Nur straßengenau — über die Nachbarnummer 47 verortet, „47a“ ist heute nicht mehr vergeben;553;31.12.1942;1942-12-31;1945-05-08;Deutsche;56;49;7
441;„Vauco“ Lederwarenfabrik Viehoff & Co.;Textilindustrie;Lederwaren;nein;1;Wichlinghauser Str. 47a;Barmen;Oberbarmen;;7.21859;51.279002;strassengenau;Nur straßengenau — über die Nachbarnummer 47 verortet, „47a“ ist heute nicht mehr vergeben;553;31.12.1942;1942-12-31;1945-05-08;Westarbeiter;14;14;
441;„Vauco“ Lederwarenfabrik Viehoff & Co.;Textilindustrie;Lederwaren;nein;1;Wichlinghauser Str. 47a;Barmen;Oberbarmen;;7.21859;51.279002;strassengenau;Nur straßengenau — über die Nachbarnummer 47 verortet, „47a“ ist heute nicht mehr vergeben;553;31.12.1942;1942-12-31;1945-05-08;Juden;7;;
442;Visser & Co.;Baustoffe;Gipsplattenwerk;nein;1;Funckstraße o. Nr.;Elberfeld;Elberfeld-West;;7.1251836;51.2607003;strassengenau;;553;30.6.1944;1944-06-30;1945-05-08;Ausländer ohne Nationalitätenangabe;2;2;
443;Friedrich Vohwinkel;Lebensmittelindustrie;Pumpernickelfabrik;nein;1;Im Ostersiepen 1;Elberfeld;Elberfeld;;7.1461201;51.2444081;strassengenau;;553;;;1945-05-08;Ostarbeiter;2;2;
443;Friedrich Vohwinkel;Lebensmittelindustrie;Pumpernickelfabrik;nein;1;Im Ostersiepen 1;Elberfeld;Elberfeld;;7.1461201;51.2444081;strassengenau;;553;;;1945-05-08;Westarbeiter;4;4;
444;Wilhelm Vonzumhoff;Kraftfahrzeugindustrie;Automobile;ja;1;Gutenbergstr. 38;Elberfeld;Elberfeld-West;;7.128081;51.2487502;strassengenau;;553;27.4.1943;1943-04-27;1945-05-08;Polen;;;
444;Wilhelm Vonzumhoff;Kraftfahrzeugindustrie;Automobile;ja;1;Gutenbergstr. 38;Elberfeld;Elberfeld-West;;7.128081;51.2487502;strassengenau;;553;27.4.1943;1943-04-27;1945-05-08;Franzosen;;;
444;Wilhelm Vonzumhoff;Kraftfahrzeugindustrie;Automobile;ja;1;Gutenbergstr. 38;Elberfeld;Elberfeld-West;;7.128081;51.2487502;strassengenau;;553;27.4.1943;1943-04-27;1945-05-08;Belgier;;;
444;Wilhelm Vonzumhoff;Kraftfahrzeugindustrie;Automobile;ja;1;Gutenbergstr. 38;Elberfeld;Elberfeld-West;;7.128081;51.2487502;strassengenau;;553;;;1945-05-08;Westarbeiter;9;9;
445;Rudolf Wilhelm Vornhagen;Baustoffe;Grubenholz und Baumaterial;nein;1;Kronprinzenallee 76;Elberfeld;Elberfeld;;7.1565781;51.2483501;hausgenau;;553;;;1945-05-08;Westarbeiter;12;12;
446;Vorsteher & Bünger;Textilindustrie;Band- und Flechterzeugnisse;nein;1;Wichlinghauser Str. 38-40;Barmen;Oberbarmen;;7.2186446;51.2782191;hausgenau;;553;13.8.1942;1942-08-13;1942-10-28;Ostarbeiter;62;0;62
446;Vorsteher & Bünger;Textilindustrie;Band- und Flechterzeugnisse;nein;1;Wichlinghauser Str. 38-40;Barmen;Oberbarmen;;7.2186446;51.2782191;hausgenau;;553;28.10.1942;1942-10-28;1943-04-27;Ostarbeiter;49;0;49
446;Vorsteher & Bünger;Textilindustrie;Band- und Flechterzeugnisse;nein;1;Wichlinghauser Str. 38-40;Barmen;Oberbarmen;;7.2186446;51.2782191;hausgenau;;553;27.4.1943;1943-04-27;1944-03-11;Ostarbeiter;53;0;53
446;Vorsteher & Bünger;Textilindustrie;Band- und Flechterzeugnisse;nein;1;Wichlinghauser Str. 38-40;Barmen;Oberbarmen;;7.2186446;51.2782191;hausgenau;;553;27.4.1943;1943-04-27;1945-05-08;Niederländer;;;
446;Vorsteher & Bünger;Textilindustrie;Band- und Flechterzeugnisse;nein;1;Wichlinghauser Str. 38-40;Barmen;Oberbarmen;;7.2186446;51.2782191;hausgenau;;553;11.3.1944;1944-03-11;1945-05-08;Ostarbeiter;33;0;33
446;Vorsteher & Bünger;Textilindustrie;Band- und Flechterzeugnisse;nein;1;Wichlinghauser Str. 38-40;Barmen;Oberbarmen;;7.2186446;51.2782191;hausgenau;;553;30.6.1944;1944-06-30;1945-05-08;Ausländer ohne Nationalitätenangabe;4;;
447;Vorwerk & Co.;Textilindustrie;Teppichweberei und Elektromaschinen;ja;1;Mühlenweg 23-25;Barmen;Barmen;;7.200187;51.274023;strassengenau;Nur straßengenau — über Nr. 25 verortet, die einzige aus dem überlieferten Bereich 23–25, die es heute noch gibt;553;13.8.1942;1942-08-13;1942-10-28;Ostarbeiter;101;29;72
447;Vorwerk & Co.;Textilindustrie;Teppichweberei und Elektromaschinen;ja;1;Mühlenweg 23-25;Barmen;Barmen;;7.200187;51.274023;strassengenau;Nur straßengenau — über Nr. 25 verortet, die einzige aus dem überlieferten Bereich 23–25, die es heute noch gibt;553;28.10.1942;1942-10-28;1943-04-27;Ostarbeiter;149;32;117
447;Vorwerk & Co.;Textilindustrie;Teppichweberei und Elektromaschinen;ja;1;Mühlenweg 23-25;Barmen;Barmen;;7.200187;51.274023;strassengenau;Nur straßengenau — über Nr. 25 verortet, die einzige aus dem überlieferten Bereich 23–25, die es heute noch gibt;553;27.4.1943;1943-04-27;1944-01-31;Ostarbeiter;148;32;116
447;Vorwerk & Co.;Textilindustrie;Teppichweberei und Elektromaschinen;ja;1;Mühlenweg 23-25;Barmen;Barmen;;7.200187;51.274023;strassengenau;Nur straßengenau — über Nr. 25 verortet, die einzige aus dem überlieferten Bereich 23–25, die es heute noch gibt;553;27.4.1943;1943-04-27;1945-05-08;Franzosen;;;
447;Vorwerk & Co.;Textilindustrie;Teppichweberei und Elektromaschinen;ja;1;Mühlenweg 23-25;Barmen;Barmen;;7.200187;51.274023;strassengenau;Nur straßengenau — über Nr. 25 verortet, die einzige aus dem überlieferten Bereich 23–25, die es heute noch gibt;553;27.4.1943;1943-04-27;1945-05-08;Belgier;;;
447;Vorwerk & Co.;Textilindustrie;Teppichweberei und Elektromaschinen;ja;1;Mühlenweg 23-25;Barmen;Barmen;;7.200187;51.274023;strassengenau;Nur straßengenau — über Nr. 25 verortet, die einzige aus dem überlieferten Bereich 23–25, die es heute noch gibt;553;27.4.1943;1943-04-27;1945-05-08;Niederländer;;;
447;Vorwerk & Co.;Textilindustrie;Teppichweberei und Elektromaschinen;ja;1;Mühlenweg 23-25;Barmen;Barmen;;7.200187;51.274023;strassengenau;Nur straßengenau — über Nr. 25 verortet, die einzige aus dem überlieferten Bereich 23–25, die es heute noch gibt;553;31.1.1944;1944-01-31;1944-06-30;Deutsche;731;477;254
447;Vorwerk & Co.;Textilindustrie;Teppichweberei und Elektromaschinen;ja;1;Mühlenweg 23-25;Barmen;Barmen;;7.200187;51.274023;strassengenau;Nur straßengenau — über Nr. 25 verortet, die einzige aus dem überlieferten Bereich 23–25, die es heute noch gibt;553;31.1.1944;1944-01-31;1944-06-30;Westarbeiter;81;63;18
447;Vorwerk & Co.;Textilindustrie;Teppichweberei und Elektromaschinen;ja;1;Mühlenweg 23-25;Barmen;Barmen;;7.200187;51.274023;strassengenau;Nur straßengenau — über Nr. 25 verortet, die einzige aus dem überlieferten Bereich 23–25, die es heute noch gibt;553;31.1.1944;1944-01-31;1944-03-11;Ostarbeiter;144;25;119
447;Vorwerk & Co.;Textilindustrie;Teppichweberei und Elektromaschinen;ja;1;Mühlenweg 23-25;Barmen;Barmen;;7.200187;51.274023;strassengenau;Nur straßengenau — über Nr. 25 verortet, die einzige aus dem überlieferten Bereich 23–25, die es heute noch gibt;553;11.3.1944;1944-03-11;1944-06-30;Ostarbeiter;162;38;124
447;Vorwerk & Co.;Textilindustrie;Teppichweberei und Elektromaschinen;ja;1;Mühlenweg 23-25;Barmen;Barmen;;7.200187;51.274023;strassengenau;Nur straßengenau — über Nr. 25 verortet, die einzige aus dem überlieferten Bereich 23–25, die es heute noch gibt;553;30.6.1944;1944-06-30;1945-05-08;Ausländer ohne Nationalitätenangabe;195;;
447;Vorwerk & Co.;Textilindustrie;Teppichweberei und Elektromaschinen;ja;1;Mühlenweg 23-25;Barmen;Barmen;;7.200187;51.274023;strassengenau;Nur straßengenau — über Nr. 25 verortet, die einzige aus dem überlieferten Bereich 23–25, die es heute noch gibt;553;30.6.1944;1944-06-30;1944-12-31;Deutsche;820;540;280
447;Vorwerk & Co.;Textilindustrie;Teppichweberei und Elektromaschinen;ja;1;Mühlenweg 23-25;Barmen;Barmen;;7.200187;51.274023;strassengenau;Nur straßengenau — über Nr. 25 verortet, die einzige aus dem überlieferten Bereich 23–25, die es heute noch gibt;553;30.6.1944;1944-06-30;1944-12-31;Westarbeiter;75;59;16
447;Vorwerk & Co.;Textilindustrie;Teppichweberei und Elektromaschinen;ja;1;Mühlenweg 23-25;Barmen;Barmen;;7.200187;51.274023;strassengenau;Nur straßengenau — über Nr. 25 verortet, die einzige aus dem überlieferten Bereich 23–25, die es heute noch gibt;553;30.6.1944;1944-06-30;1944-12-31;Ostarbeiter;122;25;97
447;Vorwerk & Co.;Textilindustrie;Teppichweberei und Elektromaschinen;ja;1;Mühlenweg 23-25;Barmen;Barmen;;7.200187;51.274023;strassengenau;Nur straßengenau — über Nr. 25 verortet, die einzige aus dem überlieferten Bereich 23–25, die es heute noch gibt;553;31.12.1944;1944-12-31;1945-05-08;Deutsche;821;502;319
447;Vorwerk & Co.;Textilindustrie;Teppichweberei und Elektromaschinen;ja;1;Mühlenweg 23-25;Barmen;Barmen;;7.200187;51.274023;strassengenau;Nur straßengenau — über Nr. 25 verortet, die einzige aus dem überlieferten Bereich 23–25, die es heute noch gibt;553;31.12.1944;1944-12-31;1945-05-08;Westarbeiter;191;148;43
447;Vorwerk & Co.;Textilindustrie;Teppichweberei und Elektromaschinen;ja;1;Mühlenweg 23-25;Barmen;Barmen;;7.200187;51.274023;strassengenau;Nur straßengenau — über Nr. 25 verortet, die einzige aus dem überlieferten Bereich 23–25, die es heute noch gibt;553;31.12.1944;1944-12-31;1945-05-08;Ostarbeiter;133;29;104
447;Vorwerk & Co.;Textilindustrie;Teppichweberei und Elektromaschinen;ja;1;Mühlenweg 23-25;Barmen;Barmen;;7.200187;51.274023;strassengenau;Nur straßengenau — über Nr. 25 verortet, die einzige aus dem überlieferten Bereich 23–25, die es heute noch gibt;553;31.12.1944;1944-12-31;1945-05-08;russische Kriegsgefangene;22;;
448;Vorwerk & Sohn;Textilindustrie;Textil- und Gummiwerke;ja;1;Obere Lichtenplatzer Str. 336;Barmen;Barmen;;7.1916989;51.2464183;hausgenau;;554;1941 [nur kurzzeitig];1941-01-01;1945-05-08;polnische Kriegsgefangene;;;
448;Vorwerk & Sohn;Textilindustrie;Textil- und Gummiwerke;ja;1;Obere Lichtenplatzer Str. 336;Barmen;Barmen;;7.1916989;51.2464183;hausgenau;;554;13.8.1942;1942-08-13;1942-10-28;Ostarbeiter;192;126;66
448;Vorwerk & Sohn;Textilindustrie;Textil- und Gummiwerke;ja;1;Obere Lichtenplatzer Str. 336;Barmen;Barmen;;7.1916989;51.2464183;hausgenau;;554;28.10.1942;1942-10-28;1943-04-27;Ostarbeiter;249;121;128
448;Vorwerk & Sohn;Textilindustrie;Textil- und Gummiwerke;ja;1;Obere Lichtenplatzer Str. 336;Barmen;Barmen;;7.1916989;51.2464183;hausgenau;;554;27.4.1943;1943-04-27;1944-03-11;Ostarbeiter;300;147;153
448;Vorwerk & Sohn;Textilindustrie;Textil- und Gummiwerke;ja;1;Obere Lichtenplatzer Str. 336;Barmen;Barmen;;7.1916989;51.2464183;hausgenau;;554;27.4.1943;1943-04-27;1945-05-08;Polen;;;
448;Vorwerk & Sohn;Textilindustrie;Textil- und Gummiwerke;ja;1;Obere Lichtenplatzer Str. 336;Barmen;Barmen;;7.1916989;51.2464183;hausgenau;;554;27.4.1943;1943-04-27;1945-05-08;Belgier;;;
448;Vorwerk & Sohn;Textilindustrie;Textil- und Gummiwerke;ja;1;Obere Lichtenplatzer Str. 336;Barmen;Barmen;;7.1916989;51.2464183;hausgenau;;554;27.4.1943;1943-04-27;1945-05-08;Niederländer;;;
448;Vorwerk & Sohn;Textilindustrie;Textil- und Gummiwerke;ja;1;Obere Lichtenplatzer Str. 336;Barmen;Barmen;;7.1916989;51.2464183;hausgenau;;554;11.3.1944;1944-03-11;1945-05-08;Ostarbeiter;272;100;172
448;Vorwerk & Sohn;Textilindustrie;Textil- und Gummiwerke;ja;1;Obere Lichtenplatzer Str. 336;Barmen;Barmen;;7.1916989;51.2464183;hausgenau;;554;30.6.1944;1944-06-30;1945-05-08;Ausländer ohne Nationalitätenangabe;479;;
448;Vorwerk & Sohn;Textilindustrie;Textil- und Gummiwerke;ja;1;Obere Lichtenplatzer Str. 336;Barmen;Barmen;;7.1916989;51.2464183;hausgenau;;554;12.1944;1944-12-01;1945-05-08;russische Kriegsgefangene;147;;
448.1;Vorwerk & Sohn [nur Gummiwerk];Textilindustrie;Textil- und Gummiwerke;;1;Obere Lichtenplatzer Str. 336;Barmen;Barmen;;7.1916989;51.2464183;hausgenau;;554;31.1.1944;1944-01-31;1944-03-31;Deutsche;534;368;166
448.1;Vorwerk & Sohn [nur Gummiwerk];Textilindustrie;Textil- und Gummiwerke;;1;Obere Lichtenplatzer Str. 336;Barmen;Barmen;;7.1916989;51.2464183;hausgenau;;554;31.1.1944;1944-01-31;1944-03-31;Westarbeiter;143;131;12
448.1;Vorwerk & Sohn [nur Gummiwerk];Textilindustrie;Textil- und Gummiwerke;;1;Obere Lichtenplatzer Str. 336;Barmen;Barmen;;7.1916989;51.2464183;hausgenau;;554;31.1.1944;1944-01-31;1944-03-31;Ostarbeiter;337;167;170
448.1;Vorwerk & Sohn [nur Gummiwerk];Textilindustrie;Textil- und Gummiwerke;;1;Obere Lichtenplatzer Str. 336;Barmen;Barmen;;7.1916989;51.2464183;hausgenau;;554;31.1.1944;1944-01-31;1944-03-31;russische Kriegsgefangene;100;;
448.1;Vorwerk & Sohn [nur Gummiwerk];Textilindustrie;Textil- und Gummiwerke;;1;Obere Lichtenplatzer Str. 336;Barmen;Barmen;;7.1916989;51.2464183;hausgenau;;554;31.3.1944;1944-03-31;1944-04-30;Deutsche;538;368;170
448.1;Vorwerk & Sohn [nur Gummiwerk];Textilindustrie;Textil- und Gummiwerke;;1;Obere Lichtenplatzer Str. 336;Barmen;Barmen;;7.1916989;51.2464183;hausgenau;;554;31.3.1944;1944-03-31;1944-04-30;Westarbeiter;114;103;11
448.1;Vorwerk & Sohn [nur Gummiwerk];Textilindustrie;Textil- und Gummiwerke;;1;Obere Lichtenplatzer Str. 336;Barmen;Barmen;;7.1916989;51.2464183;hausgenau;;554;31.3.1944;1944-03-31;1944-04-30;Ostarbeiter;291;131;160
448.1;Vorwerk & Sohn [nur Gummiwerk];Textilindustrie;Textil- und Gummiwerke;;1;Obere Lichtenplatzer Str. 336;Barmen;Barmen;;7.1916989;51.2464183;hausgenau;;554;31.3.1944;1944-03-31;1944-04-30;russische Kriegsgefangene;143;;
448.1;Vorwerk & Sohn [nur Gummiwerk];Textilindustrie;Textil- und Gummiwerke;;1;Obere Lichtenplatzer Str. 336;Barmen;Barmen;;7.1916989;51.2464183;hausgenau;;554;30.4.1944;1944-04-30;1944-06-30;Deutsche;536;368;168
448.1;Vorwerk & Sohn [nur Gummiwerk];Textilindustrie;Textil- und Gummiwerke;;1;Obere Lichtenplatzer Str. 336;Barmen;Barmen;;7.1916989;51.2464183;hausgenau;;554;30.4.1944;1944-04-30;1944-06-30;Westarbeiter;116;105;11
448.1;Vorwerk & Sohn [nur Gummiwerk];Textilindustrie;Textil- und Gummiwerke;;1;Obere Lichtenplatzer Str. 336;Barmen;Barmen;;7.1916989;51.2464183;hausgenau;;554;30.4.1944;1944-04-30;1944-06-30;Ostarbeiter;288;130;158
448.1;Vorwerk & Sohn [nur Gummiwerk];Textilindustrie;Textil- und Gummiwerke;;1;Obere Lichtenplatzer Str. 336;Barmen;Barmen;;7.1916989;51.2464183;hausgenau;;554;30.4.1944;1944-04-30;1944-06-30;russische Kriegsgefangene;140;;
448.1;Vorwerk & Sohn [nur Gummiwerk];Textilindustrie;Textil- und Gummiwerke;;1;Obere Lichtenplatzer Str. 336;Barmen;Barmen;;7.1916989;51.2464183;hausgenau;;554;30.6.1944;1944-06-30;1944-11-30;Deutsche;534;;
448.1;Vorwerk & Sohn [nur Gummiwerk];Textilindustrie;Textil- und Gummiwerke;;1;Obere Lichtenplatzer Str. 336;Barmen;Barmen;;7.1916989;51.2464183;hausgenau;;554;30.6.1944;1944-06-30;1944-11-30;Westarbeiter;117;;
448.1;Vorwerk & Sohn [nur Gummiwerk];Textilindustrie;Textil- und Gummiwerke;;1;Obere Lichtenplatzer Str. 336;Barmen;Barmen;;7.1916989;51.2464183;hausgenau;;554;30.6.1944;1944-06-30;1944-11-30;Ostarbeiter;323;;
448.1;Vorwerk & Sohn [nur Gummiwerk];Textilindustrie;Textil- und Gummiwerke;;1;Obere Lichtenplatzer Str. 336;Barmen;Barmen;;7.1916989;51.2464183;hausgenau;;554;30.6.1944;1944-06-30;1944-11-30;russische Kriegsgefangene;98;;
448.1;Vorwerk & Sohn [nur Gummiwerk];Textilindustrie;Textil- und Gummiwerke;;1;Obere Lichtenplatzer Str. 336;Barmen;Barmen;;7.1916989;51.2464183;hausgenau;;554;30.11.1944;1944-11-30;1944-12-31;Deutsche;552;;
448.1;Vorwerk & Sohn [nur Gummiwerk];Textilindustrie;Textil- und Gummiwerke;;1;Obere Lichtenplatzer Str. 336;Barmen;Barmen;;7.1916989;51.2464183;hausgenau;;554;30.11.1944;1944-11-30;1944-12-31;Westarbeiter;112;;
448.1;Vorwerk & Sohn [nur Gummiwerk];Textilindustrie;Textil- und Gummiwerke;;1;Obere Lichtenplatzer Str. 336;Barmen;Barmen;;7.1916989;51.2464183;hausgenau;;554;30.11.1944;1944-11-30;1944-12-31;Ostarbeiter;294;;
448.1;Vorwerk & Sohn [nur Gummiwerk];Textilindustrie;Textil- und Gummiwerke;;1;Obere Lichtenplatzer Str. 336;Barmen;Barmen;;7.1916989;51.2464183;hausgenau;;554;30.11.1944;1944-11-30;1944-12-31;russische Kriegsgefangene;147;;
448.1;Vorwerk & Sohn [nur Gummiwerk];Textilindustrie;Textil- und Gummiwerke;;1;Obere Lichtenplatzer Str. 336;Barmen;Barmen;;7.1916989;51.2464183;hausgenau;;554;31.12.1944;1944-12-31;1945-05-08;Deutsche;549;;
448.1;Vorwerk & Sohn [nur Gummiwerk];Textilindustrie;Textil- und Gummiwerke;;1;Obere Lichtenplatzer Str. 336;Barmen;Barmen;;7.1916989;51.2464183;hausgenau;;554;31.12.1944;1944-12-31;1945-05-08;Westarbeiter;113;;
448.1;Vorwerk & Sohn [nur Gummiwerk];Textilindustrie;Textil- und Gummiwerke;;1;Obere Lichtenplatzer Str. 336;Barmen;Barmen;;7.1916989;51.2464183;hausgenau;;554;31.12.1944;1944-12-31;1945-05-08;Ostarbeiter;281;;
448.1;Vorwerk & Sohn [nur Gummiwerk];Textilindustrie;Textil- und Gummiwerke;;1;Obere Lichtenplatzer Str. 336;Barmen;Barmen;;7.1916989;51.2464183;hausgenau;;554;31.12.1944;1944-12-31;1945-05-08;russische Kriegsgefangene;147;;
449;Wachs & Asmann;Chemie;Chemische Großhandlung;nein;1;Westkotterstr. 46-48;Barmen;Oberbarmen;;7.204648;51.27901;strassengenau;;554;9.1942-3.1945;1942-09-01;1945-05-08;französische Kriegsgefangene;4;;
449;Wachs & Asmann;Chemie;Chemische Großhandlung;nein;1;Westkotterstr. 46-48;Barmen;Oberbarmen;;7.204648;51.27901;strassengenau;;554;2.1944-4.1945;1944-02-01;1945-05-08;Belgier;1;;
449;Wachs & Asmann;Chemie;Chemische Großhandlung;nein;1;Westkotterstr. 46-48;Barmen;Oberbarmen;;7.204648;51.27901;strassengenau;;554;10.1944-3.1945;1944-10-01;1945-05-08;Polen;4;;
450;Wagener & Co.;Metallindustrie;Werkzeugfabrik;unbekannt;1;Händelstr. 51-53;Cronenberg;Cronenberg;;7.1368989;51.209744;hausgenau;;554;;;1945-05-08;Ostarbeiter;;;
450;Wagener & Co.;Metallindustrie;Werkzeugfabrik;unbekannt;1;Händelstr. 51-53;Cronenberg;Cronenberg;;7.1368989;51.209744;hausgenau;;554;;;1945-05-08;Westarbeiter;;;
451;Martin Wagner;xxx;Holzwarenfabrik;nein;1;Küllenhahner Str. 23;Küllenhahn;Küllenhahn;;7.1467616;51.229407;strassengenau;;554;28.10.1942;1942-10-28;1943-04-27;Ostarbeiter;5;;
451;Martin Wagner;xxx;Holzwarenfabrik;nein;1;Küllenhahner Str. 23;Küllenhahn;Küllenhahn;;7.1467616;51.229407;strassengenau;;554;27.4.1943;1943-04-27;1945-05-08;Ostarbeiter;5;;
452;Wagner & Co.;Elektrotechnik;Elektrotechnische Isolier-Materialien;ja;1;Lenneper Str. 130-130a;Langerfeld;Langerfeld;;;;ohne;;555;27.4.1943;1943-04-27;1944-07-05;Ostarbeiter;5;0;5
452;Wagner & Co.;Elektrotechnik;Elektrotechnische Isolier-Materialien;ja;1;Lenneper Str. 130-130a;Langerfeld;Langerfeld;;;;ohne;;555;30.6.1944;1944-06-30;1945-05-08;Ausländer ohne Nationalitätenangabe;5;;
452;Wagner & Co.;Elektrotechnik;Elektrotechnische Isolier-Materialien;ja;1;Lenneper Str. 130-130a;Langerfeld;Langerfeld;;;;ohne;;555;5.7.1944;1944-07-05;1945-05-08;Ostarbeiter;;;
453;Kabelwerk Wagner KG (zuvor: Joachimsmeyer & Wagner);Elektrotechnik;Kabelwerk;ja;1;Wittener Str. 239;Nächstebreck;Oberbarmen;;7.248728;51.2992649;hausgenau;;555;13.8.1942;1942-08-13;1942-10-28;Ostarbeiter;20;0;20
453;Kabelwerk Wagner KG (zuvor: Joachimsmeyer & Wagner);Elektrotechnik;Kabelwerk;ja;1;Wittener Str. 239;Nächstebreck;Oberbarmen;;7.248728;51.2992649;hausgenau;;555;28.10.1942;1942-10-28;1943-04-27;Ostarbeiter;17;0;17
453;Kabelwerk Wagner KG (zuvor: Joachimsmeyer & Wagner);Elektrotechnik;Kabelwerk;ja;1;Wittener Str. 239;Nächstebreck;Oberbarmen;;7.248728;51.2992649;hausgenau;;555;27.4.1943;1943-04-27;1944-01-31;Ostarbeiter;17;0;17
453;Kabelwerk Wagner KG (zuvor: Joachimsmeyer & Wagner);Elektrotechnik;Kabelwerk;ja;1;Wittener Str. 239;Nächstebreck;Oberbarmen;;7.248728;51.2992649;hausgenau;;555;27.4.1943;1943-04-27;1945-05-08;Franzosen;;;
453;Kabelwerk Wagner KG (zuvor: Joachimsmeyer & Wagner);Elektrotechnik;Kabelwerk;ja;1;Wittener Str. 239;Nächstebreck;Oberbarmen;;7.248728;51.2992649;hausgenau;;555;31.1.1944;1944-01-31;1944-06-30;Deutsche;129;85;44
453;Kabelwerk Wagner KG (zuvor: Joachimsmeyer & Wagner);Elektrotechnik;Kabelwerk;ja;1;Wittener Str. 239;Nächstebreck;Oberbarmen;;7.248728;51.2992649;hausgenau;;555;31.1.1944;1944-01-31;1944-06-30;Westarbeiter;3;;
453;Kabelwerk Wagner KG (zuvor: Joachimsmeyer & Wagner);Elektrotechnik;Kabelwerk;ja;1;Wittener Str. 239;Nächstebreck;Oberbarmen;;7.248728;51.2992649;hausgenau;;555;31.1.1944;1944-01-31;1944-03-11;Ostarbeiter;22;;22
453;Kabelwerk Wagner KG (zuvor: Joachimsmeyer & Wagner);Elektrotechnik;Kabelwerk;ja;1;Wittener Str. 239;Nächstebreck;Oberbarmen;;7.248728;51.2992649;hausgenau;;555;11.3.1944;1944-03-11;1944-06-30;Ostarbeiter;24;0;24
453;Kabelwerk Wagner KG (zuvor: Joachimsmeyer & Wagner);Elektrotechnik;Kabelwerk;ja;1;Wittener Str. 239;Nächstebreck;Oberbarmen;;7.248728;51.2992649;hausgenau;;555;30.6.1944;1944-06-30;1944-12-31;Deutsche;129;81;48
453;Kabelwerk Wagner KG (zuvor: Joachimsmeyer & Wagner);Elektrotechnik;Kabelwerk;ja;1;Wittener Str. 239;Nächstebreck;Oberbarmen;;7.248728;51.2992649;hausgenau;;555;30.6.1944;1944-06-30;1944-12-31;Westarbeiter;3;;
453;Kabelwerk Wagner KG (zuvor: Joachimsmeyer & Wagner);Elektrotechnik;Kabelwerk;ja;1;Wittener Str. 239;Nächstebreck;Oberbarmen;;7.248728;51.2992649;hausgenau;;555;30.6.1944;1944-06-30;1944-12-31;Ostarbeiter;22;;22
453;Kabelwerk Wagner KG (zuvor: Joachimsmeyer & Wagner);Elektrotechnik;Kabelwerk;ja;1;Wittener Str. 239;Nächstebreck;Oberbarmen;;7.248728;51.2992649;hausgenau;;555;31.12.1944;1944-12-31;1945-05-08;Deutsche;128;72;55
453;Kabelwerk Wagner KG (zuvor: Joachimsmeyer & Wagner);Elektrotechnik;Kabelwerk;ja;1;Wittener Str. 239;Nächstebreck;Oberbarmen;;7.248728;51.2992649;hausgenau;;555;31.12.1944;1944-12-31;1945-05-08;Westarbeiter;3;;
453;Kabelwerk Wagner KG (zuvor: Joachimsmeyer & Wagner);Elektrotechnik;Kabelwerk;ja;1;Wittener Str. 239;Nächstebreck;Oberbarmen;;7.248728;51.2992649;hausgenau;;555;31.12.1944;1944-12-31;1945-05-08;Ostarbeiter;22;;22
454;Alfred Wahl;xxx;Schneidermeister;nein;1;Kaiserstr. 195;Vohwinkel;Vohwinkel;;7.0742666;51.2329786;strassengenau;;555;;;1945-05-08;Westarbeiter;;;
455;Peter Wallbrecher;Metallindustrie;Werkzeugfabrik;ja;1;Hauptstr. 67;Cronenberg;Cronenberg;;7.1345184;51.2082913;hausgenau;;555;;;1945-05-08;Niederländer;;;
456;Bernhard Wassenberg Nachf.;Bauunternehmen;Baugeschäft;nein;1;Wernerstr. 2;Barmen;Barmen;;7.1750602;51.2593958;hausgenau;;555;;;;;;;
457;Karl Watermann;Lebensmittelindustrie;Fischkonservenfabrik;nein;1;Schützenstr. 92;Barmen;Barmen;;7.1875574;51.2793123;strassengenau;;555;5.7.1944;1944-07-05;1945-05-08;Ostarbeiter;;;
459;Fritz Weeren;Maschinenbau;Maschinenfabrik, Kunstharzpressen;unbekannt;1;Rauental 72;Barmen;Heckinghausen;;7.2267237;51.2735209;strassengenau;;555;5.7.1944;1944-07-05;1945-05-08;Ostarbeiter;;;
460;Paul Weissenborn;Bauunternehmen;Tiefbau;nein;1;Am Dausenbusch 8;Barmen;Barmen;;7.1777135;51.2466312;hausgenau;;555;31.1.1943;1943-01-31;1944-01-31;Deutsche;18;16;2
460;Paul Weissenborn;Bauunternehmen;Tiefbau;nein;1;Am Dausenbusch 8;Barmen;Barmen;;7.1777135;51.2466312;hausgenau;;555;31.1.1943;1943-01-31;1944-01-31;Westarbeiter;3;;
460;Paul Weissenborn;Bauunternehmen;Tiefbau;nein;1;Am Dausenbusch 8;Barmen;Barmen;;7.1777135;51.2466312;hausgenau;;555;31.1.1944;1944-01-31;1944-06-30;Deutsche;18;16;2
460;Paul Weissenborn;Bauunternehmen;Tiefbau;nein;1;Am Dausenbusch 8;Barmen;Barmen;;7.1777135;51.2466312;hausgenau;;555;31.1.1944;1944-01-31;1944-06-30;Westarbeiter;3;;
460;Paul Weissenborn;Bauunternehmen;Tiefbau;nein;1;Am Dausenbusch 8;Barmen;Barmen;;7.1777135;51.2466312;hausgenau;;555;30.6.1944;1944-06-30;1944-12-31;Deutsche;18;16;2
460;Paul Weissenborn;Bauunternehmen;Tiefbau;nein;1;Am Dausenbusch 8;Barmen;Barmen;;7.1777135;51.2466312;hausgenau;;555;30.6.1944;1944-06-30;1944-12-31;Westarbeiter;3;;
460;Paul Weissenborn;Bauunternehmen;Tiefbau;nein;1;Am Dausenbusch 8;Barmen;Barmen;;7.1777135;51.2466312;hausgenau;;555;31.12.1944;1944-12-31;1945-05-08;Deutsche;18;16;2
460;Paul Weissenborn;Bauunternehmen;Tiefbau;nein;1;Am Dausenbusch 8;Barmen;Barmen;;7.1777135;51.2466312;hausgenau;;555;31.12.1944;1944-12-31;1945-05-08;Westarbeiter;3;;
461;Carl Werner;Lebensmittelindustrie;Mineralwasser- und Likörfabrik;nein;1;Norrenbergerstr. 12 a;Barmen;Heckinghausen;;7.2279404;51.2693421;hausgenau;;555;;;1945-05-08;Ostarbeiter;2;;2
462;Gebr. Wichartz;Handel / Dienstleistungen;Import - Gewürzmühle;unbekannt;1;Wichlinghauserstr. 16-16a;Barmen;Oberbarmen;;7.2180141;51.2762016;hausgenau;;555;27.4.1943;1943-04-27;1945-05-08;Polen;;;
463;Wicküler Küpper Brauerei;Lebensmittelindustrie;Brauerei;unbekannt;1;Bendahlerstr. 31;Elberfeld;Barmen;;7.1642807;51.2562759;hausgenau;;555;;;1945-05-08;Ostarbeiter;26;11;15
464;Wiedenhoff & Wirtz;Metallindustrie;Schloß- und Beschlägefabrik;unbekannt;1;Kratzkopfstr. 32;Ronsdorf;Ronsdorf;;7.2073215;51.2262409;strassengenau;;555;5.7.1943;1943-07-05;1945-05-08;Ostarbeiter;;;
465;Eduard Wille;Metallindustrie;Werkzeugfabrik und Hammerwerk;ja;1;Lindenallee 27;Cronenberg;Cronenberg;;7.1343015;51.2058477;hausgenau;;555;8.5.1942;1942-05-08;1942-08-13;Ostarbeiter;30;30;0
465;Eduard Wille;Metallindustrie;Werkzeugfabrik und Hammerwerk;ja;1;Lindenallee 27;Cronenberg;Cronenberg;;7.1343015;51.2058477;hausgenau;;555;13.8.1942;1942-08-13;1942-10-28;Ostarbeiter;83;76;7
465;Eduard Wille;Metallindustrie;Werkzeugfabrik und Hammerwerk;ja;1;Lindenallee 27;Cronenberg;Cronenberg;;7.1343015;51.2058477;hausgenau;;555;28.10.1942;1942-10-28;1943-04-27;Ostarbeiter;186;87;99
465;Eduard Wille;Metallindustrie;Werkzeugfabrik und Hammerwerk;ja;1;Lindenallee 27;Cronenberg;Cronenberg;;7.1343015;51.2058477;hausgenau;;555;27.4.1943;1943-04-27;1944-03-11;Ostarbeiter;172;81;91
465;Eduard Wille;Metallindustrie;Werkzeugfabrik und Hammerwerk;ja;1;Lindenallee 27;Cronenberg;Cronenberg;;7.1343015;51.2058477;hausgenau;;555;11.3.1944;1944-03-11;1944-04-30;Ostarbeiter;130;83;47
465;Eduard Wille;Metallindustrie;Werkzeugfabrik und Hammerwerk;ja;1;Lindenallee 27;Cronenberg;Cronenberg;;7.1343015;51.2058477;hausgenau;;555;30.4.1944;1944-04-30;1944-07-31;Deutsche;419;353;66
465;Eduard Wille;Metallindustrie;Werkzeugfabrik und Hammerwerk;ja;1;Lindenallee 27;Cronenberg;Cronenberg;;7.1343015;51.2058477;hausgenau;;555;30.4.1944;1944-04-30;1944-07-31;Westarbeiter;39;38;1
465;Eduard Wille;Metallindustrie;Werkzeugfabrik und Hammerwerk;ja;1;Lindenallee 27;Cronenberg;Cronenberg;;7.1343015;51.2058477;hausgenau;;555;30.4.1944;1944-04-30;1944-07-31;Ostarbeiter;182;96;86
465;Eduard Wille;Metallindustrie;Werkzeugfabrik und Hammerwerk;ja;1;Lindenallee 27;Cronenberg;Cronenberg;;7.1343015;51.2058477;hausgenau;;555;31.7.1944;1944-07-31;1944-12-31;Deutsche;423;352;71
465;Eduard Wille;Metallindustrie;Werkzeugfabrik und Hammerwerk;ja;1;Lindenallee 27;Cronenberg;Cronenberg;;7.1343015;51.2058477;hausgenau;;555;31.7.1944;1944-07-31;1944-12-31;Westarbeiter;38;38;
465;Eduard Wille;Metallindustrie;Werkzeugfabrik und Hammerwerk;ja;1;Lindenallee 27;Cronenberg;Cronenberg;;7.1343015;51.2058477;hausgenau;;555;31.7.1944;1944-07-31;1944-12-31;Ostarbeiter;188;98;90
465;Eduard Wille;Metallindustrie;Werkzeugfabrik und Hammerwerk;ja;1;Lindenallee 27;Cronenberg;Cronenberg;;7.1343015;51.2058477;hausgenau;;555;31.12.1944;1944-12-31;1945-05-08;Deutsche;471;335;136
465;Eduard Wille;Metallindustrie;Werkzeugfabrik und Hammerwerk;ja;1;Lindenallee 27;Cronenberg;Cronenberg;;7.1343015;51.2058477;hausgenau;;555;31.12.1944;1944-12-31;1945-05-08;Westarbeiter;54;54;
465;Eduard Wille;Metallindustrie;Werkzeugfabrik und Hammerwerk;ja;1;Lindenallee 27;Cronenberg;Cronenberg;;7.1343015;51.2058477;hausgenau;;555;31.12.1944;1944-12-31;1945-05-08;Ostarbeiter;202;93;109
466;Johann Wimmer;xxx;Häute und Felle;nein;1;Carnaper Str. 107;Barmen;Barmen;;7.1849604;51.2776844;hausgenau;;556;5.7.1944;1944-07-05;1945-05-08;Ostarbeiter;;;
467;Emil Windgassen;Metallindustrie;Werkzeugfabrik;nein;1;Am Stadtbahnhof 6;Ronsdorf;Ronsdorf;;7.2008212;51.2255375;strassengenau;;556;30.11.1942;1942-11-30;1943-06-30;Deutsche;30;23;7
467;Emil Windgassen;Metallindustrie;Werkzeugfabrik;nein;1;Am Stadtbahnhof 6;Ronsdorf;Ronsdorf;;7.2008212;51.2255375;strassengenau;;556;30.11.1942;1942-11-30;1943-06-30;Westarbeiter;1;1;
467;Emil Windgassen;Metallindustrie;Werkzeugfabrik;nein;1;Am Stadtbahnhof 6;Ronsdorf;Ronsdorf;;7.2008212;51.2255375;strassengenau;;556;30.6.1943;1943-06-30;1943-08-31;Deutsche;23;18;5
467;Emil Windgassen;Metallindustrie;Werkzeugfabrik;nein;1;Am Stadtbahnhof 6;Ronsdorf;Ronsdorf;;7.2008212;51.2255375;strassengenau;;556;30.6.1943;1943-06-30;1945-05-08;Westarbeiter;1;;
467;Emil Windgassen;Metallindustrie;Werkzeugfabrik;nein;1;Am Stadtbahnhof 6;Ronsdorf;Ronsdorf;;7.2008212;51.2255375;strassengenau;;556;31.8.1943;1943-08-31;1943-09-30;Deutsche;24;19;5
467;Emil Windgassen;Metallindustrie;Werkzeugfabrik;nein;1;Am Stadtbahnhof 6;Ronsdorf;Ronsdorf;;7.2008212;51.2255375;strassengenau;;556;31.8.1943;1943-08-31;1943-09-30;Ostarbeiter;9;;
467;Emil Windgassen;Metallindustrie;Werkzeugfabrik;nein;1;Am Stadtbahnhof 6;Ronsdorf;Ronsdorf;;7.2008212;51.2255375;strassengenau;;556;30.9.1943;1943-09-30;1945-05-08;Deutsche;24;19;5
467;Emil Windgassen;Metallindustrie;Werkzeugfabrik;nein;1;Am Stadtbahnhof 6;Ronsdorf;Ronsdorf;;7.2008212;51.2255375;strassengenau;;556;30.9.1943;1943-09-30;1944-07-05;Ostarbeiter;9;;
467;Emil Windgassen;Metallindustrie;Werkzeugfabrik;nein;1;Am Stadtbahnhof 6;Ronsdorf;Ronsdorf;;7.2008212;51.2255375;strassengenau;;556;5.7.1944;1944-07-05;1945-05-08;Ostarbeiter;;;
468;Gebr. Winkelsträter (auch: Winkelsträter & Sure);Maschinenbau;Maschinenfabrik u. Apparatebauanstalt;nein;1;Breslauer Str. 59;Barmen;Oberbarmen;;7.2223731;51.2805826;hausgenau;;556;13.8.1942;1942-08-13;1942-10-28;Ostarbeiter;58;14;44
468;Gebr. Winkelsträter (auch: Winkelsträter & Sure);Maschinenbau;Maschinenfabrik u. Apparatebauanstalt;nein;1;Breslauer Str. 59;Barmen;Oberbarmen;;7.2223731;51.2805826;hausgenau;;556;28.10.1942;1942-10-28;1943-04-27;Ostarbeiter;56;19;37
468;Gebr. Winkelsträter (auch: Winkelsträter & Sure);Maschinenbau;Maschinenfabrik u. Apparatebauanstalt;nein;1;Breslauer Str. 59;Barmen;Oberbarmen;;7.2223731;51.2805826;hausgenau;;556;27.4.1943;1943-04-27;1944-01-31;Ostarbeiter;47;14;33
468;Gebr. Winkelsträter (auch: Winkelsträter & Sure);Maschinenbau;Maschinenfabrik u. Apparatebauanstalt;nein;1;Breslauer Str. 59;Barmen;Oberbarmen;;7.2223731;51.2805826;hausgenau;;556;27.4.1943;1943-04-27;1945-05-08;Franzosen;;;
468;Gebr. Winkelsträter (auch: Winkelsträter & Sure);Maschinenbau;Maschinenfabrik u. Apparatebauanstalt;nein;1;Breslauer Str. 59;Barmen;Oberbarmen;;7.2223731;51.2805826;hausgenau;;556;27.4.1943;1943-04-27;1945-05-08;Niederländer;;;
468;Gebr. Winkelsträter (auch: Winkelsträter & Sure);Maschinenbau;Maschinenfabrik u. Apparatebauanstalt;nein;1;Breslauer Str. 59;Barmen;Oberbarmen;;7.2223731;51.2805826;hausgenau;;556;31.1.1944;1944-01-31;1944-06-30;Deutsche;303;233;70
468;Gebr. Winkelsträter (auch: Winkelsträter & Sure);Maschinenbau;Maschinenfabrik u. Apparatebauanstalt;nein;1;Breslauer Str. 59;Barmen;Oberbarmen;;7.2223731;51.2805826;hausgenau;;556;31.1.1944;1944-01-31;1944-06-30;Westarbeiter;78;75;3
468;Gebr. Winkelsträter (auch: Winkelsträter & Sure);Maschinenbau;Maschinenfabrik u. Apparatebauanstalt;nein;1;Breslauer Str. 59;Barmen;Oberbarmen;;7.2223731;51.2805826;hausgenau;;556;31.1.1944;1944-01-31;1944-03-11;Ostarbeiter;37;4;33
468;Gebr. Winkelsträter (auch: Winkelsträter & Sure);Maschinenbau;Maschinenfabrik u. Apparatebauanstalt;nein;1;Breslauer Str. 59;Barmen;Oberbarmen;;7.2223731;51.2805826;hausgenau;;556;31.1.1944;1944-01-31;1944-06-30;nicht-russische Kriegsgefangene;125;;
468;Gebr. Winkelsträter (auch: Winkelsträter & Sure);Maschinenbau;Maschinenfabrik u. Apparatebauanstalt;nein;1;Breslauer Str. 59;Barmen;Oberbarmen;;7.2223731;51.2805826;hausgenau;;556;11.3.1944;1944-03-11;1944-06-30;Ostarbeiter;49;4;45
468;Gebr. Winkelsträter (auch: Winkelsträter & Sure);Maschinenbau;Maschinenfabrik u. Apparatebauanstalt;nein;1;Breslauer Str. 59;Barmen;Oberbarmen;;7.2223731;51.2805826;hausgenau;;556;30.6.1944;1944-06-30;1944-12-31;Deutsche;301;234;67
468;Gebr. Winkelsträter (auch: Winkelsträter & Sure);Maschinenbau;Maschinenfabrik u. Apparatebauanstalt;nein;1;Breslauer Str. 59;Barmen;Oberbarmen;;7.2223731;51.2805826;hausgenau;;556;30.6.1944;1944-06-30;1944-12-31;Westarbeiter;69;66;3
468;Gebr. Winkelsträter (auch: Winkelsträter & Sure);Maschinenbau;Maschinenfabrik u. Apparatebauanstalt;nein;1;Breslauer Str. 59;Barmen;Oberbarmen;;7.2223731;51.2805826;hausgenau;;556;30.6.1944;1944-06-30;1944-12-31;Ostarbeiter;40;7;33
468;Gebr. Winkelsträter (auch: Winkelsträter & Sure);Maschinenbau;Maschinenfabrik u. Apparatebauanstalt;nein;1;Breslauer Str. 59;Barmen;Oberbarmen;;7.2223731;51.2805826;hausgenau;;556;30.6.1944;1944-06-30;1945-05-08;nicht-russische Kriegsgefangene;118;;
468;Gebr. Winkelsträter (auch: Winkelsträter & Sure);Maschinenbau;Maschinenfabrik u. Apparatebauanstalt;nein;1;Breslauer Str. 59;Barmen;Oberbarmen;;7.2223731;51.2805826;hausgenau;;556;31.12.1944;1944-12-31;1945-05-08;Deutsche;269;203;66
468;Gebr. Winkelsträter (auch: Winkelsträter & Sure);Maschinenbau;Maschinenfabrik u. Apparatebauanstalt;nein;1;Breslauer Str. 59;Barmen;Oberbarmen;;7.2223731;51.2805826;hausgenau;;556;31.12.1944;1944-12-31;1945-05-08;Westarbeiter;182;177;5
468;Gebr. Winkelsträter (auch: Winkelsträter & Sure);Maschinenbau;Maschinenfabrik u. Apparatebauanstalt;nein;1;Breslauer Str. 59;Barmen;Oberbarmen;;7.2223731;51.2805826;hausgenau;;556;31.12.1944;1944-12-31;1945-05-08;Ostarbeiter;45;7;38
468;Gebr. Winkelsträter (auch: Winkelsträter & Sure);Maschinenbau;Maschinenfabrik u. Apparatebauanstalt;nein;1;Breslauer Str. 59;Barmen;Oberbarmen;;7.2223731;51.2805826;hausgenau;;556;31.12.1944;1944-12-31;1945-05-08;keine Kriegsgefangene;;;
468;Gebr. Winkelsträter (auch: Winkelsträter & Sure);Maschinenbau;Maschinenfabrik u. Apparatebauanstalt;nein;1;Breslauer Str. 59;Barmen;Oberbarmen;;7.2223731;51.2805826;hausgenau;;556;;;1945-05-08;Kriegsgefangene;;;
468;Gebr. Winkelsträter (auch: Winkelsträter & Sure);Maschinenbau;Maschinenfabrik u. Apparatebauanstalt;nein;1;Breslauer Str. 59;Barmen;Oberbarmen;;7.2223731;51.2805826;hausgenau;;556;;;1945-05-08;Franzosen;;;
468;Gebr. Winkelsträter (auch: Winkelsträter & Sure);Maschinenbau;Maschinenfabrik u. Apparatebauanstalt;nein;1;Breslauer Str. 59;Barmen;Oberbarmen;;7.2223731;51.2805826;hausgenau;;556;;;1945-05-08;Italiener;;;
468;Gebr. Winkelsträter (auch: Winkelsträter & Sure);Maschinenbau;Maschinenfabrik u. Apparatebauanstalt;nein;1;Breslauer Str. 59;Barmen;Oberbarmen;;7.2223731;51.2805826;hausgenau;;556;;;1945-05-08;Belgier;;;
469;Witte & Co.;Metallindustrie;Ösen u. Metallwaren;nein;1;Christbusch 6;Barmen;Barmen;;7.1719416;51.2579339;hausgenau;;556;27.4.1943;1943-04-27;1945-05-08;Franzosen;;;
469;Witte & Co.;Metallindustrie;Ösen u. Metallwaren;nein;1;Christbusch 6;Barmen;Barmen;;7.1719416;51.2579339;hausgenau;;556;27.4.1943;1943-04-27;1945-05-08;Belgier;;;
469;Witte & Co.;Metallindustrie;Ösen u. Metallwaren;nein;1;Christbusch 6;Barmen;Barmen;;7.1719416;51.2579339;hausgenau;;556;31.1.1944;1944-01-31;1944-06-30;Deutsche;146;86;60
469;Witte & Co.;Metallindustrie;Ösen u. Metallwaren;nein;1;Christbusch 6;Barmen;Barmen;;7.1719416;51.2579339;hausgenau;;556;31.1.1944;1944-01-31;1944-06-30;Westarbeiter;1;1;
469;Witte & Co.;Metallindustrie;Ösen u. Metallwaren;nein;1;Christbusch 6;Barmen;Barmen;;7.1719416;51.2579339;hausgenau;;556;30.6.1944;1944-06-30;1944-12-31;Deutsche;147;84;63
469;Witte & Co.;Metallindustrie;Ösen u. Metallwaren;nein;1;Christbusch 6;Barmen;Barmen;;7.1719416;51.2579339;hausgenau;;556;30.6.1944;1944-06-30;1944-12-31;Westarbeiter;1;1;
469;Witte & Co.;Metallindustrie;Ösen u. Metallwaren;nein;1;Christbusch 6;Barmen;Barmen;;7.1719416;51.2579339;hausgenau;;556;30.6.1944;1944-06-30;1944-12-31;Ostarbeiter;1;1;
469;Witte & Co.;Metallindustrie;Ösen u. Metallwaren;nein;1;Christbusch 6;Barmen;Barmen;;7.1719416;51.2579339;hausgenau;;556;31.12.1944;1944-12-31;1945-05-08;Deutsche;133;76;57
469;Witte & Co.;Metallindustrie;Ösen u. Metallwaren;nein;1;Christbusch 6;Barmen;Barmen;;7.1719416;51.2579339;hausgenau;;556;31.12.1944;1944-12-31;1945-05-08;Westarbeiter;1;1;
469;Witte & Co.;Metallindustrie;Ösen u. Metallwaren;nein;1;Christbusch 6;Barmen;Barmen;;7.1719416;51.2579339;hausgenau;;556;31.12.1944;1944-12-31;1945-05-08;Ostarbeiter;2;2;
470;[Kraftwagengesellschaft] Dr. Wittenstein;Kraftfahrzeugindustrie;Vertretung der Adam Opel;nein;1;Friedrich-Engels-Allee 245;Barmen;Barmen;;7.1777034;51.2642003;hausgenau;;556;27.4.1943;1943-04-27;1945-05-08;Franzosen;;;
470;[Kraftwagengesellschaft] Dr. Wittenstein;Kraftfahrzeugindustrie;Vertretung der Adam Opel;nein;1;Friedrich-Engels-Allee 245;Barmen;Barmen;;7.1777034;51.2642003;hausgenau;;556;27.4.1943;1943-04-27;1945-05-08;Belgier;;;
471;G. Wittenstein-Troost GmbH;Textilindustrie;Textilveredelung;nein;1;Friedrich-Engels-Allee 229;Barmen;Barmen;;7.1765673;51.2629551;hausgenau;;556;27.4.1943;1943-04-27;1945-05-08;Niederländer;;;
472;E.O. Wöhler & Co.;Textilindustrie;Lederwarenfabrik „Grünsiegel“;nein;1;Warndstraße 4-12;Barmen;Barmen;;7.1774824;51.2636833;strassengenau;;556;11.3.1944;1944-03-11;1945-05-08;Ostarbeiter;50;14;36
473;Wörder & Pandel;Metallindustrie;Werkzeugfabrik;nein;1;Nöllenhammer Str. 19;Küllenhahn;Küllenhahn;;7.1356656;51.2275786;hausgenau;;557;27.4.1943;1943-04-27;1944-06-30;Ostarbeiter;9;9;0
473;Wörder & Pandel;Metallindustrie;Werkzeugfabrik;nein;1;Nöllenhammer Str. 19;Küllenhahn;Küllenhahn;;7.1356656;51.2275786;hausgenau;;557;27.4.1943;1943-04-27;1945-05-08;Franzosen;;;
473;Wörder & Pandel;Metallindustrie;Werkzeugfabrik;nein;1;Nöllenhammer Str. 19;Küllenhahn;Küllenhahn;;7.1356656;51.2275786;hausgenau;;557;31.1.1944;1944-01-31;1944-06-30;Deutsche;49;39;10
473;Wörder & Pandel;Metallindustrie;Werkzeugfabrik;nein;1;Nöllenhammer Str. 19;Küllenhahn;Küllenhahn;;7.1356656;51.2275786;hausgenau;;557;31.1.1944;1944-01-31;1945-05-08;Ausländer;4;;
473;Wörder & Pandel;Metallindustrie;Werkzeugfabrik;nein;1;Nöllenhammer Str. 19;Küllenhahn;Küllenhahn;;7.1356656;51.2275786;hausgenau;;557;30.6.1944;1944-06-30;1944-12-31;Deutsche;50;41;9
473;Wörder & Pandel;Metallindustrie;Werkzeugfabrik;nein;1;Nöllenhammer Str. 19;Küllenhahn;Küllenhahn;;7.1356656;51.2275786;hausgenau;;557;30.6.1944;1944-06-30;1944-12-31;Westarbeiter;1;;
473;Wörder & Pandel;Metallindustrie;Werkzeugfabrik;nein;1;Nöllenhammer Str. 19;Küllenhahn;Küllenhahn;;7.1356656;51.2275786;hausgenau;;557;30.6.1944;1944-06-30;1944-07-05;Ostarbeiter;3;;
473;Wörder & Pandel;Metallindustrie;Werkzeugfabrik;nein;1;Nöllenhammer Str. 19;Küllenhahn;Küllenhahn;;7.1356656;51.2275786;hausgenau;;557;5.7.1944;1944-07-05;1944-12-31;Ostarbeiter;;;
473;Wörder & Pandel;Metallindustrie;Werkzeugfabrik;nein;1;Nöllenhammer Str. 19;Küllenhahn;Küllenhahn;;7.1356656;51.2275786;hausgenau;;557;31.12.1944;1944-12-31;1945-05-08;Deutsche;46;39;7
473;Wörder & Pandel;Metallindustrie;Werkzeugfabrik;nein;1;Nöllenhammer Str. 19;Küllenhahn;Küllenhahn;;7.1356656;51.2275786;hausgenau;;557;31.12.1944;1944-12-31;1945-05-08;Westarbeiter;1;;
473;Wörder & Pandel;Metallindustrie;Werkzeugfabrik;nein;1;Nöllenhammer Str. 19;Küllenhahn;Küllenhahn;;7.1356656;51.2275786;hausgenau;;557;31.12.1944;1944-12-31;1945-05-08;Ostarbeiter;3;;
474;August Wortmann;Metallindustrie;Metallwarenfabrik;nein;1;Rheinische Straße 25;Barmen;Oberbarmen;;7.238142;51.2902998;hausgenau;;557;27.4.1943;1943-04-27;1944-01-31;Ostarbeiter;74;67;7
474;August Wortmann;Metallindustrie;Metallwarenfabrik;nein;1;Rheinische Straße 25;Barmen;Oberbarmen;;7.238142;51.2902998;hausgenau;;557;27.4.1943;1943-04-27;1945-05-08;Franzosen;;;
474;August Wortmann;Metallindustrie;Metallwarenfabrik;nein;1;Rheinische Straße 25;Barmen;Oberbarmen;;7.238142;51.2902998;hausgenau;;557;31.1.1944;1944-01-31;1944-06-30;Deutsche;31;26;5
474;August Wortmann;Metallindustrie;Metallwarenfabrik;nein;1;Rheinische Straße 25;Barmen;Oberbarmen;;7.238142;51.2902998;hausgenau;;557;31.1.1944;1944-01-31;1944-06-30;Westarbeiter;4;2;2
474;August Wortmann;Metallindustrie;Metallwarenfabrik;nein;1;Rheinische Straße 25;Barmen;Oberbarmen;;7.238142;51.2902998;hausgenau;;557;31.1.1944;1944-01-31;1944-03-11;Ostarbeiter;20;9;11
474;August Wortmann;Metallindustrie;Metallwarenfabrik;nein;1;Rheinische Straße 25;Barmen;Oberbarmen;;7.238142;51.2902998;hausgenau;;557;11.3.1944;1944-03-11;1944-06-30;Ostarbeiter;20;9;11
474;August Wortmann;Metallindustrie;Metallwarenfabrik;nein;1;Rheinische Straße 25;Barmen;Oberbarmen;;7.238142;51.2902998;hausgenau;;557;30.6.1944;1944-06-30;1944-12-31;Deutsche;28;24;4
474;August Wortmann;Metallindustrie;Metallwarenfabrik;nein;1;Rheinische Straße 25;Barmen;Oberbarmen;;7.238142;51.2902998;hausgenau;;557;30.6.1944;1944-06-30;1944-12-31;Westarbeiter;4;2;2
474;August Wortmann;Metallindustrie;Metallwarenfabrik;nein;1;Rheinische Straße 25;Barmen;Oberbarmen;;7.238142;51.2902998;hausgenau;;557;30.6.1944;1944-06-30;1944-12-31;Ostarbeiter;20;9;11
474;August Wortmann;Metallindustrie;Metallwarenfabrik;nein;1;Rheinische Straße 25;Barmen;Oberbarmen;;7.238142;51.2902998;hausgenau;;557;31.12.1944;1944-12-31;1945-05-08;Deutsche;28;22;6
474;August Wortmann;Metallindustrie;Metallwarenfabrik;nein;1;Rheinische Straße 25;Barmen;Oberbarmen;;7.238142;51.2902998;hausgenau;;557;31.12.1944;1944-12-31;1945-05-08;Westarbeiter;4;2;2
474;August Wortmann;Metallindustrie;Metallwarenfabrik;nein;1;Rheinische Straße 25;Barmen;Oberbarmen;;7.238142;51.2902998;hausgenau;;557;31.12.1944;1944-12-31;1945-05-08;Ostarbeiter;19;8;11
475;August Wülfing & Sohn;Metallindustrie;Kohlenhandlung;nein;1;Breslauer Str.;Wichlinghausen;Oberbarmen;;7.2207088;51.2784187;strassengenau;;557;;;1945-05-08;Polen;1;;
476;Hermann Wülfing;Chemie;Lackfabrik „Wings-Lacke“;unbekannt;1;Kaiserstraße 90;Vohwinkel;Vohwinkel;;7.0742666;51.2329786;strassengenau;;557;27.4.1943;1943-04-27;1944-03-11;Ostarbeiter;6;0;6
476;Hermann Wülfing;Chemie;Lackfabrik „Wings-Lacke“;unbekannt;1;Kaiserstraße 90;Vohwinkel;Vohwinkel;;7.0742666;51.2329786;strassengenau;;557;27.4.1943;1943-04-27;1945-05-08;Franzosen;;;
476;Hermann Wülfing;Chemie;Lackfabrik „Wings-Lacke“;unbekannt;1;Kaiserstraße 90;Vohwinkel;Vohwinkel;;7.0742666;51.2329786;strassengenau;;557;11.3.1944;1944-03-11;1944-07-05;Ostarbeiter;16;10;6
476;Hermann Wülfing;Chemie;Lackfabrik „Wings-Lacke“;unbekannt;1;Kaiserstraße 90;Vohwinkel;Vohwinkel;;7.0742666;51.2329786;strassengenau;;557;30.6.1944;1944-06-30;1945-05-08;Ausländer ohne Nationalitätenangabe;34;29;5
476;Hermann Wülfing;Chemie;Lackfabrik „Wings-Lacke“;unbekannt;1;Kaiserstraße 90;Vohwinkel;Vohwinkel;;7.0742666;51.2329786;strassengenau;;557;5.7.1944;1944-07-05;1945-05-08;Ostarbeiter;;;
476;Hermann Wülfing;Chemie;Lackfabrik „Wings-Lacke“;unbekannt;1;Kaiserstraße 90;Vohwinkel;Vohwinkel;;7.0742666;51.2329786;strassengenau;;557;;;1945-05-08;Westarbeiter;;;
477;Wuppermetall GmbH;Metallindustrie;Aluminum- und Metallschmelzwerk und Metallgroßhandel;unbekannt;1;Beckacker Schulstr. 35a;Oberbarmen;Oberbarmen;;7.2327188;51.2866634;strassengenau;;557;27.4.1943;1943-04-27;1945-05-08;Franzosen;;;
477;Wuppermetall GmbH;Metallindustrie;Aluminum- und Metallschmelzwerk und Metallgroßhandel;unbekannt;1;Beckacker Schulstr. 35a;Oberbarmen;Oberbarmen;;7.2327188;51.2866634;strassengenau;;557;27.4.1943;1943-04-27;1945-05-08;Belgier;;;
477;Wuppermetall GmbH;Metallindustrie;Aluminum- und Metallschmelzwerk und Metallgroßhandel;unbekannt;1;Beckacker Schulstr. 35a;Oberbarmen;Oberbarmen;;7.2327188;51.2866634;strassengenau;;557;31.3.1944;1944-03-31;1944-06-30;Deutsche;71;58;13
477;Wuppermetall GmbH;Metallindustrie;Aluminum- und Metallschmelzwerk und Metallgroßhandel;unbekannt;1;Beckacker Schulstr. 35a;Oberbarmen;Oberbarmen;;7.2327188;51.2866634;strassengenau;;557;31.3.1944;1944-03-31;1944-06-30;Westarbeiter;41;41;
477;Wuppermetall GmbH;Metallindustrie;Aluminum- und Metallschmelzwerk und Metallgroßhandel;unbekannt;1;Beckacker Schulstr. 35a;Oberbarmen;Oberbarmen;;7.2327188;51.2866634;strassengenau;;557;31.3.1944;1944-03-31;1944-06-30;Ostarbeiter;6;;6
477;Wuppermetall GmbH;Metallindustrie;Aluminum- und Metallschmelzwerk und Metallgroßhandel;unbekannt;1;Beckacker Schulstr. 35a;Oberbarmen;Oberbarmen;;7.2327188;51.2866634;strassengenau;;557;31.3.1944;1944-03-31;1944-06-30;nicht-russische Kriegsgefangene;30;;
477;Wuppermetall GmbH;Metallindustrie;Aluminum- und Metallschmelzwerk und Metallgroßhandel;unbekannt;1;Beckacker Schulstr. 35a;Oberbarmen;Oberbarmen;;7.2327188;51.2866634;strassengenau;;557;30.6.1944;1944-06-30;1944-12-31;Deutsche;66;54;12
477;Wuppermetall GmbH;Metallindustrie;Aluminum- und Metallschmelzwerk und Metallgroßhandel;unbekannt;1;Beckacker Schulstr. 35a;Oberbarmen;Oberbarmen;;7.2327188;51.2866634;strassengenau;;557;30.6.1944;1944-06-30;1944-12-31;Westarbeiter;44;44;
477;Wuppermetall GmbH;Metallindustrie;Aluminum- und Metallschmelzwerk und Metallgroßhandel;unbekannt;1;Beckacker Schulstr. 35a;Oberbarmen;Oberbarmen;;7.2327188;51.2866634;strassengenau;;557;30.6.1944;1944-06-30;1944-07-05;Ostarbeiter;7;;7
477;Wuppermetall GmbH;Metallindustrie;Aluminum- und Metallschmelzwerk und Metallgroßhandel;unbekannt;1;Beckacker Schulstr. 35a;Oberbarmen;Oberbarmen;;7.2327188;51.2866634;strassengenau;;557;30.6.1944;1944-06-30;1944-12-31;nicht-russische Kriegsgefangene;31;;
477;Wuppermetall GmbH;Metallindustrie;Aluminum- und Metallschmelzwerk und Metallgroßhandel;unbekannt;1;Beckacker Schulstr. 35a;Oberbarmen;Oberbarmen;;7.2327188;51.2866634;strassengenau;;557;5.7.1944;1944-07-05;1944-12-31;Ostarbeiter;;;
477;Wuppermetall GmbH;Metallindustrie;Aluminum- und Metallschmelzwerk und Metallgroßhandel;unbekannt;1;Beckacker Schulstr. 35a;Oberbarmen;Oberbarmen;;7.2327188;51.2866634;strassengenau;;557;31.12.1944;1944-12-31;1945-05-08;Deutsche;58;45;13
477;Wuppermetall GmbH;Metallindustrie;Aluminum- und Metallschmelzwerk und Metallgroßhandel;unbekannt;1;Beckacker Schulstr. 35a;Oberbarmen;Oberbarmen;;7.2327188;51.2866634;strassengenau;;557;31.12.1944;1944-12-31;1945-05-08;Westarbeiter;41;41;
477;Wuppermetall GmbH;Metallindustrie;Aluminum- und Metallschmelzwerk und Metallgroßhandel;unbekannt;1;Beckacker Schulstr. 35a;Oberbarmen;Oberbarmen;;7.2327188;51.2866634;strassengenau;;557;31.12.1944;1944-12-31;1945-05-08;Ostarbeiter;9;7;2
477;Wuppermetall GmbH;Metallindustrie;Aluminum- und Metallschmelzwerk und Metallgroßhandel;unbekannt;1;Beckacker Schulstr. 35a;Oberbarmen;Oberbarmen;;7.2327188;51.2866634;strassengenau;;557;31.12.1944;1944-12-31;1945-05-08;nicht-russische Kriegsgefangene;27;;
478;Hugo Wippermann;Ziegelei;Wuppertaler Dampfziegelei;nein;1;Beule 20;Wichlinghausen;Oberbarmen;;7.2282063;51.2871693;strassengenau;;557;27.4.1943;1943-04-27;1945-05-08;Polen;;;
478;Hugo Wippermann;Ziegelei;Wuppertaler Dampfziegelei;nein;1;Beule 20;Wichlinghausen;Oberbarmen;;7.2282063;51.2871693;strassengenau;;557;27.4.1943;1943-04-27;1945-05-08;Belgier;;;
478;Hugo Wippermann;Ziegelei;Wuppertaler Dampfziegelei;nein;1;Beule 20;Wichlinghausen;Oberbarmen;;7.2282063;51.2871693;strassengenau;;557;30.6.1944;1944-06-30;1945-05-08;Ausländer ohne Nationalitätenangabe;22;19;3
478;Hugo Wippermann;Ziegelei;Wuppertaler Dampfziegelei;nein;1;Beule 20;Wichlinghausen;Oberbarmen;;7.2282063;51.2871693;strassengenau;;557;;;1945-05-08;Westarbeiter;;;
479;Ed. Zimmermann & Bauer;Textilindustrie;Bandfabrik, Textilfabrik;nein;1;Uellendahler Str. 160;Elberfeld;Uellendahl-Katernberg;;7.1494814;51.2728979;hausgenau;;557;;;1945-05-08;Westarbeiter;26;2;24
480;W. Zimmerstädt;xxx;Fabrik für Heizungs- und Lüftungsanlagen;nein;1;Holzer Straße 5;Elberfeld;Elberfeld;;7.1473371;51.2511344;hausgenau;;558;;;1945-05-08;Westarbeiter;5;5;
481;Robert Zinn, Engels & Co.;Metallindustrie;Metall u. Kaltwalzwerke;nein;1;Lenneper Str. 35;Barmen;Heckinghausen;;7.2334827;51.2682615;hausgenau;;558;13.8.1942;1942-08-13;1942-10-28;Ostarbeiter;24;12;12
481;Robert Zinn, Engels & Co.;Metallindustrie;Metall u. Kaltwalzwerke;nein;1;Lenneper Str. 35;Barmen;Heckinghausen;;7.2334827;51.2682615;hausgenau;;558;28.10.1942;1942-10-28;1943-04-27;Ostarbeiter;19;10;9
481;Robert Zinn, Engels & Co.;Metallindustrie;Metall u. Kaltwalzwerke;nein;1;Lenneper Str. 35;Barmen;Heckinghausen;;7.2334827;51.2682615;hausgenau;;558;27.4.1943;1943-04-27;1944-01-31;Ostarbeiter;22;12;10
481;Robert Zinn, Engels & Co.;Metallindustrie;Metall u. Kaltwalzwerke;nein;1;Lenneper Str. 35;Barmen;Heckinghausen;;7.2334827;51.2682615;hausgenau;;558;27.4.1943;1943-04-27;1945-05-08;Franzosen;;;
481;Robert Zinn, Engels & Co.;Metallindustrie;Metall u. Kaltwalzwerke;nein;1;Lenneper Str. 35;Barmen;Heckinghausen;;7.2334827;51.2682615;hausgenau;;558;27.4.1943;1943-04-27;1945-05-08;Belgier;;;
481;Robert Zinn, Engels & Co.;Metallindustrie;Metall u. Kaltwalzwerke;nein;1;Lenneper Str. 35;Barmen;Heckinghausen;;7.2334827;51.2682615;hausgenau;;558;31.1.1944;1944-01-31;1944-06-30;Deutsche;233;159;74
481;Robert Zinn, Engels & Co.;Metallindustrie;Metall u. Kaltwalzwerke;nein;1;Lenneper Str. 35;Barmen;Heckinghausen;;7.2334827;51.2682615;hausgenau;;558;31.1.1944;1944-01-31;1944-06-30;Westarbeiter;9;9;
481;Robert Zinn, Engels & Co.;Metallindustrie;Metall u. Kaltwalzwerke;nein;1;Lenneper Str. 35;Barmen;Heckinghausen;;7.2334827;51.2682615;hausgenau;;558;31.1.1944;1944-01-31;1944-03-11;Ostarbeiter;23;9;14
481;Robert Zinn, Engels & Co.;Metallindustrie;Metall u. Kaltwalzwerke;nein;1;Lenneper Str. 35;Barmen;Heckinghausen;;7.2334827;51.2682615;hausgenau;;558;11.3.1944;1944-03-11;1944-06-30;Ostarbeiter;21;10;11
481;Robert Zinn, Engels & Co.;Metallindustrie;Metall u. Kaltwalzwerke;nein;1;Lenneper Str. 35;Barmen;Heckinghausen;;7.2334827;51.2682615;hausgenau;;558;30.6.1944;1944-06-30;1944-12-31;Deutsche;232;156;76
481;Robert Zinn, Engels & Co.;Metallindustrie;Metall u. Kaltwalzwerke;nein;1;Lenneper Str. 35;Barmen;Heckinghausen;;7.2334827;51.2682615;hausgenau;;558;30.6.1944;1944-06-30;1944-12-31;Westarbeiter;5;5;
481;Robert Zinn, Engels & Co.;Metallindustrie;Metall u. Kaltwalzwerke;nein;1;Lenneper Str. 35;Barmen;Heckinghausen;;7.2334827;51.2682615;hausgenau;;558;30.6.1944;1944-06-30;1944-12-31;Ostarbeiter;22;10;12
481;Robert Zinn, Engels & Co.;Metallindustrie;Metall u. Kaltwalzwerke;nein;1;Lenneper Str. 35;Barmen;Heckinghausen;;7.2334827;51.2682615;hausgenau;;558;31.12.1944;1944-12-31;1945-05-08;Deutsche;227;146;81
481;Robert Zinn, Engels & Co.;Metallindustrie;Metall u. Kaltwalzwerke;nein;1;Lenneper Str. 35;Barmen;Heckinghausen;;7.2334827;51.2682615;hausgenau;;558;31.12.1944;1944-12-31;1945-05-08;Westarbeiter;25;25;
481;Robert Zinn, Engels & Co.;Metallindustrie;Metall u. Kaltwalzwerke;nein;1;Lenneper Str. 35;Barmen;Heckinghausen;;7.2334827;51.2682615;hausgenau;;558;31.12.1944;1944-12-31;1945-05-08;Ostarbeiter;39;12;27
482;Alfred Zwanzig;Kunststoffindustrie;Gummibandfabrik;nein;1;Wichlinghauser Str. 138 a,b;Barmen;Oberbarmen;;7.2155701;51.2827865;hausgenau;;558;11.3.1944;1944-03-11;1944-07-05;Ostarbeiter;;;
482;Alfred Zwanzig;Kunststoffindustrie;Gummibandfabrik;nein;1;Wichlinghauser Str. 138 a,b;Barmen;Oberbarmen;;7.2155701;51.2827865;hausgenau;;558;5.7.1944;1944-07-05;1945-05-08;Ostarbeiter;;;
363a;G. H. Sachsenröder;Textilindustrie;chem. tech. Pflanzenfaserveredelung;;1;Friedrich-Engels-Allee 357;Barmen;Barmen;;7.1870789;51.2662954;hausgenau;;546;;;1945-05-08;Italiener;;2;
